Age,Branch,College_Tier,CGPA,Attendance_Percentage,DSA_Problems_Solved,Aptitude_Score,Projects_Count,Internships_Count,Certifications_Count,Hackathons_Participated,Competitive_Programming_Rating,Study_Hours_Per_Week,Soft_Skills_Score,Leadership_Experience,Placement_Status,LinkedIn_Profile
22,Mechanical,3,6.25,67.07,54,25,4,1,3,2,21,11,62,0,0,1
21,Mechanical,3,7.53,87.69,115,49,2,0,1,1,24,9,39,0,0,0
23,IT,3,7.9,82.78,268,47,3,3,4,5,73,41,55,0,1,1
22,CSE,3,7.0,67.11,163,27,5,2,4,2,47,34,60,1,1,1
19,AIML,2,6.23,78.93,221,24,2,0,2,4,50,14,61,0,1,1
25,IT,3,6.61,73.82,206,23,1,0,5,2,47,10,66,0,0,1
22,EEE,2,7.84,82.78,182,38,3,1,1,4,25,12,65,0,0,1
22,CSE,3,7.32,79.99,212,44,3,0,4,1,57,7,61,0,0,1
19,Mechanical,2,6.5,60.64,210,23,3,0,1,2,27,5,46,1,0,1
21,AIML,3,6.94,76.1,159,28,7,2,7,2,63,15,49,0,0,1
21,Mechanical,2,8.16,75.62,152,63,5,4,3,1,17,30,46,0,1,1
24,Chemical,3,7.52,87.59,83,38,6,2,3,2,23,14,59,1,0,1
22,CSE,2,6.61,64.57,262,44,2,0,5,5,57,15,54,0,1,1
23,Civil,2,7.72,79.65,141,44,2,1,0,0,24,16,50,0,1,1
21,Mechanical,3,6.87,63.41,63,35,6,3,3,1,14,24,24,0,0,1
20,Civil,2,6.95,87.38,118,49,2,1,2,1,28,22,39,0,1,1
21,IT,3,7.46,77.86,205,36,4,2,1,1,62,20,54,0,1,1
19,Civil,3,6.42,66.81,107,35,3,2,0,2,22,22,41,0,0,1
23,ECE,3,6.98,82.4,55,20,3,1,2,2,5,10,43,0,0,1
22,CSE,3,8.24,88.71,215,29,5,1,1,5,70,16,60,0,1,1
22,Chemical,2,9.6,83.53,170,38,6,4,4,2,19,33,56,1,1,1
21,Chemical,3,5.89,67.43,136,13,3,0,2,1,22,13,33,0,0,1
25,CSE,3,6.6,62.93,139,52,3,1,4,2,45,18,40,0,1,1
23,ECE,1,8.71,70.75,217,37,2,1,3,2,20,30,59,0,1,1
22,Chemical,3,6.28,61.02,51,29,2,2,2,3,11,14,51,0,0,1
20,ECE,1,7.64,82.35,170,51,5,1,5,3,34,23,52,1,1,0
21,ECE,2,9.03,87.13,140,68,6,1,5,3,22,31,57,0,1,1
19,CSE,2,6.88,64.21,270,34,8,2,5,3,92,24,38,1,1,1
20,IT,3,7.14,81.36,180,35,2,1,6,7,49,25,48,0,0,1
22,ECE,1,6.66,69.01,166,18,1,1,3,3,22,26,45,1,0,1
22,Mechanical,3,7.93,71.13,163,19,6,0,5,2,18,10,44,0,0,1
24,ECE,2,5.98,72.26,92,44,2,0,3,1,24,19,60,1,0,1
20,EEE,2,6.91,71.41,131,35,2,0,1,1,33,14,53,0,1,1
21,CSE,3,6.25,57.1,237,40,4,0,5,1,64,20,49,0,1,1
21,Mechanical,2,7.23,70.41,95,43,4,1,5,2,26,18,33,1,0,1
20,CSE,2,9.08,69.14,283,37,2,0,2,3,84,32,61,0,1,0
19,EEE,2,7.83,62.59,111,30,3,1,5,1,14,19,68,1,0,1
21,Civil,2,7.7,69.99,191,47,1,2,1,1,27,28,51,0,0,1
20,Mechanical,3,7.6,73.47,147,45,3,0,4,2,23,9,41,1,0,1
22,CSE,1,7.73,65.0,276,55,5,4,3,5,64,18,48,0,1,0
21,Civil,3,8.44,77.28,153,35,5,0,3,4,35,34,52,1,0,1
23,CSE,2,8.16,76.53,319,32,4,3,2,6,91,22,52,1,1,1
22,CSE,3,6.24,74.74,175,34,3,0,4,1,40,0,72,0,0,1
20,Civil,2,8.33,75.1,244,62,1,3,8,2,35,27,52,1,0,1
23,CSE,1,7.95,80.35,281,62,4,0,4,2,82,16,54,0,1,1
22,ECE,3,7.74,80.27,69,28,2,0,3,1,10,24,53,0,1,1
21,Chemical,1,6.04,58.3,157,32,3,1,2,2,27,18,57,0,0,1
20,AIML,2,7.5,86.18,262,57,5,2,2,4,68,37,67,1,1,1
22,Mechanical,3,7.23,81.68,121,47,2,1,2,2,33,22,46,0,0,1
20,EEE,3,6.76,69.45,71,15,1,1,6,0,14,20,28,0,0,0
20,IT,2,8.41,70.03,220,57,4,3,3,2,77,27,52,1,1,1
18,ECE,3,5.96,74.96,160,21,2,1,1,1,14,10,57,0,1,1
22,IT,3,9.92,76.8,297,59,6,1,6,5,88,19,58,1,1,1
22,Civil,3,6.4,62.9,147,39,1,0,3,3,29,6,52,0,0,1
22,Mechanical,3,7.75,72.27,112,51,1,0,7,2,21,14,32,0,0,1
22,IT,1,7.93,83.75,291,42,1,1,3,7,72,16,62,1,1,1
21,Mechanical,3,8.34,86.93,125,49,4,1,3,1,25,9,54,0,0,1
21,ECE,1,9.17,92.37,204,50,7,1,6,2,25,21,64,0,1,1
20,Mechanical,2,7.13,71.06,139,40,5,1,1,2,26,26,35,0,0,1
19,CSE,2,7.65,73.31,200,59,4,3,3,4,72,27,49,0,1,1
22,IT,2,7.14,71.71,242,42,3,0,3,4,74,11,50,1,1,1
21,IT,2,6.68,66.84,190,23,4,1,3,1,55,19,64,1,1,1
21,EEE,1,7.78,70.14,192,45,3,5,4,1,29,11,67,0,1,1
22,AIML,3,7.33,70.38,220,34,6,1,6,3,51,17,63,0,1,0
22,ECE,3,7.36,86.68,179,50,5,0,4,1,38,6,54,0,1,0
21,Chemical,2,7.18,66.95,183,47,4,1,2,1,20,25,55,0,1,1
21,CSE,3,7.64,75.97,255,47,1,1,5,3,71,0,34,1,0,1
20,ECE,3,8.01,79.87,96,26,5,0,3,2,25,28,48,0,0,1
19,CSE,2,6.47,85.55,197,37,3,2,2,1,47,10,71,0,1,1
21,EEE,2,8.02,77.77,215,28,1,0,4,2,39,19,61,0,0,1
20,AIML,3,8.68,75.82,247,33,5,2,4,4,71,17,45,0,1,1
21,Civil,2,6.42,63.65,62,31,4,0,0,2,8,2,69,0,0,1
23,IT,2,7.63,68.16,178,48,9,0,5,6,55,27,66,1,1,1
20,Chemical,2,7.89,75.16,116,46,4,0,0,3,27,16,47,0,0,1
19,CSE,3,8.02,73.5,247,36,2,1,3,7,67,20,39,0,1,1
20,Civil,2,8.26,76.03,150,45,6,2,2,2,30,22,43,0,0,1
20,AIML,3,8.37,80.86,192,65,3,0,2,2,52,21,31,0,0,1
22,AIML,3,7.47,69.31,181,31,5,0,5,1,57,11,63,0,1,1
21,Civil,2,6.65,73.92,247,11,1,1,2,2,36,23,54,0,0,1
22,IT,3,7.05,79.82,268,36,3,3,2,4,64,17,49,0,1,1
22,EEE,2,8.73,65.14,198,34,0,2,1,2,33,25,58,0,1,1
21,Mechanical,3,6.6,72.36,86,38,4,0,1,1,18,16,56,0,0,1
22,IT,2,7.94,85.46,204,22,3,1,4,4,87,2,38,0,0,1
20,CSE,3,8.07,78.77,213,17,4,0,7,6,66,17,52,0,1,1
18,Chemical,2,8.02,71.28,171,34,2,0,4,1,34,29,64,0,1,1
19,EEE,2,8.29,80.84,105,58,2,1,6,1,16,25,53,0,1,1
22,Civil,3,7.32,69.77,410,32,3,0,6,0,60,0,36,0,0,1
21,Mechanical,3,7.26,79.43,70,49,2,0,2,3,17,37,35,1,0,1
20,Mechanical,3,8.89,81.76,150,48,2,0,3,1,37,19,66,0,0,1
21,EEE,2,9.18,92.73,220,28,2,0,7,1,45,34,42,1,1,1
20,CSE,2,8.73,77.21,228,47,3,2,10,2,57,25,29,0,1,1
22,Civil,1,8.22,79.41,182,60,0,0,1,0,33,20,65,0,0,1
21,Civil,1,7.26,70.86,283,42,2,1,3,1,39,18,50,0,1,1
21,Mechanical,3,7.47,74.65,152,55,1,3,3,2,26,25,47,1,0,1
20,Civil,3,7.24,67.21,84,40,2,0,4,0,20,23,61,1,0,1
22,CSE,2,8.44,86.26,212,62,3,0,5,2,84,18,43,0,1,1
21,AIML,2,7.83,76.73,190,46,5,1,7,3,61,21,45,0,1,1
19,CSE,1,8.25,76.63,269,23,0,1,5,3,72,21,56,1,1,1
19,EEE,2,7.47,80.29,128,27,3,0,2,0,28,18,62,0,0,1
24,ECE,3,5.23,77.47,83,41,4,0,2,2,12,19,63,1,0,1
23,CSE,2,8.62,93.48,221,37,5,1,3,4,75,31,54,0,1,1
22,EEE,2,7.45,67.92,158,40,3,2,1,3,26,16,53,0,1,1
20,IT,2,8.32,81.52,295,49,4,0,5,0,85,1,47,0,1,1
24,ECE,1,7.46,80.58,177,38,6,0,4,2,27,23,76,0,1,1
22,AIML,2,8.88,77.81,213,42,7,1,1,4,53,17,50,1,1,1
22,CSE,1,7.3,68.88,269,45,8,3,1,1,79,28,48,0,1,1
21,ECE,2,7.44,82.04,151,39,5,0,1,2,22,23,49,1,1,1
20,AIML,3,7.36,67.19,176,50,4,0,4,3,60,22,47,0,1,1
19,IT,2,6.22,72.79,190,18,4,2,4,5,48,14,50,1,1,1
23,IT,3,7.7,69.77,230,34,4,1,6,3,71,10,43,0,0,1
21,Chemical,1,8.45,77.4,193,68,5,2,4,1,28,28,54,0,1,1
20,CSE,2,7.86,64.32,185,64,8,1,4,3,38,18,43,0,1,1
20,AIML,3,9.32,72.6,296,50,3,0,4,5,75,33,52,1,1,1
21,Mechanical,2,6.74,58.92,106,21,2,2,2,4,10,16,52,0,0,1
20,AIML,1,6.28,88.8,216,47,4,1,7,3,66,14,44,0,1,1
23,ECE,2,6.49,60.7,88,64,1,0,3,1,25,1,34,0,0,1
22,Mechanical,1,7.82,81.21,182,23,4,2,2,4,30,9,74,0,1,1
22,CSE,3,8.37,71.48,211,57,5,3,3,3,68,18,31,0,1,1
21,Chemical,1,7.9,58.63,209,50,7,5,1,1,24,33,59,1,1,1
22,ECE,1,7.33,75.31,202,27,2,3,1,5,30,27,56,0,1,1
21,Mechanical,3,8.62,95.65,233,59,4,0,1,1,38,21,50,0,0,1
22,Chemical,2,7.4,68.23,81,26,1,1,0,6,10,8,45,0,1,1
19,Civil,2,6.33,83.17,83,28,4,3,3,3,13,11,53,0,1,1
21,AIML,2,8.35,90.5,218,42,4,2,4,1,60,29,64,0,1,1
19,ECE,3,7.9,67.75,91,27,5,1,5,4,23,17,69,1,0,1
21,IT,3,7.55,62.08,209,40,2,3,8,3,73,18,20,0,0,1
20,ECE,3,8.73,72.44,106,32,5,2,6,0,22,24,52,1,1,1
20,Mechanical,2,7.41,81.35,106,33,2,1,1,4,18,19,55,0,0,1
19,IT,2,7.74,60.64,230,59,2,1,2,3,79,21,70,0,1,1
21,ECE,3,6.52,74.33,218,45,3,0,2,3,38,13,58,0,1,1
20,EEE,3,6.75,72.29,53,44,5,1,5,3,18,16,30,0,0,1
24,AIML,2,7.1,68.11,177,51,2,0,6,5,54,32,45,1,1,1
21,EEE,2,8.09,72.43,154,63,4,1,4,1,28,10,40,0,1,1
20,CSE,2,6.93,70.89,202,15,2,3,6,6,54,12,54,0,1,1
21,EEE,1,7.67,75.16,273,45,1,0,4,2,33,28,57,1,1,1
18,CSE,2,7.31,84.88,236,26,0,2,3,1,56,23,51,0,1,1
24,Mechanical,3,7.31,70.47,82,30,1,0,1,0,12,6,45,0,0,1
21,CSE,3,6.7,70.77,201,19,4,1,9,4,80,19,43,0,0,0
22,EEE,1,7.57,78.57,199,68,4,2,7,2,50,17,47,1,1,1
19,EEE,2,6.52,63.93,150,10,3,1,4,3,25,14,60,0,0,1
21,ECE,1,7.72,85.94,296,43,4,3,1,4,40,16,59,0,1,1
21,EEE,2,7.48,68.09,121,62,3,2,1,2,30,11,40,0,0,1
24,Civil,2,7.56,77.49,140,39,2,1,5,1,35,13,59,0,1,1
21,CSE,1,8.23,74.47,294,10,4,2,4,4,88,8,54,1,1,1
21,Mechanical,3,8.89,78.47,96,77,4,3,4,2,23,26,48,1,1,1
20,IT,3,5.94,83.01,195,57,5,2,1,3,71,1,45,0,0,1
20,Mechanical,3,7.03,74.34,56,24,4,1,0,0,24,15,49,0,0,1
21,Civil,3,6.57,66.13,63,49,4,3,2,1,19,9,61,0,0,1
21,EEE,3,7.61,67.86,64,45,1,0,2,1,8,29,26,0,0,1
18,CSE,3,7.95,84.29,213,25,5,0,3,2,70,4,39,0,0,1
23,IT,3,6.32,73.35,279,47,2,1,2,3,75,14,51,0,0,1
23,ECE,2,7.77,71.31,133,35,3,2,4,2,25,6,30,0,1,1
20,CSE,2,8.24,84.06,205,46,3,2,10,3,72,24,47,0,1,1
21,EEE,2,7.86,69.4,117,51,1,2,4,3,22,20,52,0,1,0
19,Mechanical,3,7.06,66.46,81,44,1,1,1,2,18,14,51,0,0,1
22,Mechanical,1,8.32,75.61,173,52,1,1,4,1,40,21,49,1,1,1
20,CSE,2,7.28,71.19,235,24,5,0,4,3,74,10,33,1,1,1
22,Mechanical,3,8.12,63.66,77,8,2,3,3,3,18,34,43,0,0,1
22,IT,1,8.05,72.14,248,34,5,2,2,1,75,19,56,1,1,1
22,AIML,2,7.34,77.4,259,51,3,0,3,1,70,12,42,0,0,1
19,ECE,3,6.28,67.4,136,17,1,0,5,1,24,13,38,1,1,1
23,EEE,2,7.51,73.77,171,39,5,0,5,2,21,19,49,1,1,1
20,ECE,1,6.84,64.71,164,40,8,0,1,2,43,13,54,1,1,1
19,Civil,3,6.43,72.53,66,32,2,0,0,5,24,14,57,1,0,1
21,CSE,3,7.05,76.0,242,55,5,0,7,3,90,26,63,1,1,1
21,IT,2,7.44,83.62,294,32,3,1,5,1,81,26,59,0,1,1
23,AIML,2,6.48,68.48,188,32,4,1,3,3,53,8,59,0,1,1
22,CSE,2,7.36,71.72,185,42,4,3,2,4,62,17,68,1,1,1
20,IT,2,7.3,77.79,228,41,4,0,3,1,76,10,75,1,1,1
24,Mechanical,3,6.84,70.81,193,16,3,1,1,2,28,16,33,0,0,1
20,ECE,3,7.13,77.23,120,57,1,1,2,1,24,19,46,0,0,1
21,IT,3,7.9,80.38,212,56,2,1,2,5,58,24,44,0,1,1
20,ECE,2,7.17,65.46,196,26,4,0,2,1,27,15,63,0,0,1
24,IT,3,7.84,67.28,213,49,3,0,4,0,75,3,30,1,0,1
20,CSE,3,7.28,69.23,256,34,4,1,5,2,74,2,22,0,0,1
19,EEE,2,8.37,64.71,155,57,3,1,5,1,27,26,70,0,1,1
21,Mechanical,3,8.04,88.72,99,63,3,0,4,0,11,30,61,0,0,1
25,Mechanical,2,7.32,64.5,101,18,5,0,4,2,21,13,64,0,0,1
23,AIML,3,6.77,79.75,191,59,2,0,4,3,61,12,43,0,1,1
22,ECE,3,7.76,67.63,98,63,2,1,3,1,24,21,39,1,1,1
23,ECE,1,7.3,80.92,178,26,1,1,3,1,26,7,49,0,1,1
23,Mechanical,3,6.02,77.54,66,0,2,0,2,1,8,7,47,1,0,1
21,CSE,2,8.13,63.86,230,44,2,1,9,2,65,28,40,0,1,1
20,CSE,2,6.98,71.56,207,41,1,1,4,2,82,29,66,1,1,1
22,Chemical,2,5.74,80.34,164,16,2,1,6,1,36,3,43,0,0,1
22,CSE,3,7.29,74.03,231,27,3,1,7,3,66,23,45,0,0,1
21,Chemical,2,8.3,82.87,130,53,3,2,2,0,21,20,48,0,0,1
19,EEE,3,6.85,73.74,263,36,0,0,7,4,35,5,41,1,1,0
22,ECE,2,7.2,79.28,103,29,0,3,2,2,26,25,50,0,1,1
20,CSE,2,7.92,84.22,212,52,1,2,2,2,64,27,54,0,1,1
24,Civil,2,7.11,71.47,138,39,2,2,3,1,23,10,38,0,1,1
20,CSE,1,7.66,74.55,243,67,7,3,7,3,63,23,49,0,1,1
19,IT,3,8.11,73.77,172,73,5,1,6,4,45,35,58,0,1,1
23,CSE,2,8.08,67.18,330,47,1,1,5,3,72,21,48,0,1,1
20,CSE,3,7.54,79.05,236,39,3,3,2,1,68,2,59,0,1,1
20,Mechanical,3,5.93,69.55,29,31,3,2,2,4,18,13,44,1,0,1
21,AIML,2,8.0,84.41,251,34,5,0,6,7,56,26,61,1,1,1
23,EEE,2,7.16,86.55,144,44,2,0,0,3,27,15,59,0,1,1
20,Mechanical,2,7.92,71.57,116,31,1,2,5,2,21,19,53,1,0,1
20,ECE,3,6.06,66.51,124,34,1,0,2,1,28,18,43,0,0,1
22,EEE,3,8.15,71.74,98,35,6,1,2,1,23,33,34,0,0,1
25,AIML,2,6.79,81.87,167,25,3,4,4,5,62,14,54,0,1,1
21,Mechanical,1,8.12,66.36,211,37,3,2,0,1,29,21,64,0,1,1
20,AIML,3,8.14,78.46,193,38,3,2,5,5,59,26,40,0,1,1
18,EEE,3,7.68,64.19,126,46,4,0,5,2,19,39,62,1,0,1
20,Civil,2,7.83,85.36,206,47,1,2,6,0,43,8,59,1,1,1
20,Mechanical,2,7.58,79.34,159,41,5,1,2,1,22,26,55,1,1,1
22,CSE,2,6.46,66.26,176,37,4,1,3,3,49,23,41,1,1,0
19,IT,3,8.48,89.73,213,52,5,2,4,2,63,21,49,0,1,1
21,Civil,3,8.28,70.91,230,34,7,3,5,3,43,20,49,0,1,1
22,Civil,2,7.17,73.82,137,39,4,1,4,1,27,5,52,1,0,1
21,EEE,3,4.44,50.0,38,18,2,1,1,1,18,8,49,0,0,0
20,CSE,3,8.21,80.65,209,35,8,1,1,2,59,20,43,0,1,1
22,IT,1,6.2,67.36,431,44,6,1,6,6,100,5,58,0,1,1
22,Chemical,1,8.2,74.68,213,69,4,2,5,2,31,6,45,0,1,1
22,CSE,2,6.88,65.27,236,52,3,2,5,3,80,15,56,0,1,1
20,Mechanical,3,7.76,67.11,122,53,4,1,3,2,11,28,47,1,0,1
19,IT,1,6.89,68.23,278,41,5,0,3,2,68,21,73,0,1,1
24,Mechanical,3,7.35,82.56,172,42,1,0,2,3,35,21,64,0,0,1
21,CSE,1,6.3,73.02,246,37,2,3,4,5,61,24,55,0,1,1
20,CSE,3,7.36,67.48,216,45,4,1,6,3,76,12,57,1,0,1
21,IT,3,7.35,57.94,155,54,5,2,2,3,50,29,50,0,1,1
22,Civil,1,8.36,90.48,231,42,3,4,5,0,26,26,61,0,1,1
24,Mechanical,3,6.94,54.91,59,38,9,1,3,5,16,13,46,0,0,1
20,EEE,3,7.59,82.21,76,55,4,3,3,0,21,19,63,0,1,1
24,Chemical,1,7.41,77.18,225,31,5,3,2,3,31,24,72,0,1,1
18,IT,2,7.89,73.84,253,36,4,3,3,0,88,20,46,1,1,1
21,Civil,3,7.68,70.56,82,34,7,1,4,0,21,15,56,0,0,1
22,CSE,3,8.1,81.27,187,39,8,2,2,4,55,12,63,1,1,1
19,CSE,2,6.5,78.47,165,47,2,0,3,2,59,0,72,1,1,1
20,ECE,1,7.67,82.27,278,66,4,3,2,1,40,12,57,0,1,1
21,Chemical,2,7.74,82.58,184,32,2,5,2,1,28,12,58,0,1,1
24,Mechanical,2,9.05,68.38,132,31,5,0,6,3,26,19,57,0,1,1
21,CSE,3,9.04,74.15,242,42,4,1,6,1,85,23,64,0,1,1
24,Chemical,3,6.19,65.39,67,33,3,2,0,2,16,15,63,0,1,1
22,Mechanical,3,6.83,72.26,65,31,1,1,3,1,19,35,56,0,0,1
21,Mechanical,3,5.23,68.72,42,32,2,0,2,1,14,18,60,0,0,1
22,ECE,1,9.62,88.27,236,51,3,1,0,3,32,25,54,1,1,1
18,IT,2,7.77,74.68,187,54,4,1,3,3,48,8,57,0,1,1
19,CSE,2,7.99,81.06,208,48,5,3,3,2,59,7,48,0,1,1
23,EEE,3,7.08,70.19,165,5,1,1,4,3,25,8,59,0,0,1
22,CSE,3,7.35,87.92,245,25,5,4,3,4,67,7,52,0,1,1
20,EEE,3,8.31,72.15,138,41,3,0,2,2,25,33,38,0,1,1
21,ECE,2,6.61,66.59,108,15,5,2,1,1,21,20,54,0,1,1
21,EEE,3,6.39,72.33,69,39,6,2,2,1,18,0,34,0,1,1
23,Civil,2,7.3,81.47,157,50,6,1,1,2,20,24,53,1,1,1
21,IT,2,7.51,68.63,184,43,7,1,5,3,55,18,43,0,1,1
21,ECE,3,7.82,72.99,116,39,5,1,4,3,10,5,56,0,0,1
21,CSE,2,7.52,71.54,172,38,2,2,3,2,56,18,61,1,1,1
21,AIML,3,6.63,64.04,160,25,2,0,4,1,59,24,32,1,0,1
22,CSE,2,7.18,69.13,221,37,6,1,0,3,45,11,51,0,1,1
23,CSE,2,7.65,69.72,329,27,2,2,4,3,80,17,48,0,1,1
21,ECE,2,8.06,85.14,155,37,5,0,3,0,25,6,56,0,1,1
20,IT,3,8.2,77.42,243,35,3,3,3,3,86,24,42,0,1,1
20,Chemical,2,7.27,69.76,199,29,1,0,2,0,29,12,39,0,0,1
22,CSE,1,7.15,85.99,262,66,5,1,7,2,71,24,46,1,1,1
22,CSE,3,6.59,83.81,146,31,2,1,4,3,62,20,48,0,1,1
19,Mechanical,2,8.49,89.26,129,51,2,4,1,4,18,18,69,1,1,1
19,CSE,2,7.13,69.71,231,36,4,3,3,3,72,20,47,0,1,1
21,EEE,3,6.7,78.71,75,21,3,0,1,1,26,16,39,0,0,0
20,Mechanical,1,7.89,90.29,235,46,6,2,2,1,27,10,43,1,1,1
23,EEE,2,8.87,75.67,170,30,6,4,2,5,30,12,56,1,1,1
20,AIML,3,6.56,69.52,148,37,1,0,4,1,44,17,46,0,0,1
20,CSE,1,8.25,73.38,283,48,3,2,6,1,75,20,72,0,1,1
24,Chemical,2,7.11,74.32,182,35,0,1,0,3,25,34,45,0,1,1
20,Civil,2,7.59,87.1,133,26,4,1,4,4,24,7,57,0,1,1
20,Mechanical,2,8.19,76.69,212,53,0,2,6,1,27,15,59,0,0,0
20,CSE,3,8.38,72.92,185,64,4,4,7,4,49,32,51,0,1,1
19,ECE,3,6.9,71.41,388,8,5,1,5,3,54,26,55,1,1,1
18,Mechanical,2,8.14,84.34,143,34,5,1,5,2,21,19,73,0,1,1
19,CSE,2,7.7,54.85,273,27,6,4,4,2,79,24,53,0,1,1
20,Chemical,1,8.09,78.62,298,35,5,0,4,1,35,21,59,0,1,1
19,Chemical,2,8.55,75.79,219,41,4,4,3,3,26,12,54,0,0,1
21,CSE,3,6.75,67.05,177,33,3,1,3,0,63,36,46,1,0,1
22,CSE,3,8.01,63.33,249,67,6,1,5,3,56,28,50,0,1,1
21,IT,2,7.63,78.75,302,36,4,2,8,1,56,10,41,0,1,1
20,ECE,2,8.51,75.17,194,52,3,3,2,4,33,24,77,1,1,1
21,ECE,2,7.85,78.32,106,45,4,1,4,0,32,13,41,1,1,1
23,Mechanical,3,7.22,65.21,137,39,5,0,2,3,38,13,56,0,0,1
23,ECE,2,8.24,63.07,153,56,1,0,4,1,28,29,59,1,1,1
19,CSE,2,7.02,63.9,194,33,4,1,8,2,59,13,50,0,0,1
20,AIML,3,7.01,70.86,265,49,5,0,5,1,68,26,52,1,1,1
20,IT,1,7.11,60.04,233,60,5,2,3,4,74,21,60,1,1,1
20,ECE,3,6.82,72.83,138,24,1,0,3,2,31,20,27,0,0,1
21,Chemical,1,5.43,79.03,141,40,4,2,0,1,20,16,59,0,1,1
21,CSE,2,7.07,55.16,271,41,5,0,5,2,76,12,68,0,1,1
19,Mechanical,1,7.69,69.62,179,45,3,1,0,1,24,13,56,1,1,1
21,IT,3,8.0,74.37,251,40,2,1,11,3,58,32,47,0,1,1
21,Mechanical,3,6.57,69.66,65,46,1,0,1,0,10,24,53,0,0,1
19,AIML,1,7.32,82.61,282,19,2,0,8,6,65,32,37,1,1,1
23,IT,2,7.35,70.53,217,37,4,1,5,2,50,21,35,1,1,1
19,ECE,3,8.0,73.55,155,27,1,1,4,2,38,19,41,1,0,1
24,Mechanical,3,7.5,71.44,113,15,1,3,4,1,13,25,19,0,0,1
19,CSE,2,7.82,78.39,229,56,4,0,3,1,47,26,75,0,1,1
23,IT,3,8.1,87.44,191,25,2,2,4,2,62,8,53,0,0,1
23,ECE,1,8.18,76.18,272,64,2,2,3,3,40,19,47,1,1,1
25,EEE,3,6.84,82.6,162,42,0,0,3,2,27,15,46,0,0,1
22,CSE,3,8.8,78.83,328,50,6,1,6,3,80,17,70,0,1,1
22,CSE,2,5.88,59.98,188,20,1,1,2,2,64,15,57,0,1,1
22,Mechanical,1,8.51,85.04,185,57,2,1,1,1,32,16,55,0,1,1
22,IT,2,7.87,75.04,211,56,1,2,7,2,53,21,45,0,1,1
20,CSE,2,8.56,87.4,298,47,3,1,3,4,70,14,42,0,1,0
21,AIML,1,9.63,79.94,1076,87,12,2,0,3,91,23,65,1,1,1
21,EEE,3,6.93,78.7,52,35,4,3,2,1,17,9,59,0,0,1
23,Chemical,2,6.56,65.66,65,30,4,1,2,1,10,8,37,1,1,1
21,Mechanical,2,6.6,64.38,73,37,2,0,3,1,17,22,36,0,0,1
21,Mechanical,3,7.21,72.79,87,60,3,3,4,2,27,16,52,0,0,1
22,EEE,2,6.78,62.21,99,25,1,1,1,1,18,14,43,0,1,1
20,IT,2,6.9,64.49,210,50,3,0,2,3,56,12,54,0,1,1
20,Chemical,1,6.85,66.66,155,43,2,1,5,1,24,28,37,0,1,1
21,CSE,3,8.23,67.75,201,53,1,2,4,1,51,19,32,0,1,0
21,Mechanical,3,6.74,70.8,100,33,5,0,2,2,22,21,64,1,0,1
20,AIML,2,7.84,75.24,239,34,4,0,3,2,70,24,53,1,1,1
21,EEE,2,7.39,69.97,116,44,8,1,2,3,22,7,51,0,1,0
21,Chemical,3,7.64,65.72,77,33,2,0,3,0,21,26,62,0,0,1
20,Civil,3,7.13,66.99,162,40,4,1,2,0,34,28,53,1,0,1
21,Civil,2,8.16,77.7,125,41,2,1,3,3,12,27,52,0,0,1
22,Civil,2,8.02,73.93,209,51,2,0,0,4,36,7,68,0,0,1
20,ECE,2,8.53,77.99,230,56,3,2,4,0,26,19,67,0,1,1
24,IT,2,6.94,65.93,241,49,4,0,1,3,59,40,57,0,1,1
23,ECE,2,6.78,74.61,181,34,4,1,2,1,28,6,66,0,1,1
21,AIML,2,7.17,78.39,221,50,2,1,8,3,63,24,71,0,1,1
20,ECE,2,7.6,65.14,138,57,4,1,4,1,21,17,60,0,1,1
21,CSE,2,7.95,72.22,263,26,4,0,7,4,64,23,60,0,1,1
23,Civil,1,7.22,61.49,188,43,3,1,1,1,20,24,52,0,1,1
22,Mechanical,1,7.92,81.09,177,23,3,2,4,1,38,29,59,0,1,1
22,CSE,2,7.34,89.06,227,54,3,5,6,2,53,11,52,0,1,1
21,EEE,2,7.27,79.59,120,69,2,2,1,2,23,0,51,0,1,1
22,Mechanical,2,7.49,72.94,210,43,5,2,4,3,33,15,63,0,1,1
20,Civil,3,8.63,78.7,118,42,2,1,0,3,21,14,48,0,1,1
22,IT,3,8.02,79.66,161,44,1,0,6,3,49,14,66,1,1,1
20,EEE,3,8.24,67.52,199,38,0,1,1,3,31,11,56,0,1,1
22,AIML,3,7.66,74.88,163,25,10,4,5,3,71,13,37,0,1,1
23,Civil,2,9.0,78.61,125,20,2,0,2,2,22,19,50,0,0,0
20,Civil,3,8.11,74.36,109,33,4,2,6,3,31,11,36,0,0,1
21,CSE,3,6.14,66.65,137,27,5,1,0,3,51,2,55,0,1,1
19,AIML,2,8.12,76.58,222,36,4,2,5,3,65,15,61,0,1,1
22,CSE,2,7.79,67.86,214,41,3,0,4,3,71,14,42,0,1,1
19,IT,2,8.03,70.4,330,44,5,0,7,3,70,13,70,0,1,1
24,CSE,3,6.08,71.35,161,21,1,0,7,4,41,7,51,0,0,1
20,Mechanical,2,6.26,69.69,210,32,2,0,4,3,36,14,69,1,0,1
24,ECE,2,7.42,73.83,83,40,2,2,5,0,12,22,50,0,1,1
22,ECE,3,5.86,75.52,117,26,1,1,4,2,25,13,54,1,1,1
21,Mechanical,3,7.95,74.69,105,52,6,0,0,3,16,7,55,0,0,1
22,Mechanical,3,7.48,72.42,158,74,3,0,1,1,19,10,42,0,1,1
22,IT,2,9.16,83.85,317,61,4,0,5,4,76,19,42,0,0,1
24,Mechanical,2,7.82,87.37,160,39,3,0,4,1,23,15,47,0,0,1
20,EEE,3,7.94,72.1,214,30,1,3,4,3,33,24,56,0,1,0
21,AIML,3,7.84,78.26,207,75,5,0,2,4,51,19,48,0,0,0
19,CSE,2,7.57,72.39,290,48,5,1,1,4,82,12,47,0,1,1
21,Mechanical,3,7.45,67.19,97,39,4,1,4,2,31,16,62,1,0,1
20,CSE,2,7.45,73.66,206,50,5,0,4,4,82,22,32,0,1,1
21,CSE,2,5.47,71.76,236,32,0,2,5,1,69,1,44,0,1,1
21,ECE,2,8.45,71.2,118,56,4,1,3,4,30,18,44,0,1,1
21,Chemical,3,8.31,84.41,142,47,4,0,0,5,33,27,46,0,1,1
21,Mechanical,2,8.23,73.6,167,32,3,0,3,1,29,17,62,0,1,1
22,Mechanical,2,7.58,71.12,193,37,3,0,2,3,31,9,57,1,0,1
22,AIML,2,7.39,78.87,201,22,5,1,4,2,50,19,47,0,1,1
21,Civil,3,6.39,72.31,134,41,2,1,5,1,22,7,47,0,0,1
21,IT,3,6.29,64.98,148,40,4,0,6,3,42,9,35,1,1,1
24,Chemical,3,6.85,62.75,129,47,2,1,1,1,25,11,49,1,0,0
19,ECE,2,7.67,86.55,125,54,3,2,4,0,15,28,56,0,1,1
19,EEE,3,7.67,75.76,98,8,5,0,2,1,15,28,47,0,1,1
19,Civil,3,6.91,85.22,142,33,1,1,4,3,20,5,64,0,1,1
22,Chemical,1,9.61,67.81,1096,98,12,3,4,3,69,7,53,0,1,1
21,CSE,1,7.18,75.31,288,31,5,1,5,2,77,9,70,1,1,1
22,AIML,2,7.4,65.05,177,40,6,1,4,0,52,16,72,0,1,1
22,EEE,2,6.17,62.7,94,17,1,3,4,1,26,8,52,0,0,1
20,CSE,2,7.66,71.48,194,57,5,1,4,3,44,30,50,0,1,1
23,IT,2,8.87,90.03,240,24,4,3,8,3,67,25,57,0,1,1
22,CSE,3,6.67,72.96,161,16,1,0,2,3,41,24,45,0,1,0
20,ECE,3,9.15,86.9,132,35,1,2,1,2,19,31,52,0,0,1
21,EEE,3,6.75,85.8,63,43,5,0,1,2,17,18,60,0,1,1
20,CSE,2,7.31,80.06,195,29,4,1,4,1,67,9,36,0,1,1
20,ECE,2,7.91,81.67,96,56,5,0,2,0,24,22,51,0,1,1
20,IT,2,7.46,74.8,275,24,5,1,4,4,62,16,56,1,1,1
24,Chemical,2,6.06,79.53,68,30,4,1,3,0,18,1,81,0,0,1
21,CSE,1,7.96,78.03,321,46,5,1,4,4,59,26,59,0,1,1
21,Civil,3,7.42,81.7,118,44,5,1,3,1,29,14,49,1,1,0
22,Chemical,2,7.28,71.04,73,24,2,0,2,1,19,11,62,1,0,1
21,ECE,3,7.41,78.58,162,40,6,1,3,2,28,20,54,0,1,1
24,Mechanical,2,7.88,78.2,158,15,1,3,4,2,17,26,72,0,1,1
22,CSE,1,7.0,70.14,286,71,2,2,2,6,66,21,82,0,1,1
21,IT,3,7.81,65.13,201,55,2,0,5,3,54,25,42,1,1,1
21,CSE,2,6.98,74.61,263,49,5,1,5,5,56,19,45,0,1,1
25,EEE,2,8.81,81.36,148,44,3,2,3,2,25,23,52,0,1,1
22,Chemical,3,8.23,69.35,148,42,2,1,2,3,28,15,48,0,0,1
24,CSE,2,6.65,72.33,221,43,3,1,4,5,69,21,43,1,1,1
19,ECE,3,8.4,78.96,137,42,4,3,4,2,26,26,50,0,1,1
23,Mechanical,3,7.7,82.41,78,48,3,1,2,2,22,34,61,0,0,1
22,ECE,3,7.8,77.14,132,61,4,0,9,0,35,12,28,1,1,1
19,ECE,3,7.2,77.96,87,24,7,2,3,2,19,5,57,0,0,1
21,ECE,1,7.46,72.85,270,52,5,2,4,1,27,9,48,0,1,1
22,EEE,3,7.12,70.62,153,26,6,1,1,1,29,19,38,0,1,1
18,CSE,3,6.54,69.99,228,22,4,1,3,3,64,15,48,0,0,1
21,ECE,1,6.16,66.57,150,31,1,1,2,1,27,20,64,1,0,1
23,ECE,3,6.81,70.12,225,42,6,1,0,1,25,19,53,0,1,1
20,CSE,2,6.95,75.89,205,15,4,0,0,3,66,25,79,0,1,1
21,ECE,3,6.42,74.38,65,49,1,3,0,0,26,4,59,0,1,1
21,ECE,2,7.99,78.71,140,29,4,1,5,6,18,5,55,0,1,1
20,EEE,2,7.71,76.84,115,8,7,3,5,0,29,18,60,1,1,1
23,ECE,2,7.0,81.65,136,29,2,0,3,1,22,6,54,0,1,1
22,IT,2,7.24,82.36,210,23,1,4,11,1,64,28,51,0,1,1
19,Mechanical,3,7.54,75.21,247,40,3,2,3,2,34,14,46,1,1,1
25,IT,3,6.73,82.44,142,38,7,0,2,5,44,6,37,0,1,1
23,ECE,1,5.58,77.81,200,11,3,2,2,1,23,2,68,0,1,1
20,ECE,2,8.52,78.33,271,43,5,0,8,2,35,23,57,0,1,1
23,ECE,3,7.25,68.93,81,52,2,1,5,3,22,13,55,1,0,1
19,Mechanical,2,7.73,72.23,168,69,3,0,2,0,25,34,62,1,0,1
25,Mechanical,2,7.65,75.08,119,37,1,1,3,2,28,16,44,0,1,1
22,CSE,2,6.27,67.91,182,36,8,1,6,2,67,13,50,0,1,1
22,ECE,2,6.92,65.29,222,25,2,1,2,1,31,8,34,0,1,1
19,CSE,2,7.49,66.74,203,37,5,2,1,3,41,21,65,0,1,1
23,Mechanical,2,7.33,70.5,149,54,2,2,1,1,27,21,51,0,0,1
18,Chemical,3,6.39,66.36,178,27,3,1,2,2,23,7,69,0,0,1
20,EEE,2,7.79,61.67,213,31,6,2,3,1,30,17,48,0,1,1
20,IT,2,7.98,81.44,254,41,5,2,2,2,73,13,57,0,1,1
22,CSE,3,7.03,79.75,214,26,2,2,2,5,69,16,47,0,1,1
20,IT,2,8.35,80.89,199,35,5,3,1,4,85,23,26,0,1,0
23,ECE,2,7.95,60.72,178,45,2,4,4,1,38,15,58,0,1,1
22,Civil,2,7.83,73.72,118,30,4,1,6,1,34,16,49,0,1,1
19,ECE,2,7.08,75.82,117,5,5,0,1,2,22,10,54,0,1,1
18,Chemical,3,7.21,81.79,167,30,3,1,3,2,29,20,31,0,0,1
19,IT,3,8.06,91.0,209,35,2,3,3,0,69,27,47,0,0,0
21,CSE,2,6.27,70.14,265,33,3,1,0,4,79,11,38,0,1,1
22,EEE,2,6.32,71.33,75,39,3,1,0,1,12,19,58,0,1,1
20,AIML,2,7.15,76.31,175,38,3,2,7,2,49,21,46,1,1,1
23,AIML,3,7.33,69.36,163,29,3,0,4,3,67,18,43,0,0,1
19,CSE,2,7.42,68.37,169,42,4,2,5,3,60,16,33,1,1,1
22,ECE,2,7.94,81.61,96,51,0,3,6,2,23,36,50,0,1,1
24,AIML,3,7.56,78.94,265,31,5,2,2,4,63,26,30,0,1,1
22,Chemical,2,7.52,72.65,286,37,5,3,6,2,35,12,55,0,1,1
22,Civil,3,7.09,61.73,158,61,3,2,3,0,21,21,39,0,1,1
23,Mechanical,3,8.04,60.78,112,52,0,2,3,1,20,22,39,0,0,1
19,IT,1,8.77,77.56,290,65,9,5,7,0,73,23,68,0,1,1
20,CSE,3,7.1,72.45,253,40,5,1,6,4,67,8,46,0,1,1
19,EEE,3,7.68,72.86,74,33,0,0,1,2,17,15,52,0,0,1
21,CSE,2,7.28,79.6,200,48,3,0,7,1,62,6,62,0,1,1
22,ECE,2,6.47,72.23,250,28,3,2,1,3,30,8,46,1,1,1
22,CSE,2,6.08,55.63,166,14,1,1,3,2,61,9,66,0,1,1
23,ECE,2,8.5,91.19,148,35,3,0,3,1,30,18,55,0,0,1
20,ECE,3,8.03,58.11,91,48,1,0,2,3,27,11,43,0,0,1
22,ECE,2,7.84,71.25,142,41,4,1,2,1,15,17,78,0,1,1
20,Mechanical,2,8.35,69.72,164,40,4,2,2,4,36,23,34,1,1,1
20,AIML,3,6.67,74.75,189,30,2,0,2,2,48,16,48,0,0,1
22,AIML,2,8.26,67.42,311,43,5,2,6,4,68,17,43,0,1,1
25,IT,2,7.8,79.58,194,58,1,2,4,6,63,31,51,0,1,1
21,Mechanical,2,7.13,70.64,134,14,1,3,4,1,20,6,49,0,1,1
19,CSE,3,5.39,72.3,140,31,2,3,3,2,70,10,38,0,0,1
21,Civil,2,6.28,53.35,114,47,2,1,1,4,27,0,44,0,0,1
19,AIML,2,8.96,77.28,210,52,4,1,5,1,64,33,59,0,1,1
23,CSE,2,8.93,83.48,232,55,4,1,3,7,62,28,44,0,1,1
22,EEE,2,6.29,62.2,63,47,2,0,4,3,11,11,54,0,1,1
20,AIML,2,5.8,70.74,193,19,3,0,2,4,47,12,61,0,1,1
19,IT,3,8.46,79.01,202,48,7,1,3,2,57,17,61,0,1,1
20,CSE,2,7.43,75.53,175,24,5,2,4,2,60,21,43,0,0,1
25,ECE,1,7.14,70.31,183,48,4,1,3,1,23,23,65,0,1,1
21,IT,3,6.3,75.26,177,54,3,1,6,3,52,27,72,1,1,1
22,CSE,2,6.44,73.06,181,42,4,1,5,3,54,15,46,0,0,1
22,IT,3,8.46,79.1,251,33,3,2,5,1,71,23,51,0,0,1
21,Mechanical,3,7.56,70.15,154,73,9,2,3,0,19,19,51,0,1,1
20,Mechanical,3,5.83,61.75,155,44,4,1,4,1,24,15,29,1,0,1
24,IT,1,7.15,76.24,361,28,2,3,5,3,100,5,76,0,1,1
20,Chemical,1,9.1,74.16,275,52,2,2,2,2,37,34,67,0,1,1
21,CSE,2,7.76,84.92,267,36,1,2,2,3,69,23,58,1,1,1
22,Civil,2,6.31,84.47,134,33,3,1,4,2,20,8,34,1,1,1
22,Chemical,3,6.8,66.81,66,47,2,0,3,1,26,8,42,1,0,1
24,EEE,2,7.41,67.94,162,34,4,0,1,1,31,13,45,0,0,1
20,CSE,1,8.56,80.48,268,31,6,2,4,2,78,17,65,0,1,1
21,Chemical,1,7.67,76.66,244,24,2,1,2,3,34,9,63,0,1,1
21,ECE,2,8.67,77.53,222,47,3,2,11,4,24,26,54,0,1,1
21,CSE,1,7.97,79.55,266,53,3,1,1,2,56,31,44,1,1,1
19,Civil,3,5.4,72.23,61,6,2,0,2,2,19,8,53,0,0,1
20,ECE,2,7.95,70.05,144,42,2,3,3,0,19,25,51,0,1,1
20,ECE,2,7.34,67.52,149,39,2,2,5,0,26,4,68,0,1,1
20,EEE,3,6.92,59.08,140,27,1,0,2,2,30,4,54,0,1,1
21,Civil,2,7.84,63.25,209,25,2,1,2,0,31,18,71,0,1,1
21,ECE,3,7.14,66.17,112,40,2,0,3,3,16,20,53,1,0,1
22,Civil,3,7.52,71.72,91,44,3,2,4,4,24,39,68,0,1,1
21,CSE,2,7.06,78.19,218,37,2,2,2,4,66,33,45,0,1,1
21,EEE,1,7.27,77.57,167,39,3,1,4,1,33,10,50,0,1,1
20,ECE,3,8.29,79.82,108,40,2,2,0,3,20,25,55,0,0,0
21,IT,3,7.45,72.46,194,37,0,3,4,4,46,17,42,0,0,1
20,AIML,3,7.7,90.27,173,65,8,1,4,4,58,20,61,1,1,1
19,CSE,1,7.26,64.91,302,42,2,1,4,0,78,13,62,1,1,1
21,AIML,3,8.25,74.66,256,55,4,0,4,2,61,25,52,0,1,1
21,Mechanical,3,7.52,76.47,271,29,3,1,3,2,35,18,43,0,0,1
20,AIML,2,7.21,65.5,207,27,2,1,4,4,60,26,62,0,1,1
21,Mechanical,1,8.83,76.14,188,50,3,1,4,5,31,20,59,0,1,1
21,Civil,2,7.21,62.99,196,29,5,1,1,2,30,17,41,0,0,1
22,Mechanical,2,7.65,72.13,144,28,4,0,3,0,23,16,52,0,0,1
22,Mechanical,2,6.48,81.06,57,23,4,0,3,0,12,18,50,1,1,1
22,EEE,1,7.22,74.28,172,31,7,3,7,1,23,14,50,0,1,1
20,Chemical,3,8.01,89.15,114,72,6,2,5,2,25,2,63,0,1,1
22,Mechanical,2,7.46,83.81,111,65,4,0,8,2,18,19,55,0,0,1
21,IT,3,7.43,63.44,258,55,6,0,1,4,84,17,54,0,1,1
21,Mechanical,2,7.42,65.71,106,55,4,1,2,5,21,15,62,0,1,1
22,Mechanical,3,7.31,83.43,235,50,2,0,2,2,39,19,62,1,0,1
21,Mechanical,2,7.04,71.86,152,19,5,0,1,1,24,16,66,1,0,1
21,IT,1,7.35,63.19,278,50,3,2,3,2,74,2,54,0,1,1
22,ECE,3,7.1,79.41,56,16,3,2,8,2,15,14,47,0,0,1
23,Civil,2,7.25,84.0,135,59,0,3,4,1,22,36,53,1,1,1
24,Chemical,2,7.89,85.7,165,49,3,0,7,1,20,34,54,0,1,1
21,IT,2,7.86,78.67,202,32,3,1,6,2,48,29,59,0,0,1
21,ECE,3,8.47,85.44,116,51,4,1,4,1,19,19,46,1,1,1
22,IT,3,7.94,79.06,243,29,4,2,3,1,72,37,67,0,0,1
20,Mechanical,1,7.0,65.64,199,35,1,1,2,1,39,18,55,0,1,1
23,CSE,3,6.78,79.5,167,35,4,2,7,1,72,10,40,1,0,1
21,Chemical,1,8.54,75.84,211,42,2,2,5,3,34,17,42,0,1,0
19,ECE,3,7.91,88.29,85,66,3,1,0,3,16,26,68,1,1,1
19,AIML,3,8.23,73.95,199,53,5,0,4,0,59,13,55,0,1,0
23,CSE,2,7.5,72.36,213,48,5,3,4,3,70,19,46,0,0,1
19,ECE,2,7.28,65.72,109,32,5,1,1,2,25,21,65,1,0,1
20,EEE,2,7.79,80.02,104,38,3,2,3,2,23,31,61,0,1,0
20,Mechanical,3,6.18,83.1,192,45,2,3,4,1,34,23,34,0,1,1
20,ECE,3,7.18,78.6,67,31,1,2,0,1,25,18,47,1,0,0
20,ECE,2,9.17,79.93,175,43,3,1,4,1,35,38,54,0,1,1
22,IT,3,7.07,69.49,272,39,4,2,3,5,68,22,42,0,1,1
18,CSE,2,7.49,69.39,197,44,5,1,3,3,57,15,50,0,1,1
23,AIML,3,7.18,81.56,145,34,4,1,3,4,59,16,83,0,1,1
23,IT,2,8.78,73.69,252,43,5,1,3,5,71,20,51,1,1,1
21,Mechanical,3,6.34,55.73,66,16,5,1,4,0,14,13,43,0,0,1
20,CSE,3,7.92,96.41,191,52,7,0,2,1,66,9,43,0,1,1
21,EEE,1,7.41,75.79,225,31,4,2,5,2,31,5,66,0,1,1
19,CSE,3,6.8,69.14,221,35,0,0,4,5,61,14,64,0,0,1
21,CSE,3,5.93,64.32,156,0,4,0,1,2,46,26,32,0,0,1
24,AIML,3,8.81,82.06,212,57,3,3,5,2,61,30,31,0,1,1
25,IT,2,8.11,67.93,242,58,6,2,4,3,68,23,39,0,1,1
22,CSE,3,6.22,65.58,148,42,4,0,1,7,86,4,38,0,0,1
20,Civil,1,6.68,74.42,164,45,2,1,2,0,30,10,64,0,0,1
22,IT,3,6.8,65.64,183,32,2,1,4,10,42,22,60,0,0,1
22,ECE,2,7.92,67.17,249,67,3,0,5,0,34,12,59,0,1,1
21,Chemical,1,7.64,70.78,171,38,5,1,0,0,25,23,65,0,1,1
22,AIML,3,6.57,69.09,170,54,4,1,3,1,47,24,49,0,1,1
18,EEE,2,7.43,72.1,170,33,7,2,1,4,25,0,53,1,0,1
20,Mechanical,2,8.58,75.58,197,70,2,3,2,5,34,25,47,0,1,1
21,AIML,3,7.86,77.12,197,43,3,3,5,2,50,15,26,0,1,0
20,CSE,2,5.96,64.24,137,19,3,0,2,2,37,9,75,0,0,1
20,Mechanical,2,6.61,73.23,164,7,5,0,3,0,27,20,48,0,0,1
23,AIML,3,7.24,69.11,252,32,2,4,5,1,66,19,44,0,1,1
25,IT,2,7.61,73.54,234,53,5,2,4,3,80,26,40,0,1,1
21,IT,1,8.86,73.92,267,38,4,2,7,1,68,26,60,0,1,1
23,CSE,2,7.49,61.31,203,20,3,0,5,2,51,17,56,0,1,1
25,Civil,2,7.96,77.6,112,40,1,0,5,1,22,26,66,0,1,1
20,Civil,2,5.64,75.53,66,51,1,0,2,0,22,7,49,0,0,1
21,Civil,2,7.16,74.72,118,60,7,2,5,2,28,3,39,1,0,1
21,CSE,3,7.94,66.79,319,0,8,0,2,2,98,13,64,1,1,1
19,Chemical,2,9.11,69.86,147,57,0,2,1,5,27,25,74,0,1,1
22,EEE,3,6.21,75.82,147,38,5,0,3,2,26,13,48,0,0,1
21,EEE,2,7.35,76.46,181,20,1,0,0,4,30,19,66,0,1,1
21,Mechanical,3,5.85,69.84,37,30,1,1,2,2,6,18,46,0,0,1
20,Mechanical,2,7.33,79.42,82,63,5,1,3,1,11,22,53,0,0,0
20,IT,1,8.64,82.35,288,52,2,1,6,2,68,25,56,0,1,1
23,EEE,2,8.28,77.4,176,61,1,1,7,1,28,7,27,0,1,1
19,EEE,3,7.31,83.16,160,22,1,2,1,2,33,22,51,0,0,1
20,CSE,2,7.28,85.33,283,50,5,1,3,1,70,23,43,0,1,1
20,CSE,2,9.71,90.06,274,52,5,2,5,4,70,36,55,0,1,1
21,ECE,3,7.16,78.3,161,33,2,0,2,2,28,14,56,0,1,1
21,ECE,3,6.88,72.84,59,26,5,0,0,2,23,16,66,0,1,1
21,Mechanical,2,7.02,72.81,86,29,2,0,3,2,26,14,59,0,0,1
19,Mechanical,3,6.1,74.77,73,32,1,1,0,3,17,13,49,0,0,1
20,EEE,3,7.72,70.79,133,34,3,0,5,2,23,29,43,1,0,1
23,AIML,2,8.05,75.35,220,55,3,2,6,7,69,26,49,0,1,1
22,EEE,3,7.87,70.98,101,15,7,0,2,0,24,20,42,0,1,1
22,AIML,1,8.41,76.41,296,58,7,3,12,1,70,14,58,0,1,1
22,Mechanical,1,7.24,67.43,188,16,6,2,1,1,39,21,61,1,1,1
22,ECE,3,7.21,71.56,214,27,4,1,5,1,25,1,48,0,0,1
19,Civil,3,8.33,73.9,91,57,5,1,3,0,20,7,58,0,0,1
21,CSE,2,7.1,80.22,189,50,5,1,1,5,59,20,63,0,1,1
21,Mechanical,3,6.87,80.12,80,42,2,1,4,3,16,27,48,0,1,0
20,ECE,1,8.59,81.53,298,59,1,1,5,2,38,31,50,0,1,1
23,CSE,3,6.67,61.01,294,39,3,1,4,6,70,20,42,0,1,0
21,ECE,2,6.53,75.08,192,32,1,1,3,2,26,16,38,0,0,0
22,AIML,2,6.61,77.28,187,30,6,0,1,3,44,11,40,1,1,1
23,AIML,3,9.65,78.58,231,51,7,2,2,1,68,33,40,0,1,1
21,ECE,2,8.35,82.11,160,46,2,2,4,0,23,33,55,0,1,1
23,IT,2,8.03,82.25,355,40,4,3,4,2,83,17,46,0,1,1
21,IT,1,6.95,60.93,291,26,7,2,4,2,73,11,46,0,1,1
23,IT,1,8.17,82.89,307,24,9,1,3,2,68,5,51,1,1,1
20,CSE,3,8.79,76.64,221,36,4,1,8,2,55,38,45,0,1,1
21,IT,3,7.66,64.91,221,54,4,1,3,2,60,14,50,0,1,1
21,IT,3,6.41,71.63,131,30,3,0,7,3,52,30,44,0,0,1
19,EEE,3,7.8,72.27,159,35,6,5,3,1,22,14,42,0,1,0
21,ECE,1,7.61,80.33,195,53,4,2,2,3,41,18,66,0,1,1
23,CSE,3,7.47,78.19,246,39,6,1,5,6,65,9,62,0,1,1
22,EEE,1,6.93,75.99,186,42,1,2,3,3,31,17,48,1,1,1
20,CSE,3,6.7,65.99,283,30,0,0,5,4,89,21,46,0,1,1
20,IT,3,6.95,69.5,160,33,1,2,5,2,53,13,33,0,0,1
20,EEE,3,6.69,69.27,55,21,5,0,4,1,16,11,25,0,0,1
18,EEE,2,7.45,78.38,107,39,1,1,6,1,18,29,56,0,0,1
24,CSE,3,6.77,81.3,163,26,7,1,5,5,56,10,37,0,0,1
21,IT,2,8.89,82.29,302,36,6,1,4,3,91,26,67,0,1,1
20,ECE,3,7.77,69.05,160,43,2,0,6,2,22,19,33,1,1,1
21,IT,2,8.14,73.07,344,45,6,1,3,1,76,24,50,1,1,1
18,Mechanical,2,7.38,76.5,94,29,0,0,3,1,14,14,43,0,0,1
20,Mechanical,3,5.65,76.19,83,25,6,0,3,1,13,8,55,0,0,1
22,CSE,3,8.06,75.05,248,42,5,2,4,3,76,11,53,0,1,1
22,Mechanical,1,7.66,79.23,149,56,4,1,4,1,23,19,63,1,0,1
25,Civil,2,7.85,64.24,108,22,4,0,7,3,19,25,62,0,0,0
22,Civil,1,7.69,70.78,195,57,5,1,0,4,28,29,42,0,1,1
21,CSE,3,5.46,72.54,114,41,1,1,5,4,50,0,56,1,0,1
22,Civil,2,7.13,56.06,185,38,1,1,5,0,29,21,43,0,0,1
23,CSE,2,6.8,79.38,299,42,0,0,4,4,74,14,67,0,0,1
22,IT,1,7.93,78.07,382,49,5,3,6,2,97,21,50,1,1,1
24,IT,2,7.89,75.85,221,24,1,3,5,2,63,15,57,0,1,1
22,AIML,2,9.33,65.59,212,54,8,1,5,3,77,31,59,1,1,1
23,AIML,3,7.75,81.41,173,36,4,1,4,2,52,11,42,1,0,1
19,CSE,3,6.87,85.72,170,12,2,1,3,3,61,9,41,0,1,1
22,EEE,2,7.14,71.11,87,28,6,0,1,5,22,16,46,0,1,1
21,EEE,3,7.79,71.51,155,56,2,0,5,3,30,14,50,0,0,1
21,EEE,3,8.07,73.78,76,41,6,2,4,1,9,20,52,0,1,1
22,ECE,3,6.29,75.38,62,45,2,0,2,1,11,17,61,0,0,1
24,AIML,2,7.29,80.42,191,42,3,3,2,1,44,16,62,1,1,1
25,EEE,3,7.22,77.13,199,21,1,0,1,4,32,17,63,0,1,1
20,EEE,3,5.98,67.31,55,41,2,0,1,1,17,0,48,0,1,1
22,CSE,3,7.96,83.15,212,54,3,1,5,4,74,27,33,0,0,1
22,Chemical,2,7.69,66.63,136,35,3,0,1,1,24,29,51,0,0,1
20,EEE,1,7.58,82.53,195,21,2,3,1,5,19,20,64,0,1,1
19,EEE,2,7.71,83.9,181,39,1,1,2,1,19,22,69,0,0,1
19,ECE,3,7.91,72.55,113,34,6,0,1,0,18,16,23,0,0,1
22,Mechanical,1,9.39,92.37,271,50,4,5,3,4,42,29,54,0,1,1
21,EEE,2,8.06,82.79,117,59,3,0,4,1,25,7,52,1,1,1
25,Mechanical,3,6.38,70.43,92,47,0,0,3,1,11,32,48,0,0,1
21,CSE,3,9.75,78.8,226,64,3,1,5,1,66,16,33,0,1,1
25,CSE,3,6.4,75.94,155,40,4,1,7,2,53,2,47,0,1,1
21,AIML,3,7.68,70.11,189,39,2,3,6,1,58,27,51,1,0,1
22,Chemical,2,7.32,83.59,175,55,4,2,3,2,39,23,47,0,1,1
19,IT,3,7.25,69.27,151,27,4,2,4,4,59,26,27,0,1,1
21,IT,3,7.67,91.8,162,32,4,3,5,4,53,26,51,1,1,1
22,AIML,2,7.89,77.33,225,49,5,3,10,1,63,18,60,0,1,1
24,ECE,3,8.52,68.0,187,74,3,0,4,2,31,27,61,1,1,1
23,Civil,2,6.94,81.37,135,35,2,0,5,1,31,5,41,0,0,1
19,Mechanical,3,7.69,71.91,219,56,4,1,3,4,38,19,59,0,1,1
21,CSE,3,7.87,62.12,206,28,3,0,6,3,64,17,39,0,1,1
19,Civil,3,9.35,93.18,103,55,2,0,6,2,18,30,48,0,0,1
19,Chemical,2,7.92,94.53,170,51,2,0,3,2,20,27,50,0,0,1
22,Mechanical,2,6.52,74.58,256,45,3,1,2,3,43,3,61,0,0,1
22,EEE,3,8.52,81.8,119,43,2,1,0,1,26,28,47,0,1,1
22,Mechanical,2,7.12,76.07,162,30,4,3,0,2,23,26,65,1,1,1
23,Mechanical,1,7.02,76.82,200,23,3,2,4,1,31,33,60,0,1,1
22,Civil,2,8.63,75.49,162,45,4,1,6,4,38,17,44,0,0,1
22,EEE,3,7.46,73.87,110,62,2,1,2,0,17,13,39,0,1,1
19,ECE,3,7.18,71.66,113,34,4,1,1,0,28,27,68,0,0,1
20,CSE,1,9.18,79.44,486,83,2,2,5,4,100,38,66,1,1,1
22,IT,2,7.06,64.2,166,38,3,1,3,3,56,9,48,0,1,1
23,CSE,3,6.91,78.91,187,48,3,1,6,2,66,25,60,0,1,1
18,Mechanical,3,7.77,75.64,77,70,9,2,2,3,21,11,47,1,0,1
21,Chemical,2,5.58,72.9,114,30,3,2,1,2,18,8,68,0,1,1
22,CSE,3,7.49,77.49,170,65,7,0,1,1,43,6,41,0,1,1
18,ECE,3,7.42,57.89,90,41,4,1,4,1,22,25,72,0,0,1
21,Mechanical,1,7.02,75.69,142,35,2,0,6,1,24,15,75,1,1,1
23,CSE,3,7.34,79.3,240,41,3,0,3,2,59,19,66,0,1,1
22,ECE,3,7.57,68.31,142,21,2,2,3,1,23,16,68,1,1,1
20,Mechanical,2,7.46,73.94,119,29,5,1,4,1,16,23,56,0,1,1
23,AIML,3,8.04,73.4,215,30,7,0,3,3,83,17,54,0,1,1
20,EEE,1,7.98,78.36,150,43,5,1,3,1,25,12,54,1,1,1
23,EEE,2,7.36,72.55,142,47,3,3,1,1,21,18,59,0,1,1
20,Mechanical,3,7.95,63.31,113,36,0,2,3,3,28,26,33,0,1,1
21,AIML,1,7.98,68.71,260,75,3,2,6,4,64,3,55,1,1,0
21,CSE,3,9.9,86.07,335,34,8,3,6,1,87,28,57,0,1,1
20,CSE,3,8.22,79.45,201,29,5,2,4,2,66,0,52,0,1,1
23,ECE,1,7.3,90.12,137,48,4,2,3,2,20,15,60,0,1,1
20,CSE,2,6.04,69.55,311,27,2,1,3,2,89,12,42,0,1,1
19,EEE,1,7.17,61.02,176,12,3,1,3,1,26,6,54,1,1,1
20,ECE,3,5.61,78.19,50,35,3,1,2,0,8,19,38,0,0,1
22,Civil,2,8.07,83.16,334,48,3,2,2,0,44,17,40,1,1,1
22,Mechanical,2,7.25,67.89,153,41,1,2,4,2,15,18,45,1,0,1
25,IT,3,6.7,77.39,191,35,1,1,4,5,49,4,47,0,0,1
20,AIML,3,7.86,77.41,175,42,1,1,4,3,45,16,51,0,1,1
21,CSE,3,7.04,66.59,230,59,9,1,4,3,71,16,42,0,1,1
20,Mechanical,2,7.83,77.33,118,56,3,1,6,2,24,19,37,0,0,1
21,ECE,1,7.52,70.17,209,50,3,3,2,0,33,24,67,1,1,1
25,IT,2,7.57,64.23,219,55,2,2,6,2,71,10,39,1,1,1
22,Mechanical,2,8.6,76.48,117,46,1,1,4,0,20,17,49,1,1,1
21,AIML,3,8.13,80.8,272,48,6,2,4,8,68,13,61,0,1,1
21,ECE,3,8.57,77.27,340,5,2,1,7,3,46,6,49,0,0,1
23,ECE,2,7.79,70.62,138,75,3,1,4,3,22,0,48,0,1,1
21,AIML,2,5.96,73.06,179,31,6,1,6,7,49,16,45,1,0,1
20,Mechanical,2,6.92,70.82,133,52,1,0,1,1,27,8,58,0,0,1
21,Mechanical,2,6.13,63.51,123,44,3,1,1,1,19,20,40,0,0,1
19,ECE,1,8.53,79.09,195,57,1,1,7,1,26,19,67,1,1,1
20,Mechanical,3,7.36,72.18,113,35,2,0,2,4,25,3,38,0,0,1
18,CSE,2,8.57,90.49,258,64,3,1,3,2,73,25,40,0,1,1
21,ECE,3,8.23,82.77,125,55,2,1,2,4,24,33,42,0,1,1
22,EEE,2,7.39,79.5,171,25,1,0,4,0,34,12,47,0,1,1
20,IT,2,8.98,66.56,310,51,5,0,5,0,75,40,57,1,1,1
21,Mechanical,2,8.32,81.96,157,46,0,1,1,1,31,19,52,1,0,1
24,ECE,1,7.82,81.47,249,36,4,0,5,1,30,12,64,1,1,1
22,IT,1,8.12,64.7,344,29,7,2,7,6,85,27,58,1,1,1
21,IT,3,8.55,71.54,204,34,4,2,3,6,52,24,59,0,1,1
20,Mechanical,2,7.88,70.0,128,51,5,1,1,4,26,30,45,0,0,1
23,CSE,3,6.78,79.29,255,31,5,1,4,2,68,16,50,0,0,1
20,Civil,3,6.35,78.89,137,40,3,0,1,1,35,14,43,0,0,1
20,CSE,3,7.13,67.65,174,36,5,1,5,2,59,7,51,0,0,1
23,CSE,3,6.77,63.6,167,34,3,0,3,4,52,13,52,0,0,1
21,Mechanical,1,7.92,60.41,160,31,2,0,5,1,23,26,63,0,1,1
22,IT,2,7.06,61.17,231,30,3,2,4,1,58,27,44,0,1,1
21,ECE,3,7.02,67.49,70,36,5,1,4,3,8,9,58,1,0,0
22,IT,3,8.38,72.37,197,24,3,0,6,6,51,23,52,0,1,1
20,CSE,3,8.76,77.99,194,51,2,1,3,2,62,17,35,0,1,1
20,EEE,1,9.82,75.59,440,92,11,2,3,1,82,4,47,0,1,1
20,Mechanical,3,7.04,74.17,73,17,2,0,1,1,16,16,28,1,0,0
20,CSE,2,7.3,68.73,194,38,1,1,4,5,55,23,63,0,1,1
23,Mechanical,2,7.77,74.13,140,6,7,1,1,2,39,17,54,0,1,1
20,CSE,1,8.04,69.96,301,37,4,1,3,1,82,19,53,1,1,1
21,Mechanical,2,7.07,69.51,108,39,3,1,4,2,21,17,63,1,0,1
22,Mechanical,3,7.78,73.13,128,54,4,1,4,3,26,0,46,1,0,1
22,Civil,2,7.11,78.05,75,72,2,0,6,2,20,17,58,1,0,1
21,Mechanical,3,7.03,78.89,96,40,2,1,1,5,21,14,55,1,0,1
21,Civil,3,6.58,65.24,90,38,2,1,2,1,18,8,57,0,0,1
25,Chemical,3,8.23,76.46,147,24,2,1,5,3,26,36,46,0,0,1
22,Civil,3,8.12,80.97,142,41,4,1,3,1,19,23,62,0,0,1
22,Mechanical,3,7.64,73.5,86,35,1,1,0,1,16,29,55,0,0,1
23,CSE,3,7.91,72.82,259,20,5,0,1,1,67,27,42,1,0,1
22,Mechanical,3,8.29,83.57,345,67,4,0,3,2,52,15,40,0,0,0
20,EEE,2,8.14,80.55,134,50,5,2,5,1,24,15,66,0,1,1
21,Chemical,3,7.97,75.23,165,50,2,0,5,1,32,20,57,0,0,1
19,Mechanical,3,6.99,65.89,90,59,4,1,2,1,15,9,40,0,0,1
22,AIML,2,6.22,58.83,161,14,2,0,8,4,56,13,69,0,1,1
24,CSE,1,7.08,73.96,367,21,4,5,6,3,100,19,62,1,1,1
21,AIML,2,9.37,84.25,246,69,3,4,6,0,74,40,63,0,1,1
21,ECE,1,7.55,66.79,331,28,6,1,3,1,40,33,55,0,1,1
19,EEE,3,8.71,84.8,113,56,3,1,4,1,16,26,61,0,1,1
24,AIML,3,7.81,72.63,254,46,3,0,5,5,65,24,40,0,0,1
19,AIML,1,7.72,62.53,342,68,5,3,3,5,66,27,34,1,1,1
19,IT,2,6.73,74.98,168,55,2,1,5,3,45,30,40,0,1,1
20,Mechanical,3,6.75,70.94,59,56,3,1,3,0,17,6,56,0,0,1
19,IT,3,7.24,72.13,170,17,4,2,4,0,47,12,65,0,0,1
21,CSE,2,7.39,79.52,196,48,2,0,1,5,53,13,20,0,1,0
21,ECE,2,7.96,86.05,222,57,4,2,3,1,33,23,50,0,1,1
20,CSE,1,7.17,77.04,486,38,2,3,2,4,100,19,31,1,1,1
19,Mechanical,2,6.95,69.39,104,29,3,0,1,2,21,12,64,0,0,1
19,Civil,2,8.24,64.26,116,43,4,2,2,1,26,35,35,1,0,1
21,CSE,2,9.11,83.53,253,61,5,2,5,4,64,29,70,0,1,1
19,Civil,1,7.82,75.41,280,26,6,2,5,4,41,22,51,0,1,1
22,Mechanical,2,7.88,69.75,113,65,3,0,5,1,20,19,62,1,0,1
20,CSE,1,7.63,70.77,243,17,2,3,2,4,74,22,49,0,1,1
20,AIML,3,7.3,83.83,197,30,4,1,5,1,54,0,57,0,1,1
21,AIML,3,7.17,79.61,207,22,5,1,4,7,71,16,56,1,1,1
21,AIML,3,7.05,80.5,172,38,1,3,2,2,59,19,37,1,1,0
18,IT,1,8.22,83.71,366,38,3,0,6,2,85,36,38,0,1,1
19,Civil,2,8.02,77.51,136,60,3,4,6,3,25,7,66,0,1,0
23,AIML,2,7.29,66.1,263,36,5,1,3,3,76,21,52,1,1,0
18,Chemical,2,7.01,73.19,73,41,4,0,1,4,17,27,47,0,0,1
21,ECE,3,6.94,76.82,72,35,3,0,3,1,25,13,63,0,1,1
21,ECE,3,7.9,74.5,122,38,4,1,4,2,24,18,78,0,1,1
20,Mechanical,2,6.82,73.69,118,39,1,0,1,1,17,7,53,0,1,1
21,Mechanical,1,6.89,75.96,233,19,3,2,0,3,43,25,65,1,1,1
22,Chemical,2,7.74,81.55,182,29,9,0,4,3,28,15,50,0,0,1
23,CSE,3,7.29,79.96,178,24,2,1,2,0,57,3,48,0,1,1
20,IT,3,7.23,70.59,168,42,3,1,3,4,52,23,55,0,1,1
20,CSE,2,8.21,67.03,232,46,5,0,5,5,46,17,32,0,1,1
20,CSE,2,7.46,84.62,233,43,2,0,2,1,56,25,73,0,1,1
21,CSE,2,6.94,74.49,184,37,4,1,1,6,57,8,53,0,1,1
22,Mechanical,3,7.5,71.95,160,45,1,0,2,1,34,7,57,0,0,1
20,CSE,2,6.95,59.22,242,31,1,1,7,3,71,6,50,1,1,1
20,Civil,3,8.1,80.93,102,42,0,0,3,0,22,24,40,0,0,1
24,Mechanical,2,7.52,77.53,98,45,2,4,4,0,17,4,64,1,1,1
19,IT,1,6.88,70.07,327,27,1,5,3,4,82,20,67,0,1,1
21,ECE,3,7.48,76.64,229,46,5,0,3,1,41,12,59,0,1,1
22,Mechanical,3,6.67,81.23,123,50,3,0,6,5,22,0,53,0,0,1
20,CSE,3,8.22,67.46,224,47,4,0,6,3,58,23,46,0,1,1
19,IT,3,7.27,81.13,237,58,3,3,5,3,67,15,48,0,1,1
20,CSE,3,7.89,68.72,292,41,3,0,2,0,67,2,56,0,0,1
23,CSE,2,6.97,64.06,211,51,1,1,1,2,63,11,51,0,1,1
18,ECE,3,7.19,71.12,56,28,1,0,1,1,24,23,38,0,0,1
20,AIML,2,7.85,84.71,245,46,3,1,8,0,63,15,56,1,1,1
19,IT,3,7.22,67.66,213,46,1,0,4,3,67,20,41,0,1,1
19,Mechanical,2,6.74,70.61,94,48,2,0,4,1,18,4,53,0,0,1
22,EEE,3,7.96,65.13,116,50,1,0,1,3,21,30,42,0,1,1
20,IT,3,7.59,77.92,235,61,6,0,3,1,69,20,58,0,1,1
21,CSE,2,6.59,65.1,183,44,1,2,2,8,68,23,56,0,1,1
21,CSE,3,7.04,69.35,183,38,5,1,6,1,42,13,50,0,0,1
23,ECE,2,9.69,78.07,430,91,6,4,1,0,79,26,60,0,1,1
18,ECE,2,7.09,67.91,155,30,3,2,1,1,29,1,52,0,1,1
23,Mechanical,2,7.12,75.74,195,35,5,1,2,1,29,18,62,1,1,1
21,CSE,2,7.3,75.55,239,37,3,2,2,2,73,24,54,0,1,0
20,Civil,3,6.14,71.34,203,35,5,3,1,2,33,22,39,1,1,1
22,AIML,2,7.15,65.71,198,36,0,3,6,2,49,7,70,0,1,1
23,IT,3,8.17,77.39,218,26,3,1,8,6,66,9,56,0,1,1
20,Civil,2,8.97,77.42,163,65,7,4,6,3,26,32,45,0,1,1
23,Civil,2,6.53,68.99,65,6,3,1,3,1,16,12,49,0,0,1
21,ECE,3,8.27,81.49,86,33,4,0,3,3,27,9,77,0,0,1
21,CSE,2,9.4,71.24,226,68,3,3,2,4,66,40,32,0,1,0
25,EEE,1,7.58,69.68,160,30,4,3,2,0,35,17,56,0,1,1
21,Mechanical,1,8.18,76.1,175,57,6,1,1,1,22,30,45,0,1,1
22,AIML,2,8.36,87.42,192,49,5,0,5,6,56,29,59,0,1,1
20,CSE,3,6.98,59.66,266,44,4,0,5,1,78,10,60,0,1,1
22,ECE,1,8.56,78.75,219,41,6,3,3,0,32,16,69,1,1,1
21,Mechanical,3,7.19,71.74,145,35,2,1,1,3,33,17,50,1,1,1
20,ECE,3,8.16,81.43,115,53,7,0,1,5,23,22,56,0,0,1
21,AIML,3,8.64,72.63,206,48,3,4,4,6,71,31,56,0,1,1
20,Civil,3,8.42,75.49,198,40,1,1,2,2,26,17,57,0,1,1
19,Civil,2,7.23,66.86,176,38,3,2,1,1,32,13,46,0,1,1
18,EEE,3,7.86,72.23,94,38,2,1,5,1,18,14,68,0,1,1
20,CSE,1,7.35,77.94,252,23,6,4,1,3,53,12,56,0,1,1
18,AIML,3,6.38,73.26,289,35,4,0,6,1,73,12,39,1,0,0
20,EEE,2,7.31,71.51,80,48,1,0,3,1,13,14,68,0,0,1
22,Mechanical,3,8.05,82.0,123,43,2,1,3,3,16,11,55,1,0,1
22,ECE,3,7.12,89.8,76,36,6,1,7,4,17,28,49,1,0,0
22,IT,1,8.99,73.21,296,53,2,2,7,2,84,34,42,1,1,0
20,Civil,3,7.42,77.41,109,26,3,0,3,3,24,13,53,1,0,1
23,IT,1,6.84,72.25,316,10,5,1,3,2,68,37,42,0,1,1
21,Civil,3,7.12,80.37,123,50,1,0,2,1,21,11,69,0,0,1
19,ECE,2,6.96,68.41,75,45,3,0,6,4,19,14,49,0,1,1
20,EEE,2,8.62,84.62,119,21,2,1,3,1,20,13,45,1,1,1
22,CSE,2,7.93,74.64,333,40,3,1,12,1,67,29,65,0,1,1
20,AIML,2,7.45,72.22,198,40,3,2,2,1,73,0,44,0,1,1
21,Chemical,2,8.13,77.16,119,38,3,3,5,2,22,29,63,0,0,1
25,Mechanical,3,6.69,72.53,158,24,0,0,1,4,21,12,35,0,0,1
18,ECE,1,6.78,65.4,171,35,5,0,1,4,26,21,73,0,1,1
18,ECE,1,6.68,71.61,156,25,1,1,3,2,38,14,58,0,1,1
25,CSE,2,5.95,78.41,144,30,7,0,4,0,39,15,49,1,0,1
21,Mechanical,3,6.45,62.48,59,16,2,0,2,1,11,9,27,0,0,0
19,CSE,2,7.98,78.84,203,50,2,0,4,4,66,23,57,1,1,1
23,IT,3,7.97,82.65,252,64,4,1,4,2,72,20,63,1,1,1
23,IT,3,6.61,70.96,168,35,3,0,7,6,61,5,65,0,0,1
21,EEE,3,5.64,66.43,73,38,0,2,1,0,20,5,56,0,0,1
22,IT,2,7.16,72.97,209,35,3,3,5,1,48,6,70,0,1,1
20,Chemical,2,7.92,68.85,129,63,3,4,3,1,29,17,56,0,1,1
19,Mechanical,2,8.21,74.83,118,36,3,1,2,1,28,17,57,0,1,1
21,Chemical,3,7.56,86.13,139,20,4,1,2,2,24,6,40,0,1,1
20,ECE,2,6.64,70.38,116,16,3,0,3,3,18,21,38,0,0,1
22,IT,2,8.12,76.08,207,32,2,0,3,1,64,26,54,0,1,1
23,Chemical,2,7.84,68.54,171,44,3,1,3,0,30,21,60,0,1,1
18,CSE,1,8.38,79.65,265,41,10,1,3,3,77,8,57,1,1,1
21,Chemical,1,6.99,64.99,173,63,1,4,2,1,19,16,59,0,1,1
20,CSE,2,7.94,74.02,220,46,4,1,4,1,62,11,42,1,1,1
23,Mechanical,3,8.09,56.88,166,45,1,1,6,0,25,29,59,0,0,1
20,Mechanical,3,6.2,70.02,48,34,4,0,1,1,16,28,72,0,0,1
21,EEE,1,7.23,74.24,140,55,5,2,1,0,12,24,39,0,1,1
21,Mechanical,2,6.21,64.61,124,10,3,0,2,3,24,7,45,0,0,1
21,CSE,2,6.81,68.03,237,44,4,0,5,4,77,13,64,0,1,1
22,IT,3,7.26,68.45,354,26,5,2,2,2,97,13,35,0,0,1
22,IT,1,6.52,75.57,495,38,4,1,5,5,100,15,48,0,1,1
21,Chemical,2,8.45,73.23,114,41,3,3,2,2,27,30,50,0,1,1
22,ECE,2,8.46,86.71,224,47,4,1,7,3,38,22,41,0,1,1
25,CSE,2,7.39,83.65,286,46,9,5,6,1,84,25,81,0,1,1
21,AIML,2,6.94,72.6,242,48,3,0,1,2,88,27,49,0,0,1
21,Civil,3,7.31,84.2,155,45,5,2,2,1,26,23,43,0,0,1
18,Civil,2,8.74,88.11,130,49,3,0,2,3,21,28,67,0,0,1
22,Chemical,2,8.03,78.5,184,50,4,1,6,1,27,31,50,0,0,1
21,CSE,3,5.82,62.42,161,29,2,0,2,3,52,24,57,0,0,1
21,Mechanical,1,5.83,71.24,111,37,5,0,1,0,16,17,40,0,0,1
19,IT,2,6.73,73.12,195,51,2,2,3,5,64,19,67,1,1,1
23,Mechanical,2,7.46,70.09,136,63,2,0,1,1,25,19,43,0,0,1
21,Civil,2,6.05,83.45,126,47,3,2,1,0,22,27,29,0,0,1
22,AIML,2,7.32,77.95,191,58,3,0,2,2,69,20,48,0,1,0
20,ECE,3,5.93,60.62,90,19,2,1,2,2,15,14,42,0,0,1
24,IT,3,7.36,76.41,245,51,6,0,1,3,72,18,51,0,0,1
20,ECE,2,7.68,74.99,213,44,5,0,2,1,33,21,51,0,0,1
20,AIML,2,8.95,81.74,277,38,5,4,2,3,83,15,54,0,1,1
23,IT,2,7.39,72.5,196,31,4,0,1,1,41,19,49,0,1,1
23,AIML,3,7.05,63.76,186,52,4,1,4,2,77,21,66,0,1,1
20,AIML,2,8.63,85.08,255,60,4,2,4,3,64,19,58,1,1,1
21,EEE,2,8.06,88.39,168,29,3,1,3,0,34,13,59,1,1,1
22,EEE,3,7.39,70.75,180,38,6,2,1,2,25,5,28,0,1,1
23,Chemical,2,7.24,72.23,171,22,6,2,1,1,33,13,59,0,0,1
21,IT,2,8.95,86.54,283,44,2,1,7,2,69,31,52,0,1,1
21,EEE,1,7.13,69.5,137,29,1,2,3,0,33,7,57,1,1,1
22,Chemical,3,6.09,75.51,86,31,3,1,2,2,10,7,32,0,0,1
22,ECE,3,7.19,72.53,70,48,4,0,3,3,21,20,51,0,0,1
22,Mechanical,3,7.08,67.01,148,27,4,0,2,0,26,30,58,0,0,1
21,Chemical,2,8.52,73.23,153,33,2,2,5,2,24,27,57,0,1,1
19,Mechanical,2,7.63,74.13,199,41,2,0,7,2,31,31,78,0,1,1
23,CSE,3,8.13,76.25,192,44,7,1,6,1,59,35,20,0,1,0
23,CSE,3,5.17,58.54,115,10,2,1,1,1,40,5,46,0,1,1
22,AIML,1,7.47,75.27,279,47,7,2,4,3,81,2,47,0,1,1
19,Mechanical,1,9.0,63.37,198,37,3,1,5,0,37,32,83,0,1,1
20,Mechanical,2,6.58,75.77,133,52,2,0,3,1,23,24,44,0,0,1
22,CSE,2,7.26,78.65,215,48,8,0,1,2,60,33,53,0,1,1
18,ECE,2,8.21,70.93,126,61,5,0,4,1,16,32,54,0,1,0
25,ECE,2,7.07,73.03,149,34,2,1,1,1,19,11,51,0,1,1
21,Mechanical,1,8.42,73.85,188,65,5,3,6,4,33,33,60,1,1,1
22,AIML,3,6.84,69.09,216,43,5,1,5,5,68,17,62,0,1,1
23,AIML,2,7.47,72.1,192,52,7,1,6,3,55,12,34,0,1,1
21,EEE,1,8.32,75.64,179,59,4,1,4,1,20,19,60,0,1,1
20,CSE,3,6.42,66.92,127,44,5,0,4,1,34,20,56,1,0,1
21,EEE,2,6.81,73.58,112,21,4,1,4,4,27,29,52,1,1,1
21,ECE,3,8.13,86.58,103,40,4,0,8,2,21,39,33,1,0,1
21,ECE,1,7.08,75.91,176,40,3,1,2,4,23,16,53,0,1,1
21,Mechanical,2,7.61,73.01,201,31,1,0,2,0,23,9,67,1,0,1
24,CSE,2,8.33,85.21,200,51,3,3,2,2,49,17,71,0,1,1
21,AIML,3,7.43,81.81,169,29,3,1,0,0,34,20,47,0,0,1
20,Civil,2,7.73,80.91,105,50,3,1,5,6,16,25,42,1,0,1
21,Mechanical,2,8.82,81.13,127,63,3,2,5,2,11,21,54,0,1,1
21,AIML,2,9.46,83.25,223,79,3,1,3,4,58,10,43,0,1,0
20,Mechanical,3,7.47,78.55,97,38,7,1,4,2,24,10,44,0,0,0
20,ECE,2,7.14,81.06,85,42,4,2,0,0,13,1,47,1,1,1
22,EEE,2,8.21,71.49,216,41,3,3,6,2,26,27,61,0,1,1
20,Mechanical,3,6.69,70.41,114,46,6,1,5,2,9,9,45,0,0,1
24,CSE,2,8.62,83.93,291,47,0,0,5,3,76,21,56,0,1,0
20,EEE,1,7.28,74.08,144,34,3,5,3,4,26,18,48,0,1,1
19,IT,2,7.14,73.5,186,64,2,1,1,3,45,19,47,0,1,1
22,ECE,2,6.63,77.34,110,46,6,1,3,4,18,10,47,0,1,1
23,IT,2,6.78,65.13,180,19,2,5,6,3,46,12,50,0,1,1
20,Chemical,1,8.75,84.65,185,42,5,2,2,2,28,27,60,0,1,1
20,EEE,3,7.64,68.08,111,44,2,1,2,2,15,27,54,0,0,1
20,Civil,3,7.31,70.83,74,43,1,1,4,1,20,15,54,0,1,1
21,AIML,3,9.09,68.13,191,28,4,2,3,8,57,29,50,0,1,1
21,IT,2,7.6,71.11,217,38,4,2,5,2,72,29,65,1,1,1
20,Mechanical,2,7.49,77.95,92,61,1,1,3,1,26,10,47,0,0,1
19,AIML,3,6.4,71.84,341,45,2,3,2,3,82,14,39,1,1,0
21,Chemical,3,6.66,69.62,145,46,5,0,5,1,22,6,59,0,0,1
24,EEE,2,6.7,74.52,124,8,4,1,4,1,22,22,55,0,0,1
22,Civil,3,6.77,74.81,104,11,4,2,1,2,14,29,50,0,0,1
21,CSE,3,6.95,64.74,261,35,5,0,4,1,72,22,45,0,0,1
19,IT,3,7.11,80.41,224,26,5,1,2,3,61,9,58,0,1,1
20,IT,1,8.34,80.76,410,39,4,5,6,1,99,24,70,1,1,1
20,Chemical,3,7.33,63.32,140,32,0,1,3,4,24,28,61,1,1,1
22,CSE,2,9.02,90.21,228,51,5,1,5,4,52,20,57,0,1,1
23,Mechanical,2,8.04,73.77,90,37,4,2,7,2,11,28,49,0,1,1
23,EEE,2,6.9,64.66,212,56,4,0,3,1,35,22,35,0,1,1
25,Civil,3,7.73,65.81,103,9,1,0,1,3,14,14,45,0,0,1
25,Chemical,3,7.48,62.97,166,46,2,2,6,2,21,17,53,1,1,1
24,Mechanical,1,8.94,75.23,298,46,6,2,6,1,43,15,53,1,1,1
19,AIML,2,8.2,71.02,254,49,3,4,5,4,61,15,31,0,1,1
20,Civil,3,7.41,65.87,101,44,3,0,6,3,21,21,51,0,1,1
20,ECE,3,8.84,76.06,188,38,3,2,5,1,24,27,50,1,0,0
21,EEE,2,7.97,86.18,95,41,5,1,4,0,16,14,32,0,0,1
19,AIML,2,8.01,70.74,203,50,4,3,0,5,54,19,54,0,1,1
23,Mechanical,2,8.78,75.79,214,39,5,2,4,1,30,21,58,0,1,0
21,ECE,1,8.48,81.11,259,54,7,0,1,1,39,20,58,1,1,1
21,Mechanical,2,7.68,87.21,131,53,3,1,2,2,13,22,66,0,0,1
20,ECE,2,7.43,75.1,184,21,1,0,3,0,30,2,59,0,0,1
20,EEE,2,5.78,71.71,62,17,3,0,1,5,17,8,69,0,0,1
20,CSE,2,5.93,74.88,216,0,0,2,4,1,58,6,65,0,0,1
23,CSE,1,7.65,77.88,239,58,6,2,6,3,51,23,39,0,1,1
21,Chemical,2,7.03,60.86,159,28,1,2,3,2,19,15,40,1,0,1
22,Mechanical,3,7.37,68.2,184,63,2,1,3,1,23,16,53,0,0,1
20,CSE,2,8.36,81.7,313,41,2,4,7,2,78,17,62,0,1,1
21,EEE,3,6.69,67.66,61,62,5,3,0,2,26,2,44,0,1,1
21,Mechanical,2,6.16,60.6,187,30,2,0,1,1,32,12,45,0,0,1
22,EEE,2,6.4,68.56,98,18,5,1,3,4,15,29,54,0,1,1
22,ECE,2,6.66,75.18,76,35,2,2,1,4,21,24,49,1,1,1
20,Civil,2,6.53,74.46,105,28,0,2,2,0,28,8,52,0,0,1
24,CSE,2,7.54,74.45,271,36,6,1,4,6,83,6,50,0,1,1
19,EEE,2,8.81,65.26,265,62,3,2,3,4,30,33,44,1,1,1
23,ECE,2,8.02,77.11,170,53,4,4,5,2,28,20,52,0,1,1
19,EEE,3,7.94,66.33,226,46,4,3,5,2,35,29,49,0,0,1
20,AIML,3,7.54,78.01,227,36,5,1,4,4,66,5,37,1,1,1
23,CSE,2,6.45,73.23,160,29,5,2,4,4,51,7,47,1,0,1
20,Chemical,2,9.4,76.27,183,59,3,0,5,1,22,22,58,0,0,1
21,Civil,3,7.08,63.23,116,60,3,2,2,3,27,20,73,0,1,1
21,Civil,2,8.16,84.05,144,58,2,2,4,3,28,15,51,1,0,0
20,Mechanical,3,5.45,69.49,48,9,2,2,2,1,15,2,56,0,0,1
22,CSE,3,7.27,66.75,340,51,4,1,1,3,76,15,47,0,1,1
23,EEE,2,7.35,83.86,95,32,4,3,2,1,18,14,44,1,1,1
23,IT,2,7.27,73.58,165,37,5,0,7,4,50,8,51,0,1,1
20,IT,1,6.56,66.46,273,47,3,3,4,2,57,23,57,1,1,1
21,AIML,2,7.67,81.96,251,42,6,4,2,2,68,14,73,0,1,1
20,CSE,2,8.54,82.91,227,58,9,2,2,3,71,15,57,0,1,1
20,CSE,3,9.13,83.35,209,47,8,0,4,3,75,20,54,1,1,1
20,CSE,2,8.9,80.22,345,27,5,2,9,2,95,22,50,0,1,1
24,Mechanical,2,8.57,69.61,144,39,4,2,5,4,27,4,50,0,1,1
23,Chemical,2,8.95,71.18,141,25,1,1,4,1,22,16,80,0,1,1
22,IT,1,9.3,76.96,282,56,5,1,2,3,88,15,44,0,1,1
21,CSE,3,6.56,57.13,167,29,4,0,6,1,53,24,47,0,0,1
21,AIML,2,7.71,76.67,367,37,4,1,3,2,91,20,64,0,1,1
21,Mechanical,2,6.42,69.96,88,30,3,0,3,2,17,19,35,0,0,0
21,IT,3,7.81,75.34,169,53,5,2,5,4,63,25,59,0,1,1
21,EEE,3,7.14,83.8,138,44,6,1,1,1,19,11,34,0,0,1
20,AIML,1,7.62,66.36,309,0,3,0,4,2,77,28,37,0,1,1
19,Mechanical,2,7.27,74.21,141,8,2,1,0,2,21,29,37,0,0,0
24,EEE,3,5.23,58.77,63,40,1,0,2,0,22,19,43,0,0,1
21,AIML,1,6.13,78.52,244,35,4,1,4,1,67,10,88,0,1,1
24,Chemical,1,9.66,69.92,962,79,9,3,1,3,80,22,46,0,1,1
20,ECE,2,6.93,85.42,146,37,1,0,3,0,19,22,48,0,0,1
21,AIML,2,8.37,70.03,291,47,7,1,6,0,71,12,58,0,1,1
20,ECE,2,7.36,75.73,221,40,1,1,3,5,26,11,59,0,1,1
20,IT,3,6.0,72.78,168,40,3,2,4,1,58,16,48,0,1,1
19,Civil,3,6.16,75.76,115,18,2,0,2,3,16,13,63,0,0,1
19,IT,3,6.78,64.19,205,31,4,1,8,6,64,12,62,1,1,1
23,Civil,3,6.56,62.68,80,33,1,0,1,0,20,9,43,0,0,1
20,Mechanical,1,7.67,71.3,175,43,5,5,4,1,15,17,60,0,1,1
21,Mechanical,1,7.96,80.34,182,40,1,1,4,1,22,25,63,1,1,1
21,CSE,3,7.64,74.49,167,39,5,2,5,2,43,25,61,0,1,1
21,CSE,3,7.54,81.7,159,47,5,2,2,3,54,13,42,1,0,1
21,Civil,3,8.1,70.09,166,57,5,2,4,0,30,29,48,0,1,1
20,EEE,1,8.6,75.75,200,50,6,3,3,0,32,30,49,0,1,1
25,Chemical,1,6.96,71.73,213,20,4,2,5,3,31,21,55,0,1,1
22,ECE,3,5.76,67.55,54,24,7,1,1,2,11,9,59,0,0,1
22,EEE,1,7.17,77.07,194,17,0,1,3,2,31,19,56,1,1,1
21,Chemical,3,7.42,82.42,96,47,0,0,2,2,16,16,52,1,0,1
20,Mechanical,2,7.05,68.46,102,34,3,1,1,1,21,6,62,0,0,1
24,IT,3,7.89,71.99,210,55,3,2,2,3,60,30,60,0,1,1
20,Civil,2,6.37,72.47,198,37,4,1,2,0,31,2,57,0,0,1
19,AIML,3,8.69,80.16,190,53,4,0,8,1,74,23,53,1,1,1
20,ECE,2,8.17,83.69,185,27,4,0,2,0,26,15,50,0,1,1
22,AIML,3,7.02,73.13,161,25,4,1,3,5,49,19,51,1,0,1
22,Chemical,2,6.85,70.5,98,33,4,2,0,4,25,0,63,0,1,1
22,Chemical,1,7.62,86.63,228,34,4,3,6,1,34,14,72,0,1,1
22,Civil,2,8.48,79.44,186,42,4,3,4,2,27,9,39,0,1,1
20,IT,3,7.01,77.45,173,24,1,1,5,2,52,19,67,0,0,1
24,Mechanical,1,7.26,62.18,228,46,6,0,2,1,23,21,42,0,1,1
21,AIML,3,7.35,72.54,211,37,6,0,4,0,65,25,55,0,1,1
22,IT,1,6.68,79.3,254,48,5,3,4,3,72,17,50,0,1,1
18,Mechanical,3,8.26,77.25,137,26,3,0,3,2,32,32,53,0,0,1
25,CSE,2,8.03,75.21,319,62,8,1,3,2,64,32,68,0,1,1
20,CSE,3,8.12,62.78,252,42,5,1,1,3,63,12,52,1,1,1
19,EEE,2,8.68,76.86,147,36,2,1,3,3,24,22,44,0,1,1
21,Mechanical,3,6.68,80.14,59,32,1,0,4,2,13,11,62,1,0,1
19,IT,2,7.51,74.13,215,29,4,1,2,2,58,8,48,0,1,1
20,Mechanical,2,7.42,77.1,159,36,3,2,4,3,19,14,54,0,1,1
22,Civil,3,8.7,75.61,169,61,4,0,4,0,30,25,58,0,0,1
21,CSE,2,7.15,70.59,178,34,5,0,6,1,59,27,51,0,1,1
24,Civil,3,5.83,69.09,113,31,4,2,3,1,19,11,40,0,0,0
20,EEE,2,7.11,76.28,184,33,1,0,3,2,22,8,49,1,1,1
22,ECE,3,8.1,81.41,82,41,1,0,7,0,24,16,45,1,0,1
21,CSE,2,7.95,80.46,450,37,7,3,4,3,100,17,47,0,1,1
22,IT,1,7.67,72.25,351,25,3,0,1,2,89,28,53,0,1,1
21,Mechanical,3,7.03,74.0,78,61,3,0,2,6,14,23,36,0,0,1
21,ECE,2,7.79,66.09,332,46,3,1,3,2,36,31,64,1,1,1
24,CSE,3,7.83,76.89,204,65,3,0,6,2,63,12,48,1,1,1
20,AIML,3,7.53,60.13,251,48,4,0,1,6,81,5,41,0,0,0
20,Civil,1,7.45,63.29,162,17,2,1,1,4,28,19,59,1,1,1
22,ECE,2,7.47,75.35,153,45,3,0,1,2,24,15,35,0,1,1
23,CSE,1,7.29,77.1,394,38,4,3,7,2,100,38,46,0,1,1
19,Chemical,3,8.23,67.88,117,41,5,2,4,0,22,38,40,0,0,1
21,AIML,3,7.24,77.07,185,34,4,1,1,3,44,7,43,1,0,1
23,Mechanical,3,6.56,69.84,91,51,2,1,1,5,26,21,52,0,0,1
22,CSE,2,9.42,88.1,348,37,2,2,5,7,79,37,44,1,1,1
25,AIML,2,6.88,82.22,271,33,2,2,5,3,72,17,49,0,1,1
21,IT,3,6.59,55.45,150,41,6,0,5,1,63,8,60,0,1,1
22,Civil,3,6.33,83.71,110,25,4,0,1,4,24,15,55,0,0,1
20,Mechanical,1,7.17,79.35,194,40,6,2,5,3,27,4,45,1,1,1
24,IT,2,8.13,80.29,211,58,8,1,3,4,57,18,61,1,1,1
21,Mechanical,2,6.16,67.4,72,40,2,1,2,0,19,12,45,0,1,1
22,Mechanical,3,7.49,77.61,87,15,2,1,3,2,25,28,43,1,0,1
21,ECE,2,7.0,75.02,125,27,4,2,2,4,18,29,40,1,1,1
21,ECE,2,6.81,77.84,102,24,5,0,1,4,23,29,78,1,1,1
22,ECE,3,5.87,71.38,32,39,1,1,3,1,15,6,61,0,0,1
21,CSE,2,7.46,77.86,361,33,3,3,7,6,100,22,73,1,1,1
23,Mechanical,1,6.29,75.43,161,33,3,2,2,0,17,15,69,0,1,1
21,Mechanical,3,7.11,59.28,212,30,2,0,0,0,37,20,51,0,0,1
22,Civil,3,7.64,72.54,84,39,3,2,4,2,18,22,41,0,0,1
20,Mechanical,2,5.58,67.98,58,52,2,1,0,2,12,8,72,0,0,1
21,Mechanical,3,7.94,72.84,85,73,3,1,2,1,22,22,46,0,0,1
21,Mechanical,3,5.67,76.14,57,32,3,1,3,2,9,7,48,1,0,1
19,Chemical,2,9.04,90.37,150,36,5,1,4,2,26,27,54,0,1,0
19,EEE,2,7.33,74.57,96,42,2,0,3,1,24,19,42,0,0,1
22,Civil,2,6.77,72.73,186,55,0,1,5,5,27,19,55,1,1,1
22,Mechanical,2,7.67,75.46,98,44,0,1,7,0,23,18,57,0,1,0
22,AIML,3,6.58,60.21,173,13,5,2,3,5,43,17,39,1,1,1
18,ECE,3,5.29,60.86,63,25,4,0,2,2,15,21,48,0,0,1
20,Mechanical,2,8.47,71.12,251,29,3,2,1,1,38,7,72,0,1,1
20,CSE,1,7.45,79.6,237,27,7,2,8,1,73,9,62,1,1,1
22,ECE,2,7.56,71.53,181,39,1,5,2,1,32,23,53,0,1,1
23,CSE,2,7.36,73.1,246,28,4,0,4,3,68,30,56,0,1,1
20,AIML,2,6.79,70.63,202,42,4,1,2,0,62,16,64,0,1,1
22,ECE,1,6.8,70.0,191,48,3,4,3,1,22,5,54,0,1,1
19,IT,3,7.97,90.21,322,26,3,0,5,4,81,29,51,1,0,1
20,Mechanical,2,7.94,76.2,132,55,6,2,5,0,25,33,41,0,1,1
20,EEE,2,7.46,83.77,122,51,3,0,2,1,17,14,50,0,1,1
20,AIML,1,8.62,72.71,305,48,4,2,2,4,71,22,66,0,1,1
22,CSE,3,7.29,65.59,290,43,3,0,4,3,64,30,64,1,0,1
23,AIML,3,8.3,82.85,271,53,4,1,7,5,90,21,62,0,1,1
20,ECE,2,8.75,79.16,142,61,6,0,4,4,25,41,56,1,1,1
21,Mechanical,2,8.42,81.39,169,24,4,3,3,5,26,18,70,0,1,1
22,EEE,3,7.7,87.31,109,53,4,0,2,4,24,20,53,0,0,1
24,CSE,2,6.64,72.61,230,49,2,1,3,7,61,11,63,1,1,1
21,ECE,3,7.73,77.51,128,44,2,0,4,4,29,14,53,1,0,1
20,Chemical,2,7.1,70.39,97,49,2,0,4,1,21,26,55,1,0,1
22,Civil,3,7.96,76.46,86,17,0,0,2,1,18,22,55,0,0,1
20,Mechanical,3,8.72,79.8,126,58,5,1,6,3,24,10,48,0,0,1
25,AIML,2,7.42,77.21,224,24,5,2,6,2,68,22,62,1,1,1
21,CSE,3,6.4,72.54,194,46,3,0,4,1,63,26,57,1,1,1
22,ECE,2,8.1,65.08,167,69,4,0,4,2,20,30,47,0,1,1
18,IT,2,7.49,84.67,193,62,3,0,4,4,62,15,36,1,0,1
21,Mechanical,2,8.81,78.81,137,68,1,1,4,3,23,27,43,0,1,0
23,CSE,2,7.55,85.26,210,37,6,2,3,2,59,18,53,1,1,1
21,Chemical,3,7.29,67.56,96,53,1,0,3,1,30,7,62,0,0,1
21,Mechanical,2,7.58,70.77,151,38,3,1,5,2,31,23,54,0,0,1
24,Chemical,2,7.76,73.42,130,60,2,2,2,4,24,21,63,0,1,1
23,Civil,2,5.82,65.74,92,36,4,1,3,1,25,15,42,0,0,1
20,ECE,2,6.81,74.32,100,5,3,1,2,1,30,11,53,0,1,1
21,EEE,1,8.69,85.45,262,58,4,0,1,1,32,27,74,0,1,1
21,Civil,3,6.8,81.37,152,16,3,1,3,4,26,11,60,0,0,1
22,AIML,2,7.48,70.65,203,64,5,0,3,2,75,12,36,1,0,1
20,CSE,3,7.16,68.71,178,49,2,0,2,2,52,21,67,0,1,1
20,IT,3,6.77,77.03,194,34,6,1,4,5,58,12,53,0,1,1
23,ECE,2,7.36,66.17,257,62,3,0,3,2,38,17,57,0,1,1
24,EEE,2,6.63,75.92,184,38,3,2,3,1,35,24,34,0,1,1
23,AIML,2,6.24,68.32,172,21,5,3,2,1,66,4,38,0,1,1
25,ECE,2,7.68,71.47,112,45,1,0,4,4,34,22,60,1,1,1
22,EEE,2,8.87,58.69,163,71,1,0,2,3,26,38,66,0,1,1
22,Civil,2,8.14,77.89,244,50,6,0,5,3,29,33,54,0,1,1
22,AIML,2,8.15,84.26,235,19,1,0,9,6,74,0,66,0,1,1
21,Mechanical,2,8.4,68.57,218,49,4,1,6,2,26,17,31,0,1,0
21,Chemical,2,7.67,76.54,210,47,7,1,3,4,33,24,36,0,0,0
20,IT,1,7.77,78.36,288,43,4,2,3,2,68,26,37,1,1,1
22,ECE,2,6.77,67.97,78,2,2,1,3,2,17,10,68,0,1,1
20,CSE,2,8.17,79.17,195,34,6,0,8,1,47,27,55,1,1,1
20,Mechanical,3,7.59,80.55,89,47,1,1,2,0,15,28,48,0,0,1
21,Civil,3,6.77,72.93,145,56,1,2,2,1,25,17,59,1,0,1
21,CSE,3,7.08,76.54,216,26,1,0,4,0,64,3,48,0,0,1
20,Civil,3,6.39,68.63,39,23,6,0,2,2,6,10,69,0,0,1
22,CSE,1,8.2,81.91,320,33,5,1,3,1,86,16,70,1,1,1
23,Civil,3,8.66,65.73,96,55,4,0,2,0,15,21,29,0,0,1
20,ECE,1,9.7,76.32,1018,92,6,2,4,0,65,18,58,0,1,1
18,IT,3,8.24,84.99,245,52,5,2,5,1,59,30,65,1,1,1
20,Chemical,1,8.78,72.83,226,42,4,2,5,3,34,15,43,0,1,1
22,EEE,2,6.51,65.41,211,26,2,2,2,2,36,30,49,0,1,1
23,CSE,3,5.59,79.22,157,36,3,0,6,4,38,21,58,0,0,1
20,Mechanical,1,7.8,77.67,210,60,2,2,1,1,35,18,63,0,1,1
22,CSE,2,7.35,62.86,210,42,5,2,2,5,59,28,63,1,1,1
19,Chemical,1,7.56,72.67,192,46,2,1,1,3,27,14,70,0,1,1
21,CSE,1,8.71,65.81,356,36,4,3,7,3,80,23,49,1,1,1
25,ECE,3,7.05,70.99,73,23,3,0,2,1,23,19,38,0,0,1
20,ECE,3,9.41,79.9,148,59,2,2,2,3,28,16,81,0,1,1
20,ECE,3,6.04,73.63,124,26,2,0,0,3,22,24,57,0,0,1
21,ECE,2,6.76,71.84,202,36,4,1,5,1,35,8,39,1,0,1
21,ECE,2,6.76,82.8,160,46,2,0,3,3,36,16,60,0,0,1
24,Mechanical,3,7.19,73.81,96,45,2,0,1,3,22,4,43,0,0,0
25,CSE,2,8.71,64.51,209,40,8,5,2,1,55,25,51,0,1,1
19,Mechanical,2,6.55,75.27,95,44,4,1,1,1,19,7,44,0,0,1
20,CSE,2,6.73,72.3,244,48,3,0,3,2,61,5,52,0,1,1
22,Civil,2,6.96,71.08,80,56,2,0,4,3,12,5,65,0,0,1
20,Mechanical,3,7.27,80.66,158,35,3,1,9,0,25,17,55,1,0,1
23,Mechanical,2,7.64,80.27,95,39,0,0,5,0,25,7,65,0,0,1
22,AIML,1,7.42,67.69,316,28,4,2,2,0,93,18,71,0,1,1
19,Civil,2,6.4,72.39,148,44,2,0,2,0,26,11,76,0,1,1
23,Mechanical,2,7.42,84.38,140,51,1,3,3,1,21,13,47,0,1,1
20,Chemical,2,8.72,78.44,216,49,5,1,5,1,29,20,45,0,1,1
21,CSE,3,8.13,67.0,204,65,4,1,1,4,50,21,66,1,0,1
21,Mechanical,2,7.11,75.53,131,43,5,1,3,4,31,25,53,1,0,1
21,EEE,2,7.56,72.02,154,31,1,2,6,0,32,29,50,0,1,0
22,Chemical,2,7.92,75.59,201,45,2,3,3,3,34,8,58,0,0,1
22,ECE,3,8.1,69.22,113,41,4,1,2,2,29,17,24,0,1,0
25,AIML,2,8.8,80.53,252,55,4,1,3,4,57,36,70,0,1,1
25,Civil,3,7.58,70.19,298,74,2,0,1,0,47,7,33,0,0,1
21,IT,1,6.75,77.26,266,55,3,2,3,5,64,15,39,0,1,1
19,Mechanical,2,6.2,79.29,87,47,2,0,2,2,26,3,72,0,0,1
22,IT,3,7.86,76.46,182,25,7,1,4,4,59,1,55,1,1,1
25,Chemical,2,6.27,63.41,88,51,2,1,2,1,23,21,57,0,1,1
20,ECE,1,8.44,71.74,265,56,3,1,5,4,37,20,83,0,1,1
21,IT,1,7.24,74.42,288,57,3,2,2,0,78,11,64,0,1,1
21,Civil,3,6.32,72.45,275,11,2,0,2,1,40,22,55,0,0,1
19,CSE,2,7.94,71.71,195,34,1,0,4,5,67,18,63,0,1,1
22,CSE,3,6.48,69.33,215,43,2,0,2,1,50,17,62,0,0,1
21,Civil,3,7.75,78.87,137,21,2,3,0,2,22,21,46,0,0,1
22,IT,3,7.51,81.51,274,60,1,2,5,2,70,10,34,0,0,0
23,CSE,3,5.73,68.29,139,38,5,2,1,1,60,14,33,0,0,1
23,EEE,3,8.55,81.65,111,49,2,3,5,1,18,33,59,1,1,0
21,AIML,2,8.6,77.49,271,36,4,3,7,5,61,13,38,0,1,0
20,Chemical,3,8.16,78.3,78,36,3,0,3,2,17,17,45,0,0,1
22,Civil,2,8.33,72.09,170,31,2,0,2,2,18,16,57,0,1,1
22,Civil,3,6.73,74.28,80,33,4,0,4,2,18,17,49,0,1,1
21,Civil,2,8.49,86.72,136,58,3,1,7,1,21,27,48,0,1,1
23,Civil,2,8.14,78.63,228,40,4,4,2,1,32,24,40,0,1,1
20,IT,3,5.57,70.77,207,40,2,0,1,4,62,16,50,0,0,1
23,Mechanical,3,6.53,64.66,149,17,2,2,2,2,22,11,60,0,0,1
19,Civil,3,6.71,73.85,121,12,2,0,4,2,22,19,36,0,0,1
20,Mechanical,2,8.76,63.64,132,63,1,2,5,2,25,36,76,0,1,1
21,Chemical,3,6.53,75.47,67,26,3,1,2,2,18,17,59,0,0,1
19,Civil,2,7.0,82.47,220,35,3,1,1,3,35,30,52,0,0,1
19,CSE,2,6.41,66.79,186,22,3,1,4,4,67,11,50,0,1,1
18,ECE,2,7.09,71.03,107,41,5,1,2,4,23,0,63,0,1,1
21,AIML,2,8.38,83.5,235,67,6,2,7,4,57,3,65,0,1,1
22,Civil,3,6.14,63.89,70,22,0,1,5,1,27,22,46,0,0,1
19,Chemical,3,7.75,78.08,119,21,2,1,2,1,30,24,72,1,0,1
22,ECE,3,6.6,65.88,83,19,4,0,3,1,18,17,61,0,1,0
23,CSE,3,8.95,82.66,197,49,2,2,10,2,62,23,51,1,1,1
20,IT,3,7.45,72.13,234,24,4,3,4,5,60,24,44,0,1,1
20,CSE,3,7.28,54.01,211,27,6,0,0,3,79,0,39,0,0,1
23,ECE,3,6.86,64.59,94,9,3,0,1,1,22,11,52,0,0,1
23,Chemical,2,7.68,73.93,127,45,1,0,2,1,26,10,47,1,1,1
21,IT,2,6.25,83.07,190,42,4,0,6,2,60,20,68,0,0,1
22,Mechanical,3,7.43,72.08,184,28,2,1,2,3,33,26,73,0,0,1
19,Civil,2,7.0,67.39,93,28,2,0,3,0,27,17,58,0,0,1
21,Civil,2,6.96,74.46,111,39,3,3,5,1,19,15,41,0,1,1
22,CSE,1,9.5,58.82,391,59,6,4,3,2,100,35,58,0,1,1
20,AIML,2,8.69,86.74,234,48,8,4,3,5,51,46,47,0,1,1
22,AIML,3,8.59,81.81,186,48,6,1,2,4,55,28,56,0,1,1
21,AIML,3,8.07,72.3,286,39,2,0,3,3,81,30,47,0,0,1
22,CSE,3,7.7,79.69,176,50,6,2,6,2,56,14,50,1,0,1
21,ECE,3,8.6,79.62,114,53,4,5,5,0,13,18,64,0,1,1
21,Mechanical,3,7.63,73.48,221,30,3,1,7,1,36,17,46,0,1,1
20,AIML,2,8.03,79.51,198,38,5,1,7,2,55,24,60,0,1,1
20,EEE,1,8.93,77.96,223,56,3,3,3,0,39,23,62,0,1,1
22,ECE,3,8.04,76.92,262,50,9,1,6,0,39,25,59,0,1,1
19,CSE,3,7.73,78.62,216,28,7,4,4,3,66,31,55,0,1,1
19,AIML,2,8.18,73.53,229,43,5,5,6,5,71,17,46,0,1,0
20,AIML,3,7.44,72.94,413,34,9,0,9,0,100,30,59,0,1,1
20,ECE,3,7.78,66.72,79,17,4,2,2,1,16,8,42,0,0,1
23,EEE,1,8.26,67.45,209,65,2,1,3,1,28,7,50,0,1,1
21,IT,2,6.45,58.74,192,29,3,2,4,3,62,21,48,0,1,1
25,CSE,2,6.87,74.55,232,26,4,0,1,1,76,20,53,1,1,1
20,AIML,2,8.12,73.78,224,43,2,1,0,2,69,13,63,0,1,1
22,CSE,2,7.61,66.12,237,35,3,2,9,4,66,14,48,0,1,1
21,Mechanical,2,7.48,71.26,147,57,3,1,1,3,28,35,62,0,0,1
21,Mechanical,3,7.6,66.9,138,55,6,3,1,0,20,20,42,0,0,1
23,Mechanical,3,5.66,69.41,42,29,3,0,2,2,25,26,53,1,0,1
25,EEE,3,7.21,79.96,90,50,3,2,1,1,15,28,47,0,1,1
23,AIML,3,7.21,82.37,159,39,2,0,0,3,51,17,48,0,1,1
20,CSE,3,7.5,72.93,171,18,2,0,3,1,69,0,48,0,0,1
20,EEE,2,8.23,75.09,161,45,3,2,4,0,26,26,53,0,1,1
22,Mechanical,1,7.44,61.17,206,32,3,1,2,2,30,7,51,0,1,1
20,Mechanical,2,8.64,67.43,121,37,5,4,1,3,22,32,36,1,1,1
22,Mechanical,3,6.52,80.22,58,42,4,1,0,1,18,26,54,0,0,1
21,EEE,2,8.09,77.1,206,71,3,2,0,4,32,11,47,0,1,1
21,Civil,3,6.91,79.97,64,26,3,1,3,2,13,19,33,0,0,1
23,Mechanical,3,8.34,63.5,94,48,3,0,8,2,16,11,42,0,0,1
22,Chemical,2,7.69,74.07,103,42,5,1,1,0,24,21,64,0,1,1
18,CSE,2,6.47,58.58,271,59,2,1,4,1,79,17,45,0,1,1
19,CSE,3,7.44,58.62,177,34,1,1,2,2,76,13,56,0,0,1
21,EEE,2,7.84,68.82,139,64,4,0,4,2,35,14,81,0,0,1
21,IT,1,7.94,88.17,344,19,7,0,2,4,86,26,63,0,1,1
20,IT,2,7.78,69.25,215,33,3,3,5,4,68,16,48,0,1,1
21,Mechanical,1,7.56,82.95,228,51,8,3,2,1,32,30,51,0,1,1
22,ECE,2,7.02,70.67,118,9,4,2,1,3,23,26,62,0,1,1
23,ECE,3,5.95,77.66,48,27,0,0,0,2,12,12,39,1,0,0
21,CSE,1,8.25,81.16,277,26,2,4,7,1,77,23,61,0,1,1
21,ECE,2,7.93,84.61,96,25,5,1,3,1,18,11,52,0,0,1
20,EEE,3,8.97,75.38,110,71,5,1,4,3,28,19,32,1,0,1
21,AIML,2,7.46,75.75,268,53,5,5,3,2,59,13,52,0,1,1
20,AIML,2,7.74,75.59,351,44,5,2,5,2,88,16,57,0,1,1
21,ECE,2,7.63,92.19,142,57,1,3,3,5,23,27,40,0,1,1
22,Civil,3,8.09,82.17,95,50,2,1,4,3,19,30,29,1,0,0
19,CSE,3,6.91,71.11,210,49,3,2,8,3,79,10,55,0,1,1
18,IT,2,7.63,88.64,213,44,2,1,4,4,68,14,44,0,1,1
20,CSE,3,7.37,88.41,302,34,0,3,6,2,80,27,64,0,1,1
23,IT,2,8.13,71.52,247,34,1,2,5,1,71,9,46,1,1,1
22,Mechanical,2,9.39,82.0,144,48,4,2,4,4,23,30,53,0,1,1
20,IT,3,7.63,71.75,252,19,5,1,5,0,69,18,43,0,1,1
23,IT,3,6.12,58.58,166,33,3,0,2,0,47,24,51,0,0,1
21,Chemical,2,6.5,72.09,146,54,0,0,5,4,16,5,38,0,1,1
21,IT,2,8.4,55.49,204,34,4,3,4,2,35,19,30,1,1,1
24,ECE,1,6.34,70.84,228,31,3,1,4,1,25,15,51,0,1,1
19,Chemical,2,7.77,74.5,100,14,5,4,1,3,27,6,59,1,0,1
20,ECE,2,6.88,71.57,170,37,1,1,2,3,36,11,49,1,0,1
21,CSE,2,9.79,79.85,240,92,7,3,6,3,57,27,54,0,1,1
20,CSE,2,6.47,67.68,257,36,3,2,7,4,60,23,58,0,1,1
22,Civil,2,6.94,60.24,115,49,5,2,3,2,25,2,44,0,1,1
20,Civil,3,8.01,65.84,165,37,3,1,8,3,26,20,43,0,1,1
19,AIML,1,7.55,73.77,254,48,5,3,0,4,62,7,51,0,1,1
20,EEE,1,7.14,72.49,156,30,3,2,3,1,31,14,74,1,1,1
21,CSE,2,6.68,77.39,213,38,8,1,5,2,61,7,60,0,0,1
20,AIML,2,6.94,68.89,182,15,9,0,5,2,67,15,61,0,0,1
20,Chemical,3,6.58,63.54,67,49,6,0,3,3,18,26,69,1,0,1
23,IT,1,7.74,72.59,267,48,4,1,3,2,65,32,65,1,1,1
20,AIML,2,9.14,63.83,260,59,9,2,7,7,73,30,50,1,1,1
21,ECE,3,9.1,80.37,113,44,3,0,3,3,25,12,48,0,0,1
19,Civil,3,9.09,83.09,153,56,3,1,4,3,24,20,51,0,1,1
21,Civil,3,7.24,82.41,98,58,5,1,4,1,18,17,46,0,0,1
20,EEE,1,8.36,78.68,178,35,7,2,1,2,26,7,68,0,1,1
21,Mechanical,2,7.61,66.45,168,51,4,0,6,2,25,29,54,0,1,1
20,Mechanical,3,6.65,66.44,210,35,1,1,3,1,39,23,69,0,0,1
23,Chemical,3,5.82,67.32,49,50,2,1,0,2,18,5,63,0,1,1
24,EEE,3,5.85,63.8,89,21,1,1,2,0,18,12,46,0,0,1
19,EEE,2,7.63,66.2,131,34,2,2,5,3,24,24,40,0,1,0
19,Civil,2,6.34,66.03,181,46,6,0,3,3,35,15,44,0,0,1
19,IT,2,6.82,78.61,178,34,4,2,2,1,61,15,32,0,1,0
21,ECE,3,7.66,77.13,157,47,2,0,1,2,18,21,72,1,0,1
19,Civil,2,5.52,73.62,93,38,4,0,1,0,17,23,45,0,0,0
23,Chemical,2,8.75,72.47,169,50,3,1,5,4,25,22,55,1,0,1
22,ECE,3,7.39,83.26,112,17,3,0,6,6,23,8,26,0,0,1
22,EEE,3,7.03,74.91,134,46,2,2,2,4,20,21,49,0,1,1
21,Civil,2,6.96,75.08,80,28,3,0,3,3,22,12,47,0,1,1
25,ECE,2,7.9,74.88,141,23,3,0,5,1,35,17,52,1,1,1
19,IT,3,6.53,53.56,139,57,6,1,7,2,68,11,51,0,1,0
21,CSE,2,8.62,87.23,214,62,2,2,4,0,59,10,63,0,1,1
20,AIML,2,8.24,78.48,269,29,3,1,5,2,81,33,52,1,1,1
24,IT,3,6.73,64.4,188,5,6,0,1,4,59,3,50,1,0,1
21,IT,2,7.33,87.95,218,36,4,1,6,1,56,7,38,0,1,1
22,Mechanical,2,8.53,77.42,120,68,7,2,5,1,25,41,58,0,1,1
20,CSE,3,7.69,72.01,203,28,3,2,7,0,55,25,40,0,1,1
25,CSE,3,7.16,66.06,189,32,2,2,7,2,83,10,44,1,0,1
21,EEE,2,6.87,67.55,167,22,3,0,2,2,27,14,38,0,1,0
21,CSE,2,7.4,62.43,230,44,4,1,4,1,70,23,64,0,1,1
25,Chemical,3,7.0,69.26,67,36,2,1,2,5,17,22,65,0,0,1
21,AIML,2,7.76,73.94,229,31,1,0,0,3,64,18,55,0,1,1
21,Civil,3,7.08,76.53,80,18,7,0,4,1,17,17,33,0,0,1
21,IT,2,6.68,58.62,195,38,2,2,2,2,64,10,66,1,1,1
19,Chemical,2,8.43,71.34,128,57,3,3,3,3,14,26,41,0,1,1
20,ECE,2,7.96,66.82,135,35,5,1,3,5,35,2,67,0,1,1
20,Chemical,3,6.5,77.13,62,42,3,1,4,1,9,18,55,0,0,1
19,ECE,1,7.25,77.9,162,38,1,0,4,0,31,29,68,0,1,1
23,Mechanical,3,7.95,62.07,95,69,5,4,5,1,32,17,22,0,0,0
21,CSE,3,6.64,69.3,191,53,1,0,5,2,46,12,36,0,1,1
21,ECE,2,7.36,83.33,167,45,1,1,3,0,29,21,52,1,0,1
21,AIML,3,7.1,77.88,220,39,8,2,1,4,77,5,48,1,1,1
21,Mechanical,3,6.74,69.12,94,37,4,0,1,2,17,0,33,0,0,1
22,ECE,2,6.6,74.1,65,35,3,1,1,3,18,9,37,1,0,0
24,EEE,3,7.3,78.94,55,37,4,2,3,3,11,13,53,0,1,1
24,AIML,2,9.7,83.33,1032,86,8,3,2,6,73,12,40,1,1,1
21,CSE,1,7.24,70.13,335,61,1,2,3,2,63,14,30,0,1,1
20,Mechanical,3,8.07,85.36,267,28,7,2,3,2,36,32,66,0,1,1
21,ECE,2,6.89,68.2,133,54,1,2,5,1,23,29,55,0,1,1
21,IT,3,7.74,70.57,275,27,4,4,10,1,77,27,54,0,1,1
21,Chemical,2,8.31,75.32,134,39,3,0,2,1,22,15,65,0,1,1
22,CSE,3,7.26,74.35,207,40,1,1,4,7,76,14,34,1,1,1
21,EEE,3,7.78,80.19,83,43,3,2,4,1,24,23,41,0,1,1
20,CSE,3,6.62,70.51,228,15,1,2,2,2,57,10,44,0,0,1
20,Mechanical,1,8.38,73.25,243,56,8,1,7,2,33,22,65,0,1,1
21,ECE,3,7.9,69.27,214,35,3,0,2,3,38,32,56,0,0,1
19,Mechanical,3,8.59,81.63,91,54,5,3,3,1,26,14,52,0,1,1
20,Mechanical,3,8.35,76.98,151,70,2,2,3,2,23,20,38,0,0,0
22,CSE,3,7.57,76.31,203,40,4,1,3,4,59,13,35,0,1,1
21,AIML,2,9.85,84.27,236,57,5,1,2,6,73,31,66,0,1,1
20,AIML,3,8.1,85.69,197,29,2,1,7,2,67,13,50,1,1,1
21,EEE,1,8.83,86.1,191,48,6,2,3,4,32,13,47,0,1,1
22,AIML,3,6.96,77.5,169,21,5,0,4,2,58,21,47,0,0,1
20,ECE,2,7.19,71.93,105,36,4,1,2,2,13,27,37,0,0,1
23,ECE,3,7.41,64.76,73,44,5,1,3,1,23,23,39,0,0,1
24,EEE,2,6.65,67.91,98,19,1,2,3,1,21,10,48,0,1,1
21,IT,2,7.53,73.46,175,28,1,1,6,6,57,21,54,0,0,1
22,Chemical,3,7.32,68.63,155,47,6,1,0,2,32,12,53,0,1,1
19,Chemical,2,8.43,80.93,194,42,4,2,5,0,34,23,64,0,0,1
24,IT,2,8.49,77.64,342,43,7,0,8,2,96,17,39,0,1,1
21,Civil,3,7.45,67.56,87,57,1,1,2,1,19,11,56,1,0,1
24,Mechanical,1,7.43,83.31,140,24,3,5,2,1,29,22,54,0,1,1
21,AIML,2,9.02,81.96,369,32,4,2,7,2,82,31,59,0,1,1
18,ECE,3,6.06,70.09,68,35,1,0,3,2,7,6,48,0,0,1
19,IT,3,6.03,76.92,153,59,1,1,5,3,56,25,37,0,0,1
22,Mechanical,2,7.91,69.8,112,50,4,0,3,2,28,28,69,0,0,1
21,Civil,2,7.44,69.45,362,39,2,2,1,5,41,8,53,0,1,1
18,EEE,2,7.24,70.65,108,42,7,2,4,0,13,15,45,0,1,1
22,EEE,3,5.8,72.21,159,24,0,1,4,2,27,10,61,1,0,1
23,Mechanical,2,6.75,73.92,79,51,3,1,1,0,20,6,57,0,1,1
21,ECE,2,8.76,99.92,129,37,4,0,1,2,23,23,56,0,1,1
21,ECE,3,8.46,70.29,183,41,2,0,6,1,29,24,34,0,1,1
18,ECE,3,8.02,76.28,130,63,3,1,5,3,32,18,36,0,0,1
22,Mechanical,3,6.66,69.44,115,36,6,0,6,1,15,21,44,0,0,1
20,EEE,3,7.07,75.71,98,47,6,1,0,0,28,7,52,0,1,1
23,CSE,2,7.16,78.98,226,26,8,0,8,3,66,19,48,0,1,1
21,CSE,1,7.17,74.59,293,29,6,4,5,1,75,11,70,0,1,1
21,IT,3,6.89,74.62,200,37,7,0,5,5,58,8,58,1,0,1
20,EEE,2,7.41,71.21,99,42,4,3,1,2,21,33,50,0,0,1
20,IT,2,6.25,81.43,198,28,5,1,2,1,58,26,51,0,0,1
22,IT,3,8.35,73.43,244,26,5,0,6,3,53,13,36,0,1,1
21,Civil,3,7.23,51.23,93,43,0,1,1,5,21,24,62,0,0,1
21,Civil,3,6.92,67.97,94,38,5,0,2,2,16,5,46,1,0,0
24,ECE,3,6.01,85.91,91,44,3,1,4,2,24,23,43,0,0,1
24,Mechanical,2,8.17,67.85,190,22,3,1,5,2,24,19,65,1,1,1
23,ECE,2,6.61,74.54,93,20,5,3,1,1,16,11,66,0,1,1
20,EEE,2,7.91,69.72,157,33,2,4,4,5,30,24,34,0,0,1
21,AIML,2,6.75,74.86,221,7,5,0,8,1,63,25,67,0,1,1
23,ECE,3,7.45,81.57,135,46,5,2,2,1,27,19,48,0,0,1
21,EEE,2,6.41,67.31,174,25,3,1,3,2,25,9,28,1,0,1
19,ECE,1,7.61,83.3,226,33,4,1,3,3,36,14,48,0,1,1
22,Mechanical,3,7.28,80.89,83,39,5,0,0,1,28,13,47,0,0,1
21,AIML,2,7.64,76.67,208,25,5,1,8,4,76,17,69,1,1,1
21,CSE,2,8.25,75.9,228,39,4,0,10,3,78,29,66,0,1,1
25,Civil,3,7.79,73.37,151,53,6,0,3,2,18,26,62,0,1,1
21,IT,2,8.83,72.55,246,26,6,2,10,3,64,41,48,1,1,1
21,AIML,3,6.13,61.76,165,20,2,0,4,0,39,8,31,1,0,1
21,ECE,1,9.53,84.58,242,57,5,1,5,3,45,39,66,1,1,1
21,AIML,3,8.15,78.49,323,67,4,2,9,2,91,32,63,0,1,1
19,Mechanical,1,7.37,76.51,158,50,7,1,4,2,26,9,52,0,1,1
22,IT,2,8.34,83.76,219,46,5,0,5,2,65,11,54,0,0,0
23,Chemical,2,9.0,78.64,183,71,2,1,10,3,26,32,56,0,1,1
20,AIML,2,8.45,86.38,193,34,3,0,5,5,60,16,74,0,1,1
20,IT,3,6.51,59.42,167,47,4,0,5,1,52,21,41,1,1,0
23,ECE,2,7.53,86.69,170,47,2,3,3,3,31,19,43,0,1,1
18,CSE,2,8.14,75.83,243,56,6,1,1,4,74,11,31,0,1,1
21,CSE,2,7.47,68.98,230,67,7,1,2,3,71,20,39,0,1,0
21,AIML,2,7.87,74.41,241,33,1,3,1,2,57,30,31,0,1,1
22,CSE,2,7.93,86.46,207,38,5,3,4,4,54,17,71,0,1,1
20,Mechanical,3,6.51,66.21,96,33,1,1,2,1,26,1,52,0,1,1
22,Civil,3,8.42,77.63,238,60,6,0,7,4,33,16,43,0,0,1
21,IT,2,7.58,67.0,237,22,1,1,1,2,59,12,55,0,1,1
21,ECE,2,7.46,76.69,166,54,3,3,2,0,24,14,60,0,1,1
19,EEE,2,6.74,80.32,172,6,2,1,2,3,32,11,55,0,0,1
21,CSE,2,7.29,75.35,222,44,1,3,6,2,68,10,70,0,1,1
21,ECE,2,8.3,74.01,154,31,3,0,2,2,18,33,39,1,0,1
20,Chemical,1,7.95,72.59,213,39,2,3,5,3,34,15,48,1,1,1
20,AIML,1,8.35,77.51,310,39,8,0,4,3,86,15,48,1,1,1
20,CSE,3,7.32,77.26,173,42,5,1,4,2,42,10,60,1,0,1
20,AIML,2,7.57,80.33,215,42,1,0,4,0,49,16,56,0,1,1
19,ECE,1,6.35,63.05,121,51,7,0,2,2,19,9,47,0,1,1
24,Civil,2,7.83,71.67,176,26,1,1,5,1,31,18,50,0,1,1
21,IT,2,7.33,83.61,182,40,3,1,4,1,63,16,60,1,1,1
22,IT,2,7.77,78.35,213,44,4,1,2,5,62,10,69,0,1,1
25,IT,2,5.67,69.18,183,24,0,2,2,4,56,0,55,1,1,1
19,Civil,1,9.9,87.17,213,55,5,4,2,1,30,25,53,0,1,1
22,ECE,3,7.41,57.35,112,36,4,0,3,6,20,14,54,1,1,1
23,IT,2,7.89,79.97,260,62,5,1,5,3,58,28,46,0,1,1
22,CSE,3,7.68,92.25,217,51,5,2,3,4,64,31,51,0,1,1
21,CSE,2,7.23,73.67,331,45,4,3,3,1,77,5,66,0,1,1
21,Chemical,2,7.86,77.1,146,71,0,1,2,4,13,28,75,0,1,1
19,ECE,2,8.51,74.95,146,44,3,3,2,1,27,16,61,0,1,0
21,CSE,2,7.65,67.8,206,51,1,2,8,4,54,11,48,1,1,1
25,Civil,2,8.23,72.86,132,35,2,2,3,1,19,18,54,1,0,1
24,Chemical,2,8.15,82.37,225,43,2,1,3,0,26,17,45,0,0,1
19,AIML,3,7.95,79.41,284,38,5,3,7,2,79,9,62,0,1,1
22,IT,2,9.07,72.94,294,50,6,3,7,2,67,30,47,0,1,1
20,Chemical,2,7.8,70.53,96,51,4,1,2,1,25,25,44,0,1,1
23,CSE,2,7.43,69.5,198,39,2,1,5,3,60,24,59,1,1,0
19,IT,1,7.71,75.85,279,46,2,0,2,2,81,5,65,1,1,1
24,ECE,2,7.85,73.72,122,34,4,0,4,0,22,18,55,0,1,1
23,Mechanical,3,6.2,69.36,96,17,1,3,1,3,15,20,36,1,1,0
19,IT,2,8.69,70.29,268,45,2,0,7,0,84,22,61,0,1,1
19,IT,1,7.54,85.5,302,30,7,2,6,0,83,20,49,0,1,1
23,Mechanical,1,7.67,76.65,151,54,8,1,4,0,34,17,57,0,1,1
20,Civil,3,6.24,66.32,38,36,5,0,1,4,12,17,26,1,0,1
21,CSE,3,7.44,68.25,204,35,3,0,7,3,77,14,54,0,1,0
23,CSE,3,6.2,67.14,185,34,3,0,1,3,32,18,62,0,0,1
21,EEE,3,5.92,77.14,45,30,4,0,1,0,17,19,52,0,0,0
21,IT,3,6.73,82.1,212,20,4,3,3,4,73,12,54,0,1,1
21,EEE,3,7.14,68.41,84,35,2,1,6,1,21,9,61,0,1,1
19,CSE,2,6.77,68.6,201,33,2,0,4,3,64,17,46,0,1,1
24,Mechanical,2,7.74,63.07,98,52,1,1,3,5,27,25,49,0,0,1
20,IT,3,8.39,65.58,191,25,6,1,4,4,62,24,36,1,0,1
20,IT,2,7.69,75.53,194,35,4,1,8,3,54,20,41,1,1,0
20,CSE,3,5.47,65.29,180,42,4,1,4,4,51,0,43,0,0,0
24,AIML,3,7.33,70.95,261,34,5,0,4,2,64,18,54,0,1,1
19,EEE,1,8.24,72.91,336,56,3,0,3,4,44,27,71,0,1,1
23,EEE,1,7.44,76.04,168,45,6,0,3,2,23,21,61,1,1,1
22,Civil,3,7.62,75.29,162,51,4,2,3,2,25,23,49,0,0,1
23,EEE,1,7.98,82.81,158,40,2,1,3,1,34,13,66,0,0,1
25,ECE,2,6.57,89.22,157,16,0,2,1,3,25,9,47,0,0,1
23,Mechanical,1,8.77,70.58,203,46,2,2,2,0,37,9,55,1,1,1
24,CSE,3,7.1,64.08,230,44,3,1,8,2,61,21,52,1,1,1
19,Mechanical,2,7.22,84.42,110,53,1,1,3,1,17,6,41,0,1,1
22,ECE,2,7.88,74.83,150,31,1,1,3,1,30,25,65,0,0,1
21,AIML,3,5.99,74.8,161,27,4,2,2,2,57,12,44,0,0,1
21,EEE,1,8.83,70.39,212,43,3,1,8,2,28,25,57,0,1,1
23,Chemical,3,6.51,63.43,100,56,4,0,2,1,21,24,57,0,0,1
25,IT,3,8.89,84.51,205,47,4,3,6,4,48,27,50,0,1,1
22,EEE,3,8.31,67.83,94,49,3,1,4,4,26,10,41,1,1,1
21,ECE,3,6.49,80.82,111,37,1,0,0,2,20,22,28,0,0,1
21,IT,3,7.63,80.34,197,12,7,0,2,1,64,16,57,0,1,1
21,IT,2,6.69,66.6,185,39,9,2,3,3,57,20,35,1,1,1
21,AIML,1,6.82,82.73,261,34,3,0,4,2,51,19,80,0,1,1
21,AIML,1,5.63,71.82,252,15,2,1,5,1,56,13,60,1,1,1
19,Mechanical,1,8.29,75.13,201,73,3,1,4,4,45,7,62,1,1,1
19,IT,2,7.11,73.42,247,57,3,1,3,6,48,15,49,1,1,1
22,ECE,1,8.42,63.41,239,50,6,0,8,1,37,8,56,0,1,1
21,AIML,2,7.69,65.28,260,43,4,1,5,2,57,17,61,0,1,1
24,AIML,2,6.47,76.12,195,54,3,5,2,1,61,22,46,0,1,1
21,EEE,3,8.06,77.36,125,58,1,0,5,3,8,6,67,0,1,1
19,EEE,1,8.19,86.47,181,40,4,3,2,1,33,9,65,1,1,1
20,ECE,3,6.94,75.0,69,38,0,2,3,0,25,6,56,0,1,1
20,Mechanical,1,8.58,69.08,224,55,6,2,1,1,36,23,65,0,1,0
25,EEE,2,7.27,66.04,102,30,4,1,2,3,25,13,57,1,1,1
20,AIML,2,6.83,66.14,183,69,2,0,2,2,51,4,53,1,1,1
21,CSE,2,7.34,69.4,252,50,4,1,3,2,60,23,61,0,1,1
24,AIML,1,7.44,74.89,290,34,6,2,2,5,69,12,45,0,1,1
25,ECE,2,6.24,78.29,93,92,3,1,0,3,19,24,44,1,0,1
20,AIML,2,5.26,71.23,226,20,7,4,1,4,78,19,56,1,1,1
19,ECE,3,8.75,86.84,160,61,4,0,5,3,28,19,47,0,1,1
20,CSE,1,8.71,80.72,361,41,8,4,1,4,84,17,78,1,1,1
19,ECE,1,9.01,75.89,249,43,3,0,3,1,30,33,63,0,1,1
20,IT,3,8.12,66.27,227,50,4,1,5,2,84,20,63,0,1,1
21,Chemical,2,7.15,77.29,85,40,2,0,1,2,25,13,38,0,0,1
23,Civil,3,7.2,72.38,139,39,4,1,3,1,30,31,75,0,0,1
21,Chemical,2,6.98,77.87,108,40,2,1,2,2,22,20,42,0,0,1
22,EEE,3,7.81,70.77,171,54,10,1,1,3,33,17,24,1,1,1
20,Chemical,2,7.9,86.72,292,59,2,2,4,4,48,18,49,1,1,1
22,CSE,3,7.06,84.06,216,81,4,1,4,2,74,7,23,0,1,1
21,ECE,2,7.87,69.09,115,58,2,2,4,6,18,27,51,1,1,1
23,Mechanical,3,8.34,78.98,88,42,1,1,3,3,16,31,60,1,0,1
24,ECE,2,7.5,63.0,88,32,4,2,2,3,19,28,43,1,1,1
20,AIML,2,6.51,65.09,182,46,2,0,2,2,52,12,57,1,0,1
19,EEE,2,7.89,69.13,148,39,4,3,3,2,28,28,50,0,1,1
20,Chemical,2,6.46,66.45,66,24,0,1,1,2,16,0,66,0,0,1
21,ECE,2,6.81,69.89,120,20,4,0,2,1,18,26,49,0,1,1
24,AIML,3,7.58,68.83,214,38,3,2,6,4,77,34,71,0,1,1
21,CSE,3,7.88,76.28,273,23,1,1,1,2,70,16,54,0,1,1
22,CSE,1,7.83,64.35,250,50,5,0,4,1,73,21,66,0,1,1
21,Mechanical,3,6.49,77.71,123,18,4,0,0,1,27,3,35,0,0,1
20,ECE,3,9.72,73.66,274,65,6,1,1,1,44,41,46,0,1,1
20,AIML,3,6.91,71.0,209,54,2,1,7,2,49,20,61,0,1,1
22,Civil,3,7.74,71.78,129,39,1,0,1,1,24,24,43,0,0,1
22,ECE,3,6.85,79.13,84,10,1,1,1,5,15,14,51,0,0,1
21,Mechanical,3,6.55,68.67,101,58,1,0,4,0,25,20,43,1,0,1
20,Mechanical,2,7.54,84.35,94,41,3,0,0,0,23,23,60,0,0,1
22,Mechanical,3,6.97,74.82,188,48,2,0,2,1,30,12,51,0,0,1
20,Chemical,2,7.58,67.71,153,24,5,4,3,2,18,21,30,1,0,1
24,Civil,1,7.19,71.52,166,59,4,0,2,2,18,5,42,1,0,1
20,CSE,2,7.61,74.06,284,12,4,0,3,2,60,30,41,0,1,1
19,IT,2,6.86,77.1,172,17,3,1,3,1,59,15,63,1,1,1
21,Chemical,2,8.42,78.11,131,63,2,0,2,3,16,22,50,0,0,1
21,EEE,2,7.75,73.26,115,27,2,1,5,3,23,28,62,0,1,1
21,ECE,3,7.24,67.83,71,50,2,2,2,1,23,23,56,1,0,1
21,Civil,3,7.34,76.82,81,47,5,1,1,1,31,0,42,0,0,1
25,EEE,2,7.18,70.5,117,48,2,1,6,1,25,19,77,1,1,1
21,IT,2,7.6,69.28,192,57,4,3,4,2,39,25,69,0,1,1
21,AIML,3,8.62,70.39,207,33,5,0,6,5,71,19,65,0,0,1
21,Civil,2,7.01,79.62,148,60,5,3,3,2,23,28,68,1,1,1
19,Civil,3,7.49,63.56,75,38,2,1,4,1,19,16,59,1,0,1
21,Civil,3,6.7,74.79,127,45,2,2,0,5,30,17,46,0,0,1
20,Mechanical,2,5.39,67.4,54,51,1,1,1,0,21,21,47,0,0,1
22,CSE,1,8.27,72.64,276,46,2,1,8,4,82,28,60,1,1,1
19,IT,3,8.27,71.43,206,78,3,0,4,3,60,14,24,1,1,1
25,IT,2,7.87,75.31,237,16,8,3,5,3,66,27,44,0,1,1
21,AIML,2,9.48,76.59,371,76,2,4,6,3,79,24,42,0,1,1
23,Mechanical,2,7.19,68.98,120,32,3,2,2,0,25,11,50,0,1,1
21,CSE,3,6.59,78.04,151,19,4,1,5,2,54,20,40,0,1,1
19,ECE,3,8.36,75.66,320,82,2,0,6,0,44,27,28,0,1,1
23,Civil,1,8.81,78.24,213,31,3,1,4,0,34,16,43,0,1,1
22,Mechanical,3,8.28,70.89,196,32,4,1,3,4,28,12,51,1,0,1
22,AIML,3,6.43,77.54,217,47,4,1,1,1,70,12,40,0,0,1
21,CSE,3,6.76,80.17,157,48,5,4,2,3,62,16,53,0,1,0
22,IT,1,6.35,71.86,259,30,3,3,3,0,71,3,60,0,1,1
23,EEE,2,9.18,89.36,249,34,3,1,2,3,35,15,46,1,1,1
22,Civil,3,6.57,67.21,132,31,0,1,1,2,24,14,45,0,0,1
20,ECE,2,6.47,77.15,84,30,3,1,2,3,16,19,51,0,0,0
22,AIML,3,7.26,70.58,338,24,5,2,4,4,94,13,59,0,1,1
22,Mechanical,3,7.45,70.46,111,33,4,0,8,3,25,4,61,0,0,1
24,IT,1,8.32,86.4,277,62,4,2,3,2,78,22,60,1,1,1
21,Civil,2,7.39,71.11,303,48,2,2,3,3,41,24,70,0,1,1
21,CSE,2,6.92,65.46,337,47,5,2,3,2,75,19,75,0,1,1
22,IT,3,7.01,59.74,212,31,2,0,5,5,38,0,49,1,1,1
21,ECE,1,7.24,73.22,234,26,2,3,2,1,42,21,56,0,1,1
22,EEE,3,8.53,70.13,190,68,3,0,3,3,37,37,45,1,1,1
21,IT,3,7.34,87.33,191,30,2,2,1,7,57,15,52,0,0,1
20,IT,2,8.04,87.91,271,27,7,2,6,4,72,29,59,1,1,1
22,Mechanical,2,7.32,52.44,86,43,4,0,1,1,30,21,39,0,0,1
20,CSE,3,5.8,80.0,154,30,1,0,3,5,56,9,47,0,1,1
20,AIML,3,8.75,72.52,276,39,3,2,5,5,81,27,53,0,1,1
22,CSE,3,7.84,83.86,207,28,3,2,4,3,42,20,57,0,1,1
22,AIML,3,7.68,81.99,163,26,6,0,3,0,66,20,45,0,1,1
23,ECE,2,5.7,77.62,47,34,2,0,3,0,15,30,44,0,0,1
20,CSE,2,7.38,86.22,249,28,2,1,3,6,79,31,60,0,0,1
19,CSE,2,8.81,70.09,285,66,4,0,6,6,64,21,35,0,1,1
24,Chemical,3,8.45,69.72,181,58,2,1,7,1,31,21,43,0,1,1
20,ECE,3,7.16,78.59,133,41,3,2,3,3,19,28,62,1,1,1
20,Civil,2,8.54,78.1,302,48,4,0,3,4,39,18,34,0,1,1
20,Mechanical,2,8.83,83.0,198,68,2,1,0,3,34,7,61,0,1,0
21,CSE,3,7.22,70.65,202,57,3,2,5,3,57,19,66,0,1,1
23,ECE,2,8.62,83.78,135,65,2,1,4,1,26,35,53,0,0,1
22,ECE,2,8.58,68.39,196,61,2,1,7,2,30,7,58,0,1,1
22,CSE,3,8.06,89.53,180,40,4,1,4,0,40,24,48,0,1,1
20,CSE,2,8.3,93.83,291,71,4,1,3,2,56,8,56,0,1,1
21,AIML,2,6.76,59.0,199,37,6,2,5,1,86,19,68,0,1,1
21,AIML,3,8.02,86.6,198,44,7,0,4,5,39,31,51,0,1,1
20,AIML,2,7.39,61.5,175,35,5,0,4,3,64,3,65,0,1,1
20,AIML,2,6.73,75.61,184,27,5,4,2,2,51,12,52,1,1,1
20,ECE,3,8.64,70.98,223,49,5,2,3,2,33,11,65,1,1,1
19,AIML,3,7.25,76.42,160,29,2,1,5,1,51,23,37,1,0,0
21,Mechanical,3,7.55,65.41,82,34,4,2,3,5,19,19,70,0,0,1
22,CSE,3,7.47,76.75,170,58,3,1,3,0,51,16,33,0,0,1
19,EEE,2,6.18,68.45,74,40,3,2,4,0,22,26,56,1,1,1
21,Mechanical,3,7.1,70.85,121,45,4,0,4,1,23,7,64,0,0,1
22,ECE,3,8.01,78.13,120,24,3,2,3,1,18,16,49,0,0,1
22,IT,2,7.51,62.09,266,72,5,5,2,1,67,33,49,0,1,1
22,IT,3,7.05,76.9,171,28,7,2,6,2,67,10,65,0,1,1
21,IT,2,7.78,72.71,208,40,4,1,3,1,62,18,47,0,1,1
23,CSE,3,8.26,65.6,408,46,4,1,7,2,77,17,27,1,1,1
20,EEE,2,6.11,74.31,105,36,4,2,0,4,25,7,58,1,0,1
21,EEE,2,7.41,69.36,223,41,2,1,2,4,34,16,46,0,0,1
20,IT,3,7.37,73.2,153,33,5,0,7,7,45,27,42,1,1,1
21,Chemical,2,9.0,81.1,164,39,3,2,1,0,28,25,47,0,1,1
21,Civil,2,8.53,76.8,139,40,2,0,1,3,31,24,76,1,1,1
20,AIML,2,6.33,70.02,162,0,4,3,6,5,59,17,61,1,0,1
22,Mechanical,2,8.64,81.77,198,68,8,3,4,1,29,38,45,0,1,1
20,CSE,1,7.62,72.46,259,73,5,1,4,3,67,19,68,1,1,1
20,Mechanical,1,6.38,77.58,230,57,6,2,3,2,45,7,61,0,1,1
20,Mechanical,3,6.21,77.9,68,43,5,0,0,2,17,22,71,1,0,1
21,IT,2,8.66,73.62,260,57,1,1,6,4,73,29,62,0,1,1
20,IT,3,7.74,70.84,195,46,6,3,3,0,65,23,67,0,1,1
21,EEE,2,6.66,75.71,125,39,4,0,5,1,21,25,43,0,0,1
20,AIML,1,9.1,90.83,345,46,4,5,4,4,75,13,63,0,1,1
22,EEE,2,8.1,83.61,260,36,4,1,2,2,40,30,62,0,1,1
24,Civil,1,7.53,67.82,227,12,4,2,1,1,31,9,65,0,1,1
21,ECE,2,7.75,72.77,109,42,3,0,1,2,18,19,24,0,0,0
22,AIML,3,6.6,65.41,201,33,2,1,3,3,54,6,47,0,0,1
23,ECE,2,9.2,89.72,176,52,5,1,2,5,16,17,42,0,1,1
25,EEE,2,6.49,73.74,98,41,2,2,5,1,18,36,66,0,0,1
21,ECE,1,9.94,63.0,911,96,6,2,2,3,78,4,60,0,1,1
23,CSE,2,7.67,71.47,255,44,3,1,0,3,65,17,64,0,1,1
23,EEE,2,9.95,75.23,146,47,3,2,2,2,21,23,48,0,1,1
22,CSE,2,6.31,67.38,164,34,2,0,4,1,62,24,45,0,1,1
21,IT,3,8.04,79.7,298,48,5,3,4,3,56,27,36,0,1,1
19,IT,2,7.56,69.85,262,33,4,1,5,3,69,3,54,0,1,1
18,Civil,2,7.84,75.74,121,38,6,0,1,3,23,12,45,0,1,1
21,Civil,2,8.47,79.28,149,22,4,0,6,1,24,21,63,0,1,1
21,Mechanical,3,6.77,58.29,85,62,3,0,1,1,22,10,41,0,0,1
21,Mechanical,2,7.28,61.37,154,23,3,0,1,1,22,36,55,0,0,1
21,AIML,2,6.91,68.77,269,47,0,1,5,3,66,20,62,1,1,1
21,Mechanical,2,8.69,71.57,115,56,1,3,5,0,19,21,46,0,0,1
23,Mechanical,3,8.43,79.86,123,35,2,3,5,0,25,20,64,0,0,1
19,Mechanical,2,6.54,68.51,128,47,4,1,3,3,20,14,76,1,1,1
20,Mechanical,2,7.82,80.05,173,49,7,0,3,1,34,12,46,0,0,1
22,CSE,3,8.24,79.88,238,29,6,1,2,2,61,21,29,1,1,1
23,AIML,2,6.15,75.7,149,27,5,2,2,6,53,9,65,0,1,1
25,Mechanical,2,8.68,74.08,131,41,3,0,1,4,32,23,62,1,0,1
23,CSE,2,7.44,72.28,204,47,7,0,4,2,72,24,53,0,0,1
23,CSE,2,7.11,86.82,258,46,4,2,7,3,69,16,63,0,1,1
20,Chemical,2,8.69,70.46,152,40,2,2,5,3,24,31,49,0,1,1
21,Chemical,3,8.31,81.27,130,52,3,0,3,6,26,19,43,0,0,1
20,IT,2,6.34,77.36,251,30,4,1,3,1,62,16,43,0,0,1
21,CSE,1,8.36,80.08,316,49,2,0,4,1,69,22,48,1,1,1
24,IT,3,7.93,81.63,182,50,9,1,5,3,54,27,45,0,1,1
20,CSE,2,5.65,68.07,213,39,2,0,5,3,61,22,52,1,1,1
21,CSE,2,7.98,78.91,362,37,2,1,2,1,100,26,57,0,1,1
20,AIML,3,7.0,73.96,160,18,4,1,2,1,37,18,37,0,1,0
20,Civil,3,8.31,66.73,212,43,2,1,3,4,33,17,69,0,1,1
20,IT,3,6.62,69.67,168,36,6,1,1,1,58,16,45,0,0,1
19,CSE,2,7.6,63.7,215,15,5,0,5,1,74,15,45,0,1,1
24,EEE,1,7.29,77.77,177,35,1,2,4,2,26,8,60,0,1,1
21,CSE,2,6.96,73.83,244,28,1,0,3,1,59,3,40,1,0,1
23,Civil,2,5.64,74.72,95,20,0,3,2,1,27,9,57,0,0,1
22,AIML,3,8.26,68.45,188,33,5,1,2,2,47,23,50,0,0,1
20,AIML,2,8.49,77.85,407,53,3,3,8,3,100,34,57,0,1,1
20,IT,1,7.81,75.93,309,25,4,2,4,3,81,12,54,0,1,1
22,CSE,2,7.82,89.09,231,49,5,3,5,4,73,13,57,0,1,1
20,CSE,2,6.88,70.65,233,49,5,1,2,3,68,4,48,0,1,1
23,Civil,2,8.41,73.07,115,63,2,1,6,2,18,26,47,0,1,1
20,Civil,2,7.71,74.89,153,44,7,1,2,2,19,15,71,0,1,1
22,Civil,2,7.55,85.73,134,57,2,1,5,2,19,29,53,1,0,1
22,Mechanical,2,8.75,84.01,124,43,3,3,1,3,24,12,40,0,1,1
20,CSE,2,6.39,75.03,167,33,2,1,5,2,57,8,46,0,1,1
20,Chemical,2,5.85,67.09,93,41,3,1,2,0,26,7,53,0,0,1
24,Mechanical,2,7.88,73.67,148,44,1,2,3,0,29,19,63,0,1,1
20,IT,1,7.57,84.67,318,31,4,0,6,0,86,37,49,0,1,1
21,Mechanical,1,6.79,68.78,133,21,1,0,4,3,23,14,48,0,0,0
21,ECE,3,7.5,70.5,105,50,3,1,3,1,22,19,43,0,0,1
20,Mechanical,2,7.81,63.24,132,44,4,0,3,4,29,14,51,1,0,1
22,Civil,3,8.1,65.01,107,44,3,0,5,1,23,13,44,1,0,1
22,Chemical,1,6.81,79.76,156,43,5,1,5,1,21,23,42,0,0,1
21,Mechanical,3,7.0,58.23,153,24,2,0,1,2,28,21,18,0,0,1
23,Civil,3,7.6,85.61,80,46,1,2,3,2,29,14,43,1,0,1
20,ECE,2,8.44,75.22,148,45,8,0,1,1,32,26,39,0,1,1
18,IT,2,8.27,79.05,321,31,10,0,2,2,87,18,52,0,0,1
21,EEE,3,6.93,79.61,71,30,6,0,2,0,24,14,64,0,1,1
25,ECE,3,7.79,70.71,126,59,2,1,1,1,20,22,53,0,1,1
19,CSE,3,6.91,76.3,212,29,4,0,3,4,38,21,31,1,0,1
20,EEE,3,7.0,65.23,132,40,2,2,3,2,26,15,36,0,1,1
21,IT,1,7.49,69.47,253,51,4,3,0,3,64,11,53,1,1,1
22,IT,3,6.8,74.84,151,29,5,3,4,3,62,14,57,0,1,1
19,Mechanical,3,7.97,78.43,170,70,1,1,3,2,29,26,64,1,0,1
21,Civil,3,8.14,78.58,119,56,3,1,3,1,20,18,63,0,0,1
22,CSE,2,7.16,83.25,258,32,2,0,3,3,78,11,48,0,1,0
21,Mechanical,3,7.5,73.45,258,41,2,0,2,2,36,14,46,0,0,1
20,CSE,1,7.42,85.01,261,0,5,2,4,1,68,7,62,1,1,1
20,EEE,3,6.55,71.39,169,39,2,0,1,1,25,23,42,0,0,1
21,Civil,3,6.42,74.78,78,66,4,1,2,0,24,20,61,0,0,1
21,Civil,2,8.99,83.89,129,51,8,3,4,2,25,40,78,0,1,1
23,IT,2,6.87,68.44,191,30,1,2,1,2,54,14,43,0,1,1
22,Mechanical,2,8.04,77.2,218,49,2,2,1,1,35,18,77,0,1,1
22,Civil,2,7.83,64.89,208,19,1,1,1,2,39,24,57,1,1,1
25,CSE,1,6.74,72.32,274,52,8,2,6,3,63,9,33,1,1,1
21,IT,2,7.86,75.64,251,40,2,1,3,4,59,26,66,0,1,1
21,Mechanical,2,7.75,78.57,129,31,1,0,2,5,18,23,43,0,0,0
24,CSE,2,7.48,73.07,334,31,1,2,5,3,82,26,65,0,1,1
20,EEE,2,7.13,85.31,117,43,5,1,2,2,21,19,59,0,0,1
22,IT,3,7.35,61.62,237,50,6,0,6,2,72,14,49,0,0,1
22,ECE,1,8.15,67.86,185,43,6,2,4,3,31,24,61,1,1,1
19,IT,3,6.62,64.48,185,44,3,0,6,3,36,2,59,0,0,1
21,CSE,2,8.72,77.63,199,53,1,4,1,5,56,14,66,0,1,1
20,IT,2,8.08,70.41,225,28,4,1,6,0,72,9,77,1,1,1
20,Civil,2,5.46,59.26,104,38,5,2,4,0,22,5,41,0,0,1
21,EEE,3,7.16,69.38,133,43,5,3,1,1,28,0,58,1,1,1
20,ECE,2,9.31,69.48,211,48,3,0,3,4,27,34,61,1,1,1
22,Mechanical,2,7.8,77.52,151,57,1,2,6,3,27,8,64,0,0,1
23,CSE,3,6.73,73.7,203,35,4,3,3,0,68,18,46,0,1,1
22,CSE,2,8.04,66.86,239,52,5,2,3,3,67,11,52,1,1,1
20,ECE,3,5.55,73.86,124,11,4,1,2,0,16,23,59,0,0,1
20,CSE,2,7.73,65.39,240,59,4,2,3,2,64,20,50,0,1,1
20,CSE,2,7.07,68.86,259,57,6,4,4,2,69,14,53,0,1,1
20,Mechanical,2,7.54,75.7,100,24,6,1,7,0,16,22,57,0,1,1
24,Civil,2,6.37,70.84,128,18,4,0,1,0,11,14,43,0,0,1
21,AIML,3,6.98,61.41,184,39,5,3,3,3,71,25,47,0,1,1
20,IT,1,5.53,70.81,193,50,7,0,2,5,53,1,61,1,1,1
23,Mechanical,1,7.22,72.78,144,52,3,0,2,1,32,0,51,0,1,1
21,Mechanical,2,7.6,87.59,97,41,2,0,2,1,21,21,47,1,0,1
19,AIML,3,8.3,80.71,214,46,2,1,3,4,65,29,63,1,1,1
20,Civil,2,9.59,91.0,160,42,5,1,4,3,29,15,66,0,1,1
22,Chemical,2,6.8,65.17,153,45,5,2,0,0,30,14,53,0,0,1
22,CSE,1,8.18,65.13,350,31,5,2,6,2,88,10,55,0,1,1
20,AIML,3,7.06,81.89,200,56,4,0,7,3,64,24,49,1,1,1
23,Mechanical,3,7.1,75.14,176,43,2,2,4,4,25,23,45,0,0,0
23,CSE,3,7.43,86.56,183,21,4,2,2,0,60,4,41,0,1,1
23,AIML,3,7.22,80.96,212,43,5,1,4,5,71,20,28,0,1,1
20,Civil,3,8.94,86.08,123,48,2,0,4,2,20,27,52,0,0,1
19,Mechanical,2,7.25,76.38,147,21,4,1,3,1,31,23,47,0,1,1
23,EEE,3,6.38,64.41,126,28,1,1,1,3,30,16,55,0,0,1
20,EEE,1,7.91,68.22,251,53,4,5,3,0,37,24,56,0,1,1
21,ECE,3,6.44,56.41,91,40,6,2,1,6,15,23,39,0,0,1
22,Mechanical,2,7.19,69.33,101,39,3,1,3,0,23,22,70,0,1,1
19,Civil,3,8.25,76.33,127,43,1,1,1,0,22,14,38,0,0,1
22,Mechanical,2,7.29,72.62,141,24,5,1,2,4,33,34,64,0,0,1
24,ECE,2,7.94,75.53,123,40,5,2,5,2,29,16,53,0,0,1
22,Mechanical,3,7.17,58.05,152,43,2,0,3,5,25,11,74,1,0,1
21,Mechanical,2,7.72,76.1,108,37,3,2,2,1,28,14,46,0,1,1
23,ECE,2,6.91,82.81,166,48,1,3,1,1,17,9,27,1,1,1
21,IT,1,8.44,71.44,288,32,5,3,4,5,79,20,57,1,1,1
22,IT,3,6.23,59.9,143,34,3,2,2,2,50,21,56,0,1,1
23,ECE,2,6.82,60.8,79,39,2,1,4,1,11,25,55,0,1,1
22,CSE,3,7.42,69.31,216,52,3,3,3,0,64,16,45,1,1,1
20,AIML,3,8.05,73.13,186,51,2,2,2,2,41,25,43,0,1,1
19,CSE,3,7.53,75.4,201,30,5,1,4,2,54,18,60,0,1,1
20,CSE,2,7.94,80.77,216,55,1,0,8,4,62,17,64,0,1,1
21,ECE,2,6.46,63.9,102,28,3,0,0,1,20,7,60,0,0,1
21,Mechanical,2,7.23,69.49,92,30,4,0,1,4,18,10,70,1,0,1
21,EEE,1,7.95,63.94,306,39,2,1,1,2,46,33,74,0,1,1
21,Mechanical,3,7.4,77.63,124,40,3,1,1,3,24,16,51,0,0,1
22,IT,3,6.43,67.8,158,50,3,1,8,1,49,2,53,0,0,1
23,Mechanical,3,6.63,69.5,68,41,2,1,2,1,14,27,50,0,0,1
20,Mechanical,3,7.24,82.23,140,53,3,0,3,3,19,22,27,0,0,1
22,Mechanical,3,7.98,76.21,162,53,2,4,3,0,22,32,47,0,0,1
22,Mechanical,2,9.29,91.48,136,66,5,2,3,3,26,21,67,0,1,1
21,AIML,2,6.57,76.18,173,32,1,1,3,2,54,6,51,0,0,1
20,ECE,2,7.54,71.05,257,6,0,3,1,1,30,23,66,0,1,1
22,Mechanical,1,6.88,64.13,157,58,5,1,4,3,29,30,36,1,0,0
24,CSE,1,7.73,73.53,281,47,5,1,6,3,72,13,51,0,1,1
22,AIML,1,7.42,80.81,263,54,5,3,4,2,72,12,56,1,1,1
23,ECE,2,7.85,65.3,142,10,1,0,6,1,20,23,36,0,1,1
25,IT,2,5.81,64.27,149,48,1,1,5,3,41,18,64,1,1,1
21,Civil,1,7.47,68.0,258,64,2,1,3,3,37,21,71,1,1,1
22,Mechanical,2,7.59,71.26,127,67,2,1,2,0,18,14,55,0,1,1
21,CSE,3,7.52,76.79,162,25,5,0,4,2,74,12,54,0,0,1
25,ECE,2,7.78,76.22,134,15,8,0,7,0,28,29,28,0,0,1
19,Mechanical,3,7.48,75.13,145,27,3,1,2,1,30,15,56,1,1,1
21,EEE,2,8.57,67.6,126,48,2,0,6,1,29,26,30,0,0,1
23,ECE,2,8.63,82.54,181,55,6,0,1,2,26,34,39,1,1,1
20,CSE,2,7.32,80.37,278,32,4,0,3,1,61,14,34,0,1,1
22,Civil,3,6.91,70.39,68,46,5,0,5,1,8,18,53,0,0,1
21,IT,3,7.52,67.76,179,36,8,1,6,3,48,20,32,0,0,1
25,CSE,2,8.19,81.87,221,42,4,0,3,7,66,10,63,0,1,1
23,CSE,2,7.54,83.45,328,39,3,0,4,2,86,32,61,1,1,1
20,Mechanical,1,6.82,74.47,203,19,6,1,2,0,31,20,54,0,1,1
22,EEE,2,8.32,71.51,136,40,5,3,6,3,21,24,61,0,1,1
20,AIML,3,7.69,67.15,234,40,4,1,5,2,80,50,51,1,1,1
21,ECE,2,8.99,82.74,175,42,3,0,5,3,30,24,62,0,1,1
22,Chemical,2,6.86,61.0,85,28,0,3,6,1,12,5,28,1,0,1
23,ECE,2,7.7,64.87,201,44,0,2,1,1,33,8,29,0,1,1
18,IT,3,7.72,76.17,252,19,11,1,4,3,77,26,45,1,1,1
20,IT,1,7.56,85.17,303,54,5,3,2,3,79,14,52,1,1,1
22,CSE,2,6.69,79.47,180,54,3,5,4,0,66,10,49,0,1,1
21,Civil,1,7.99,78.22,288,39,1,2,3,1,46,16,65,0,1,1
21,CSE,1,7.38,59.01,313,45,5,4,2,3,90,8,52,0,1,1
19,CSE,2,7.52,56.88,306,49,2,1,3,0,87,22,50,0,1,1
20,CSE,3,7.39,72.42,192,54,3,2,7,3,72,15,41,0,1,1
23,CSE,3,6.45,83.0,398,34,3,1,5,6,95,12,59,0,1,1
19,ECE,2,7.13,66.57,125,50,2,0,5,4,18,0,49,0,0,1
21,Civil,2,7.15,78.92,129,47,4,3,3,1,26,26,46,0,1,1
24,CSE,2,7.56,76.34,370,33,4,1,2,3,95,18,58,0,1,1
19,CSE,1,8.15,72.08,452,32,5,4,5,0,100,30,81,0,1,1
22,ECE,3,7.62,71.52,162,27,0,1,2,2,24,9,51,0,0,1
20,Civil,2,8.24,64.58,145,25,2,2,5,1,26,28,45,0,1,1
23,Chemical,2,7.63,77.5,174,36,4,0,4,4,18,24,39,0,0,1
22,Chemical,2,9.2,74.85,163,52,2,3,3,3,26,19,62,1,1,1
23,CSE,2,7.83,81.0,202,32,4,2,2,1,65,36,61,0,1,1
20,Mechanical,1,6.62,69.59,174,27,2,0,3,2,32,15,66,0,1,1
21,EEE,3,7.02,70.39,165,23,2,0,3,2,30,19,58,0,0,1
22,CSE,3,10.0,67.2,269,66,4,2,5,3,61,44,39,1,1,1
20,Mechanical,1,6.61,73.17,133,37,1,2,0,1,22,0,72,1,1,1
20,Mechanical,2,7.91,78.88,163,49,5,0,3,6,28,18,64,0,0,1
18,EEE,3,9.27,88.48,104,46,4,1,5,0,15,19,42,1,1,1
24,AIML,2,6.46,64.75,234,29,1,0,7,3,56,3,44,0,1,1
22,IT,2,8.85,80.17,229,48,4,1,7,6,62,27,49,0,1,1
22,ECE,3,8.7,80.63,195,29,8,2,6,2,23,8,47,0,1,1
22,CSE,3,7.13,63.87,213,38,4,1,4,4,75,1,49,0,1,1
21,CSE,2,5.91,64.54,278,27,5,1,5,1,59,20,58,1,1,1
21,Mechanical,3,7.88,66.92,100,24,5,0,1,1,11,8,44,0,0,1
21,CSE,3,7.29,65.61,191,32,5,1,2,2,55,23,38,0,0,1
22,CSE,2,7.36,70.78,174,34,3,1,0,1,65,11,52,0,1,1
20,CSE,3,7.94,70.56,233,32,5,1,4,3,59,32,33,0,0,1
23,CSE,2,7.53,73.97,227,58,3,1,3,3,41,23,44,1,1,1
22,AIML,1,6.42,74.93,208,47,5,0,5,6,48,9,59,0,1,1
20,Mechanical,3,7.27,77.41,115,36,5,2,5,0,25,23,46,0,1,1
21,Mechanical,2,7.83,80.55,106,47,3,0,2,3,14,21,24,0,0,1
20,CSE,2,7.94,73.54,229,38,8,1,7,2,74,30,64,0,1,1
25,EEE,3,8.45,73.45,255,45,8,1,4,2,39,22,47,0,1,1
23,CSE,2,5.87,60.16,207,40,6,0,6,1,66,7,51,0,1,1
24,CSE,1,8.63,82.5,304,34,5,1,5,4,75,31,54,1,1,1
20,Mechanical,3,7.04,79.37,69,31,2,1,1,2,11,13,56,0,0,1
20,Chemical,1,7.93,84.13,188,43,2,2,5,0,30,16,47,0,1,1
20,AIML,2,8.26,78.62,242,31,6,5,5,1,66,21,47,0,1,1
19,Mechanical,3,6.72,68.24,83,40,1,1,2,0,23,21,61,0,0,1
19,IT,3,7.04,64.93,173,52,4,0,5,3,68,19,34,0,0,1
19,Mechanical,2,8.0,66.2,211,52,3,3,3,2,24,23,44,0,1,1
25,EEE,2,7.01,58.71,120,47,3,1,1,2,29,0,58,1,1,1
19,ECE,3,7.65,81.67,115,31,3,0,2,1,14,26,51,0,0,1
20,Mechanical,2,6.6,73.8,174,34,2,1,0,2,23,22,45,0,0,1
23,Mechanical,2,8.54,93.7,136,60,3,1,5,3,24,38,50,0,1,1
21,Chemical,3,8.01,74.78,139,29,4,0,3,1,23,9,45,0,0,1
22,IT,3,6.72,71.89,203,19,5,1,2,1,66,10,38,0,1,1
22,Chemical,3,8.29,79.07,147,45,2,1,10,2,11,17,48,1,0,1
23,Civil,1,8.12,80.18,222,41,2,4,3,1,40,34,50,0,1,1
22,ECE,3,6.55,66.24,104,50,2,1,0,1,18,15,47,0,0,0
21,ECE,3,7.95,75.14,290,57,3,3,2,1,39,12,67,0,1,1
22,Civil,3,7.97,80.9,167,43,4,0,2,1,36,20,58,0,1,1
21,EEE,1,6.42,81.66,123,31,3,1,2,1,31,17,74,0,1,1
20,IT,3,5.3,60.55,145,23,2,1,3,0,47,11,54,0,1,1
21,CSE,3,7.02,73.82,169,24,4,0,5,3,41,9,40,1,0,1
20,AIML,3,6.74,72.2,193,28,3,1,6,0,52,16,29,0,0,0
22,AIML,3,7.9,73.35,260,26,2,1,2,2,76,26,57,0,1,1
20,CSE,1,7.2,80.11,286,35,8,1,4,5,65,33,44,1,1,1
20,Mechanical,3,6.85,87.88,60,29,2,0,1,3,12,28,28,0,0,0
20,IT,3,8.9,81.05,282,55,4,0,4,2,62,42,53,0,1,1
23,CSE,3,8.43,71.52,193,58,3,0,3,2,68,27,42,0,1,1
20,IT,2,6.22,59.92,229,38,5,0,2,4,61,17,52,0,0,1
22,CSE,2,8.66,77.2,205,53,4,1,6,1,56,13,55,1,1,1
23,EEE,3,8.7,84.44,258,58,3,3,3,0,40,22,41,1,1,1
19,ECE,2,7.4,72.22,131,40,3,1,2,2,33,20,58,0,0,1
22,Chemical,3,7.03,74.32,84,66,6,1,0,4,18,22,57,0,0,1
20,EEE,3,5.76,82.11,38,38,3,0,2,0,17,5,46,1,0,1
20,Mechanical,2,6.38,74.94,129,27,3,1,5,0,13,12,47,0,0,1
22,IT,1,7.67,74.95,300,34,6,2,2,3,91,7,69,1,1,1
23,Mechanical,2,7.12,63.36,74,27,4,0,2,0,21,13,72,0,0,1
20,Mechanical,2,7.23,78.76,140,39,4,0,3,2,17,15,52,0,0,1
21,Chemical,2,7.82,78.94,135,24,5,1,2,4,22,24,65,0,0,1
20,EEE,2,9.03,84.67,184,46,3,1,4,4,25,25,54,0,1,1
21,Civil,3,6.87,63.2,214,2,2,1,2,2,40,9,63,0,0,1
22,Civil,3,6.87,71.76,187,53,4,2,6,1,32,16,51,1,1,1
21,Civil,3,7.26,77.28,107,37,3,0,0,0,22,17,60,0,0,1
22,EEE,2,7.3,63.07,95,71,1,2,2,2,17,23,31,0,1,1
20,AIML,2,8.96,79.59,227,49,3,3,7,3,71,34,39,0,1,1
22,EEE,3,7.2,80.65,129,36,5,1,4,2,22,12,36,0,0,1
22,Chemical,2,8.29,72.04,106,31,5,3,1,5,13,1,41,0,1,0
22,Chemical,3,9.57,88.04,148,50,4,2,2,0,16,17,48,1,1,1
19,Chemical,3,8.85,78.5,129,73,4,2,5,2,23,27,23,1,1,1
21,ECE,1,7.61,75.04,171,44,0,1,4,2,32,12,65,0,1,1
21,Mechanical,3,6.97,79.2,86,51,1,1,3,2,25,22,45,0,0,1
19,ECE,3,6.56,66.2,57,35,3,0,2,2,23,19,56,0,0,1
20,Mechanical,3,7.46,64.81,152,59,6,0,2,2,24,20,45,0,1,1
21,ECE,2,6.18,67.91,142,43,0,1,2,0,18,14,72,0,1,1
22,IT,2,9.42,82.45,387,42,2,3,1,1,98,43,65,0,1,1
20,ECE,1,7.31,75.83,214,47,2,3,3,2,27,11,50,0,1,1
23,IT,2,7.55,76.38,182,55,2,1,4,1,67,15,61,0,1,1
21,ECE,3,7.6,69.11,160,13,2,1,1,2,29,27,55,1,1,1
22,Mechanical,2,6.5,74.13,140,25,2,0,1,6,23,23,50,0,0,1
21,AIML,2,8.37,76.05,338,24,2,1,7,1,89,15,61,0,1,1
21,Mechanical,2,7.92,86.04,134,54,6,1,1,4,29,14,46,0,1,1
21,CSE,2,7.29,79.55,225,47,2,0,5,2,65,23,61,0,1,1
24,CSE,2,7.84,78.74,263,40,6,3,3,2,78,10,50,0,1,1
21,AIML,1,7.7,73.37,292,40,2,2,6,3,83,28,58,1,1,1
21,AIML,2,7.51,71.54,285,43,3,2,4,3,85,19,65,0,1,1
21,Civil,3,6.8,70.18,89,40,1,1,2,2,17,14,35,0,0,0
22,Mechanical,2,7.62,76.32,142,72,2,1,3,2,20,8,57,0,1,1
19,EEE,2,7.88,82.06,118,39,2,0,2,2,27,14,41,0,0,1
21,Mechanical,3,6.67,61.08,61,37,4,0,2,2,24,23,57,0,0,1
21,EEE,2,7.77,71.34,140,50,2,2,4,0,25,18,60,0,1,1
24,Civil,3,5.73,77.07,33,42,1,1,2,1,18,19,59,0,0,1
21,ECE,2,8.58,73.46,164,48,3,2,3,1,29,15,52,0,0,1
21,CSE,2,6.48,64.82,148,38,3,2,1,2,47,13,57,0,1,1
24,Civil,1,6.31,77.66,206,33,1,4,2,2,35,5,56,1,1,1
21,ECE,1,7.35,77.02,189,36,1,1,3,3,32,25,71,0,1,1
20,Chemical,3,7.57,75.76,104,78,6,2,5,2,24,31,49,0,1,1
20,Civil,2,7.27,77.54,111,40,5,2,4,1,27,19,63,1,0,1
19,IT,2,8.22,74.3,286,65,1,1,0,1,80,18,37,0,1,1
18,Chemical,2,7.32,73.68,153,36,1,3,2,1,19,19,37,1,1,0
21,CSE,1,7.61,75.0,269,28,4,0,4,6,90,22,59,1,1,1
22,EEE,3,7.27,70.98,232,21,2,0,2,2,28,16,25,0,0,1
22,Mechanical,2,8.99,76.44,334,45,1,2,5,1,45,10,47,0,1,1
19,Civil,3,7.04,66.38,170,11,4,1,7,0,22,24,34,1,0,1
21,ECE,1,9.93,78.27,268,72,1,3,6,1,42,13,58,0,1,1
20,AIML,2,9.23,76.47,253,48,5,3,6,1,74,23,38,0,1,1
24,CSE,2,6.54,57.85,160,37,3,0,5,3,48,9,33,0,0,0
20,ECE,2,8.34,80.9,134,33,3,1,4,2,20,18,52,1,1,1
22,ECE,3,6.88,73.88,61,18,3,0,1,2,11,20,52,0,1,0
20,IT,2,7.68,84.95,237,27,9,0,2,5,74,14,72,0,1,1
22,EEE,2,6.19,60.59,116,48,1,1,4,2,25,13,34,0,1,1
21,ECE,2,7.48,66.84,117,52,6,1,3,1,21,14,53,1,1,1
22,CSE,2,9.93,88.31,325,53,7,3,6,3,84,19,45,0,1,1
20,CSE,2,6.9,63.6,183,21,1,1,3,1,58,17,54,0,1,1
23,Civil,1,8.46,76.74,188,47,5,2,4,0,38,18,67,0,1,1
21,Mechanical,3,7.54,72.39,92,56,5,1,2,2,19,8,45,1,0,1
22,ECE,3,6.98,83.05,61,62,2,0,5,1,17,24,66,0,0,1
23,ECE,1,8.87,78.0,221,78,9,0,6,1,34,32,73,0,1,1
25,CSE,2,7.19,72.62,169,43,2,1,2,4,62,10,37,1,1,1
20,AIML,2,7.55,75.7,290,30,4,1,5,2,80,8,70,1,1,1
20,Civil,3,7.64,68.4,79,44,3,1,1,5,18,7,56,1,1,1
20,CSE,1,8.87,74.81,292,39,6,2,7,5,68,27,50,1,1,1
20,CSE,3,7.1,65.02,293,54,7,0,4,6,84,11,34,0,1,1
21,ECE,2,9.51,84.95,127,71,2,0,5,2,23,19,82,0,1,1
25,Civil,2,6.06,74.22,72,29,4,0,2,0,24,8,49,0,0,1
25,IT,2,7.07,66.71,243,47,5,1,5,2,57,13,62,0,1,1
21,EEE,2,8.64,75.82,171,62,2,0,4,1,27,14,57,0,1,1
22,Civil,3,6.95,73.35,81,21,3,0,7,4,14,16,69,0,0,1
23,Civil,3,7.58,64.55,155,55,3,0,4,0,23,15,49,0,0,1
24,ECE,2,6.76,75.38,112,38,5,0,1,1,17,17,62,0,0,1
20,AIML,1,6.63,63.7,222,29,2,2,6,2,65,3,61,1,1,1
21,EEE,2,7.14,61.01,219,21,1,1,1,2,37,12,52,0,0,1
23,Chemical,2,8.23,76.73,107,49,3,1,3,2,23,29,45,1,0,1
20,Mechanical,3,6.92,76.37,113,45,1,1,1,0,22,32,49,0,0,1
21,Chemical,3,7.36,79.82,81,68,3,1,3,3,18,32,42,0,0,1
25,EEE,2,7.16,76.12,118,27,5,0,0,1,13,22,48,0,1,1
25,CSE,3,8.01,70.86,211,59,3,1,2,3,68,9,56,1,1,1
23,ECE,3,6.07,82.36,42,49,4,2,1,1,17,14,41,0,0,1
22,Civil,2,7.49,74.4,202,35,3,1,2,3,25,25,52,1,0,1
20,CSE,2,7.29,66.82,283,52,6,0,9,2,67,34,48,1,1,1
20,EEE,1,7.06,79.36,192,20,6,3,4,2,34,15,47,1,1,1
21,IT,3,8.47,79.12,237,72,7,0,5,0,83,10,35,0,1,1
21,IT,1,6.36,84.57,296,31,6,3,5,2,77,19,76,0,1,1
21,ECE,3,7.74,85.6,89,32,1,0,4,2,23,16,33,0,0,0
22,IT,3,7.82,72.24,243,41,2,1,3,3,60,21,45,1,1,1
21,Chemical,2,7.25,64.65,139,40,1,1,3,2,24,20,60,0,0,1
22,IT,1,9.49,76.86,299,41,4,2,4,4,90,33,61,0,1,1
20,Mechanical,3,7.8,58.75,310,59,5,1,2,0,37,18,40,0,1,1
20,CSE,2,6.97,72.56,160,42,3,1,5,1,41,0,47,1,0,1
19,IT,2,8.1,82.81,221,45,3,0,0,5,69,23,50,0,0,1
20,CSE,3,7.03,72.67,166,23,3,4,4,5,53,15,34,0,1,1
23,AIML,2,7.24,76.51,196,49,6,0,2,8,54,0,51,0,1,1
21,ECE,3,8.39,82.25,189,58,1,0,0,3,25,8,37,0,0,0
20,IT,2,8.04,86.19,274,50,2,3,4,0,73,27,62,0,1,0
22,CSE,1,8.74,79.14,310,47,5,2,6,3,82,17,59,1,1,1
21,Civil,1,5.72,66.78,156,24,3,1,2,1,36,22,53,0,0,1
18,Mechanical,2,7.89,71.24,147,46,2,0,7,1,13,18,62,0,1,1
20,Chemical,1,9.13,90.42,239,52,1,3,2,3,42,16,62,0,1,1
20,Mechanical,3,6.48,66.61,44,46,1,1,5,1,7,12,43,0,0,1
22,ECE,2,7.73,87.71,175,47,1,1,3,1,32,48,41,1,1,0
20,ECE,1,7.65,72.17,278,18,6,0,2,3,37,7,72,0,1,1
19,Chemical,3,8.05,69.91,95,49,1,1,2,2,31,26,63,1,0,1
19,ECE,3,6.98,75.32,162,31,2,2,3,1,35,6,54,0,0,1
21,ECE,3,8.12,77.7,88,29,0,1,2,0,25,6,57,0,1,1
18,IT,2,7.35,61.9,280,21,1,0,5,3,69,17,66,0,1,1
23,AIML,1,10.0,86.89,322,46,4,4,3,4,79,26,54,1,1,1
20,Civil,3,7.75,61.92,131,18,1,0,2,1,22,16,48,0,0,1
21,AIML,3,9.39,92.75,201,48,4,1,4,1,56,27,51,0,1,1
21,CSE,2,8.15,66.13,207,59,5,0,3,0,46,18,68,0,1,1
21,Mechanical,3,7.12,74.86,150,38,2,0,6,2,20,28,59,1,1,1
19,Civil,3,7.48,77.74,79,23,4,1,6,1,12,20,51,0,0,1
22,Chemical,2,7.93,82.11,113,29,3,1,3,1,14,24,67,0,0,1
23,EEE,3,5.5,57.54,89,58,2,0,0,1,22,7,70,0,0,1
18,IT,1,8.66,81.38,373,50,3,3,6,4,100,16,39,1,1,1
20,ECE,2,7.74,67.28,90,45,4,0,1,2,29,36,55,0,1,1
23,CSE,2,8.06,77.55,188,44,4,2,2,4,64,26,60,0,1,1
21,AIML,2,8.12,62.44,211,20,4,3,4,2,36,22,53,1,1,1
20,Civil,2,6.5,74.46,195,12,1,3,5,1,36,11,50,1,1,1
20,Civil,3,7.52,83.22,98,26,1,1,7,3,26,11,45,0,0,1
22,AIML,3,7.45,71.86,158,31,5,2,5,3,42,17,51,0,1,1
22,IT,2,6.54,71.57,263,22,8,3,0,4,67,12,51,0,1,1
21,Chemical,2,8.83,82.58,192,46,4,2,3,2,30,15,47,0,1,1
24,IT,2,9.19,81.78,245,63,6,5,8,3,55,15,69,0,1,1
21,IT,1,7.52,62.86,295,57,3,0,7,3,72,34,54,0,1,1
20,AIML,2,8.03,67.14,289,36,6,2,2,2,74,37,57,1,1,1
21,IT,2,7.54,71.3,192,37,4,0,7,3,69,20,66,0,1,1
21,IT,2,7.28,74.11,291,44,2,1,2,2,72,16,45,0,1,1
20,Mechanical,3,7.06,69.27,79,40,5,0,1,2,21,9,56,0,0,1
19,IT,2,6.52,71.53,150,35,3,1,6,2,65,11,69,0,1,1
21,ECE,3,7.75,81.85,133,50,3,0,2,1,24,22,33,0,0,1
22,IT,3,6.89,69.53,316,47,7,1,1,1,77,13,47,0,1,0
18,IT,3,7.94,67.7,258,55,8,1,11,2,68,24,51,0,1,1
21,AIML,3,7.05,76.05,185,38,5,0,2,1,52,10,43,0,1,1
22,ECE,2,6.58,79.63,108,46,2,0,4,2,14,3,47,0,1,1
21,ECE,1,7.24,75.18,154,2,2,1,5,4,32,1,56,0,1,1
22,CSE,1,8.12,72.72,281,46,2,2,6,5,90,14,69,0,1,1
22,Chemical,1,7.52,72.85,196,49,2,3,4,0,32,16,53,1,1,1
22,IT,2,6.78,68.33,217,22,5,2,3,4,60,17,51,0,1,1
19,Mechanical,2,8.93,80.6,187,64,10,0,5,4,33,21,43,0,1,1
21,Civil,3,6.26,55.27,91,5,1,1,2,1,24,8,52,0,0,1
21,CSE,1,8.92,79.21,346,25,4,1,3,3,99,19,47,0,1,1
20,CSE,3,8.37,75.55,248,46,3,1,0,2,71,16,54,0,1,1
19,CSE,1,8.56,83.7,466,13,6,4,3,4,92,31,40,0,1,1
20,Civil,3,8.06,65.86,103,44,3,2,4,1,19,22,59,0,0,1
21,ECE,3,6.76,63.57,78,52,3,2,4,2,21,14,52,0,0,1
21,IT,2,7.09,75.17,175,37,3,2,5,3,51,16,52,0,1,1
20,CSE,2,9.2,88.54,280,41,3,3,4,5,100,19,61,1,1,1
23,CSE,3,8.31,75.58,237,58,8,1,6,5,71,15,61,0,1,1
24,EEE,3,7.84,73.47,106,13,6,1,4,2,20,7,52,0,0,1
20,Mechanical,3,6.93,66.7,164,42,2,3,4,1,22,14,39,0,0,1
24,IT,1,7.06,72.87,268,37,1,1,3,3,88,19,55,1,1,1
18,AIML,2,6.58,64.3,235,14,6,0,3,7,55,26,65,0,0,1
24,Mechanical,3,6.83,62.56,122,30,3,0,1,1,24,15,44,0,0,1
24,Civil,2,7.34,77.28,104,39,4,1,2,1,17,24,43,0,0,1
18,IT,3,7.56,68.1,167,44,3,3,6,2,40,26,46,0,0,1
22,Mechanical,3,8.44,81.69,124,69,2,3,6,1,20,15,50,0,1,1
25,Civil,2,9.39,79.6,144,48,3,0,6,0,21,33,40,0,1,1
23,IT,1,9.1,85.97,287,45,2,3,4,6,76,28,63,0,1,1
25,CSE,2,6.5,63.21,279,26,3,1,8,4,83,4,69,0,1,1
21,IT,2,6.93,77.75,182,27,4,0,8,2,63,10,58,0,1,1
19,CSE,2,6.76,71.7,212,60,0,0,8,3,78,7,61,0,1,1
23,CSE,2,8.51,66.88,267,60,2,1,8,4,68,15,44,0,1,1
21,Civil,2,8.25,71.37,128,25,1,2,4,1,30,27,77,1,0,1
21,Civil,2,7.17,68.12,144,41,2,2,1,0,21,23,46,0,0,0
21,EEE,2,7.5,76.75,98,34,5,0,2,4,16,12,44,1,1,1
21,Civil,2,7.79,68.24,163,44,6,1,3,3,28,13,42,1,1,1
20,Chemical,1,8.32,67.99,200,12,1,0,4,1,22,11,65,0,0,1
22,Mechanical,3,8.51,74.4,134,24,3,0,3,2,24,8,67,0,0,1
19,Civil,2,7.78,81.36,110,39,3,1,4,3,22,33,63,0,0,1
22,Civil,2,7.43,74.65,141,49,0,0,2,2,24,39,78,0,0,1
23,AIML,3,7.81,72.96,208,40,3,2,5,2,73,19,47,0,1,1
21,Chemical,2,7.43,77.87,122,24,4,0,2,0,26,17,51,0,1,1
21,Chemical,3,7.8,68.14,192,48,0,0,1,2,34,22,24,0,1,0
20,AIML,1,7.7,87.16,259,38,1,1,4,4,61,11,45,1,1,1
24,EEE,2,8.62,89.22,242,43,3,1,3,2,36,25,62,0,1,1
22,AIML,2,8.69,74.51,244,36,7,1,4,6,58,30,51,0,1,1
21,IT,3,7.29,73.92,168,58,3,1,3,4,53,16,44,1,0,1
20,EEE,2,9.37,79.15,179,48,3,0,2,3,29,32,37,0,1,1
20,CSE,2,7.78,71.14,254,56,3,1,2,2,71,21,41,1,1,1
21,EEE,2,7.96,81.81,134,39,3,0,6,2,16,22,44,0,0,1
24,ECE,3,8.68,67.43,216,24,4,0,6,0,34,23,64,1,1,1
22,CSE,3,9.18,76.65,279,55,7,1,7,4,78,21,62,0,1,1
20,Mechanical,2,8.61,81.0,143,54,5,0,2,1,19,25,54,0,1,1
23,Chemical,1,8.14,86.81,200,25,2,3,5,2,35,23,60,0,1,1
21,CSE,2,7.28,82.71,202,52,2,2,6,3,63,10,61,0,1,1
23,ECE,2,7.87,70.26,128,37,1,0,6,1,16,19,50,0,0,1
20,CSE,3,7.96,69.86,160,59,6,0,8,6,40,31,26,0,0,1
21,AIML,3,7.81,71.92,301,45,3,3,4,3,89,13,73,0,1,1
24,ECE,2,7.41,83.58,122,30,0,1,2,2,20,14,46,1,1,1
20,AIML,2,6.96,74.95,180,30,2,1,5,0,69,18,38,1,0,1
22,EEE,1,8.02,95.45,220,65,2,3,2,3,32,31,62,0,1,1
25,AIML,3,6.88,76.3,247,46,2,0,1,4,60,5,43,0,0,1
20,Mechanical,2,6.16,81.35,81,36,1,2,1,1,19,3,64,0,0,1
19,CSE,3,6.68,70.56,144,47,3,1,4,5,58,10,42,0,1,1
22,Civil,2,7.2,67.12,102,50,2,2,6,0,20,11,60,0,1,1
20,IT,3,6.75,88.27,167,50,2,0,3,2,60,22,53,0,1,1
19,CSE,2,7.75,65.41,288,63,4,1,4,2,76,19,60,0,1,1
21,CSE,2,6.49,72.55,177,52,4,1,7,0,59,1,45,0,1,1
22,ECE,2,6.58,71.74,80,61,3,0,1,2,11,27,47,0,1,1
20,Civil,2,8.62,73.31,191,41,5,0,5,1,20,8,18,0,0,1
20,ECE,2,8.34,79.07,167,38,5,2,3,4,30,19,55,1,1,1
23,ECE,3,7.66,73.3,108,67,3,0,3,1,31,19,30,1,0,1
21,Mechanical,3,8.59,71.24,148,51,4,2,3,3,21,20,59,0,1,1
23,AIML,3,6.79,62.56,172,32,7,1,4,2,52,13,50,0,1,1
21,Mechanical,3,8.02,78.59,76,36,1,1,4,2,32,30,71,0,1,1
24,AIML,2,7.38,67.96,276,46,1,1,4,1,69,32,39,0,1,0
22,Civil,2,8.8,74.35,213,39,5,1,4,7,32,11,55,0,1,1
19,Civil,1,7.98,69.61,211,32,4,0,1,1,33,17,51,0,1,0
23,CSE,1,7.04,66.77,300,40,2,1,4,3,94,14,52,0,1,1
21,CSE,2,8.69,76.61,207,50,5,1,12,5,61,13,63,0,1,1
20,Mechanical,1,7.45,64.95,212,44,9,1,2,2,33,20,52,1,1,1
20,EEE,3,6.38,68.04,85,22,0,1,1,2,22,30,51,0,0,1
22,EEE,2,8.83,82.08,163,39,4,0,3,2,28,21,35,0,1,1
19,ECE,3,7.92,79.44,81,55,9,2,5,1,20,22,59,0,0,1
20,CSE,2,6.79,68.06,209,36,4,1,5,1,58,26,48,1,0,0
20,Mechanical,2,7.44,68.51,252,63,8,1,1,6,39,23,31,0,0,1
21,CSE,2,7.42,81.87,279,42,4,2,3,6,60,22,44,1,1,1
21,ECE,2,6.77,74.32,107,33,3,2,2,2,18,9,57,1,1,1
21,IT,2,6.8,75.18,183,15,1,2,5,2,49,14,60,0,1,0
20,IT,3,7.29,81.95,181,27,8,0,5,1,59,9,33,0,1,1
19,Civil,3,8.21,83.44,132,32,7,1,3,1,17,26,49,1,1,1
21,ECE,3,8.09,81.89,93,47,4,3,4,6,24,27,62,0,1,1
21,ECE,2,7.06,60.04,172,17,0,0,5,4,29,12,61,0,0,1
22,Civil,3,8.09,71.71,84,45,5,2,7,1,23,23,43,1,1,1
19,ECE,3,8.64,68.01,159,49,4,1,3,0,21,15,44,1,0,1
18,Mechanical,2,6.8,81.03,88,18,2,2,3,1,16,30,55,0,0,1
20,Civil,3,8.0,72.97,84,40,2,0,3,3,18,15,57,0,0,1
21,Mechanical,2,7.54,68.63,152,29,5,1,3,1,24,6,56,0,1,1
21,CSE,2,7.3,75.36,277,41,6,3,2,2,81,6,62,0,1,1
22,CSE,3,7.39,77.89,161,34,3,2,3,0,55,28,51,0,1,1
21,ECE,2,8.22,79.47,149,60,2,0,6,1,22,30,39,0,0,0
21,CSE,2,6.45,70.62,213,7,3,0,4,3,73,15,48,0,1,1
21,IT,2,7.53,82.32,205,57,4,1,3,2,51,33,43,0,1,1
18,AIML,3,7.07,70.12,219,18,5,3,5,2,50,20,60,1,1,1
21,CSE,2,7.55,63.47,419,51,5,0,7,3,99,8,45,1,1,1
20,IT,3,7.22,70.2,218,21,3,2,5,4,69,17,74,1,1,1
21,AIML,3,6.74,68.38,219,41,5,0,8,3,70,2,41,1,0,1
19,CSE,2,9.13,83.56,242,62,6,2,6,2,80,18,53,0,1,1
22,Mechanical,2,5.3,73.36,106,21,2,0,1,3,25,11,32,0,0,1
24,Civil,3,7.86,69.73,86,49,3,0,0,7,5,14,81,1,0,1
18,EEE,3,7.87,60.04,152,32,3,0,2,4,27,19,39,0,0,1
21,Chemical,2,7.59,87.98,326,55,3,0,0,1,50,11,48,0,0,1
22,CSE,2,7.76,76.14,221,30,2,0,3,1,70,2,65,0,0,1
20,Mechanical,1,8.32,62.12,180,34,5,1,4,2,29,23,61,0,1,1
22,IT,2,7.08,61.13,258,38,4,1,5,3,77,16,62,0,1,1
22,ECE,2,7.22,74.61,92,49,5,1,3,4,22,0,50,0,0,1
24,EEE,2,7.26,69.56,100,29,2,2,5,1,14,10,61,0,1,1
25,Mechanical,2,7.93,84.01,130,40,2,1,2,1,26,18,49,0,0,1
19,CSE,2,7.97,71.85,269,38,4,4,5,3,81,15,44,0,1,1
21,IT,2,6.64,70.66,174,49,1,2,0,4,51,5,50,0,1,0
21,Mechanical,2,7.48,69.68,116,52,2,1,4,1,26,6,55,0,1,1
20,ECE,2,7.01,71.43,86,25,6,1,5,2,25,5,61,0,1,1
20,IT,2,6.74,71.95,215,0,1,1,4,4,78,18,41,0,0,1
25,CSE,2,7.13,82.17,167,16,9,3,7,1,74,26,37,1,1,0
18,CSE,3,6.43,72.67,198,52,2,0,6,3,60,31,49,0,1,1
21,ECE,3,5.85,69.3,111,51,2,0,3,1,19,17,39,0,1,1
23,ECE,2,7.61,79.54,124,35,3,0,5,3,23,23,57,0,1,1
20,AIML,3,8.19,85.36,185,41,4,1,7,5,64,11,53,1,1,1
21,Mechanical,3,7.12,63.46,141,38,1,0,2,1,21,17,57,0,1,1
25,Mechanical,3,8.17,71.49,127,44,3,1,5,1,25,20,55,0,1,1
21,CSE,3,8.04,77.16,188,59,6,1,5,4,37,19,34,1,1,0
20,CSE,3,6.65,71.25,174,50,6,1,1,1,49,14,55,0,1,1
19,Civil,2,6.83,67.56,104,20,2,1,2,1,19,20,51,0,1,0
24,Civil,3,6.17,56.03,50,21,1,1,3,1,13,9,45,0,0,1
20,Chemical,2,7.74,72.76,99,43,4,1,5,2,31,13,41,1,1,1
21,Mechanical,2,7.97,78.12,172,68,8,3,6,4,31,8,49,0,1,1
19,Chemical,2,7.53,84.17,162,46,6,1,5,3,35,16,48,0,1,1
21,CSE,2,6.87,72.19,196,39,6,1,5,4,55,13,32,1,1,1
24,CSE,3,7.31,73.45,226,34,2,0,8,1,60,14,56,0,1,1
21,CSE,2,8.12,70.49,214,30,6,1,2,4,74,28,65,0,1,1
25,ECE,3,7.88,75.23,119,31,5,1,3,0,29,15,61,0,0,1
20,AIML,3,7.81,71.52,240,32,9,4,1,5,53,9,51,0,1,1
21,ECE,3,7.64,78.41,80,55,4,1,6,3,9,16,60,0,0,1
23,CSE,3,8.35,79.91,219,61,3,1,1,3,60,17,46,0,1,1
21,ECE,2,6.69,81.31,104,48,0,1,2,2,15,16,50,1,1,1
20,Civil,3,6.86,73.93,108,29,3,0,2,6,15,16,34,1,0,1
23,Mechanical,3,6.58,74.83,54,34,1,1,3,2,17,31,58,0,1,1
21,IT,3,7.03,62.89,180,75,4,2,1,2,44,29,44,0,1,1
21,CSE,1,9.02,81.22,380,58,7,2,3,2,77,18,80,1,1,1
25,AIML,1,7.13,77.98,349,33,5,4,2,4,100,1,67,0,1,1
20,ECE,1,7.14,73.65,203,24,1,1,2,2,34,20,60,1,1,1
20,AIML,1,6.32,69.92,345,43,4,1,4,1,83,12,60,0,1,1
19,Mechanical,2,8.06,74.54,145,48,3,1,6,1,25,18,48,0,1,1
21,Chemical,2,7.49,85.48,96,30,3,2,3,4,17,20,48,0,1,1
20,CSE,3,8.54,65.95,242,54,6,3,7,5,72,12,32,0,1,1
22,CSE,3,8.55,86.16,180,33,6,3,9,4,56,26,44,0,1,1
20,CSE,2,6.56,73.82,161,57,7,0,3,3,45,18,35,0,1,1
22,Mechanical,3,7.3,69.94,220,35,0,2,5,3,37,26,50,0,0,1
20,CSE,3,8.44,80.77,222,56,6,1,6,3,83,24,60,0,1,1
21,Mechanical,3,6.73,74.43,101,53,5,1,2,0,13,2,48,0,1,1
20,IT,3,8.19,69.29,217,35,2,2,4,3,70,19,49,0,1,1
22,ECE,3,5.24,74.19,23,32,4,1,0,2,10,16,42,1,0,1
21,Mechanical,2,7.46,75.32,103,68,4,2,5,2,14,7,50,0,1,1
21,IT,2,6.97,66.86,230,57,9,1,1,5,80,12,45,1,1,1
23,Mechanical,2,8.41,87.71,116,18,5,0,6,3,26,28,48,0,0,1
21,CSE,2,7.18,77.26,178,45,7,2,6,5,69,21,44,1,1,1
20,Mechanical,3,8.05,78.52,166,62,7,2,7,0,32,17,36,0,1,1
23,Civil,1,8.2,83.55,180,58,3,1,2,3,29,18,57,0,1,1
20,CSE,2,6.86,72.2,162,43,3,0,4,2,57,12,45,0,1,1
19,ECE,3,8.11,82.04,85,64,7,1,5,3,21,15,37,0,0,1
21,EEE,3,7.82,80.67,75,44,5,0,5,2,15,23,40,0,0,1
19,CSE,2,6.22,66.13,177,70,3,1,3,4,51,16,57,0,1,1
20,ECE,3,7.8,73.88,97,31,2,2,6,4,13,21,32,0,0,1
22,AIML,1,7.36,70.34,246,44,2,1,4,4,69,27,59,0,1,1
20,Mechanical,2,7.9,85.09,101,36,6,2,4,2,15,20,46,0,1,1
22,ECE,3,7.57,63.91,284,58,6,0,5,3,36,11,45,0,0,1
24,IT,3,8.22,78.79,180,46,5,2,4,4,66,27,44,0,1,1
21,Mechanical,3,8.16,85.73,139,21,2,1,4,3,24,14,44,0,1,1
22,Mechanical,1,7.09,64.21,221,14,2,2,1,2,38,21,55,1,1,1
22,AIML,2,7.07,73.09,186,16,1,4,4,3,55,18,64,0,1,1
25,CSE,3,7.14,81.36,174,14,5,0,2,3,41,6,45,0,0,1
20,AIML,1,8.66,75.24,351,57,3,2,4,7,94,16,69,0,1,1
20,Civil,3,7.01,73.49,69,31,1,2,2,0,24,11,56,0,0,1
21,IT,2,7.78,73.38,199,44,2,2,7,4,65,16,56,1,1,1
21,AIML,3,8.13,69.38,207,52,6,0,4,3,50,17,49,0,1,1
20,IT,2,7.55,71.53,232,20,2,0,4,2,77,13,62,0,1,1
21,IT,3,8.83,73.76,264,42,3,0,5,5,78,21,59,1,1,1
18,ECE,3,6.89,61.3,107,66,3,0,2,1,25,17,42,1,1,1
24,ECE,3,7.81,85.13,110,58,0,3,4,4,15,21,60,0,1,1
20,AIML,3,7.69,77.74,253,49,4,2,9,4,69,20,46,0,1,1
19,AIML,2,7.61,71.68,183,47,3,2,4,4,60,22,51,0,0,1
19,Mechanical,2,5.69,64.88,72,29,4,0,0,0,20,13,63,0,0,1
20,EEE,2,7.27,70.31,112,26,8,1,5,3,26,15,78,0,1,1
20,Mechanical,2,6.02,64.01,94,54,0,0,3,0,15,11,49,0,0,1
19,CSE,2,7.08,69.94,353,15,4,4,2,5,88,15,51,1,1,1
20,Chemical,2,7.44,67.44,134,20,1,1,3,2,27,18,53,0,1,1
20,CSE,2,9.46,85.18,332,53,4,0,6,4,100,20,68,0,1,1
21,Mechanical,3,7.99,62.55,121,44,2,1,2,2,24,19,42,0,0,1
21,Mechanical,3,6.48,72.13,60,54,4,1,2,0,18,0,65,1,0,1
20,AIML,3,7.52,67.88,249,13,4,0,2,3,78,19,54,1,0,1
20,CSE,3,7.71,81.04,234,47,8,1,8,7,66,18,42,0,0,1
19,Mechanical,3,7.44,72.59,119,43,1,1,2,2,18,6,33,0,0,1
18,ECE,1,7.77,77.33,228,41,2,3,3,1,35,13,53,0,1,1
20,Chemical,2,7.03,68.13,102,19,4,0,1,1,19,24,64,0,0,1
22,Mechanical,1,8.06,84.88,242,38,3,0,2,2,42,21,61,0,1,1
25,Chemical,1,7.97,66.81,172,39,3,1,5,1,32,19,58,1,0,1
24,EEE,2,8.08,71.19,135,75,4,2,2,2,29,16,60,0,0,1
21,ECE,2,8.21,69.4,103,52,2,0,2,1,20,21,54,0,0,1
21,Chemical,3,8.04,75.24,148,28,1,0,3,1,30,19,58,0,0,1
20,Mechanical,3,7.44,74.44,140,61,0,0,3,1,37,21,40,0,0,1
22,CSE,3,7.21,64.24,240,48,2,0,5,2,82,27,57,0,0,1
22,EEE,2,8.13,68.63,114,42,3,2,6,2,10,21,52,0,1,1
23,CSE,1,7.05,64.8,287,36,7,2,2,3,84,18,60,1,1,1
23,Chemical,1,5.65,57.82,264,22,1,0,2,1,36,10,77,0,1,1
21,Mechanical,2,6.02,64.47,156,33,3,1,2,6,20,17,45,0,0,1
22,ECE,2,5.91,81.06,102,37,0,2,3,1,23,27,65,0,1,1
22,Chemical,2,7.98,76.51,96,44,0,3,5,2,23,17,53,0,1,1
20,IT,2,7.61,69.72,294,38,1,0,5,2,80,12,43,0,1,1
24,ECE,2,8.17,74.26,158,47,4,2,6,3,26,29,61,0,1,1
19,IT,1,8.19,65.3,342,53,8,3,3,2,92,15,55,1,1,1
25,CSE,1,8.63,67.13,284,52,3,1,9,3,81,19,49,1,1,1
22,CSE,1,8.71,71.88,277,56,7,3,6,2,67,36,32,1,1,1
19,EEE,1,8.55,68.48,305,35,6,1,5,2,38,12,59,1,1,1
22,CSE,1,8.57,83.43,331,55,6,1,7,3,74,25,53,0,1,1
19,Chemical,2,8.89,91.69,155,33,2,0,3,2,25,9,76,0,1,1
22,IT,3,9.12,85.22,241,61,4,1,4,2,66,28,56,0,1,1
22,IT,2,7.56,68.66,268,20,3,0,5,3,64,29,66,1,1,1
21,CSE,2,8.81,78.24,205,63,4,3,5,2,65,26,60,0,1,1
23,IT,3,6.85,75.53,189,51,6,0,5,5,81,14,41,0,1,1
19,Mechanical,3,6.9,74.87,109,41,1,0,1,0,25,12,37,0,0,1
20,Chemical,3,8.76,88.47,111,39,2,0,2,2,22,26,56,1,0,1
21,CSE,2,7.59,65.89,191,39,3,1,3,2,58,24,45,0,1,1
19,CSE,3,5.93,70.04,129,43,5,2,2,4,41,0,72,0,0,1
21,CSE,2,6.48,70.37,277,43,7,0,4,6,65,0,30,1,1,0
20,EEE,3,6.69,69.04,93,27,2,3,2,2,25,10,48,0,1,1
21,CSE,3,6.35,59.41,133,28,2,2,6,3,38,22,43,0,1,1
21,CSE,2,7.96,65.25,228,76,4,4,4,2,63,8,42,0,1,1
23,Mechanical,2,6.77,80.68,127,19,3,2,0,3,22,27,58,0,0,1
20,Mechanical,2,7.26,79.21,89,9,4,1,1,1,24,14,45,0,0,0
23,IT,3,6.83,63.87,273,9,6,0,5,4,78,16,37,0,1,0
21,EEE,3,6.19,57.15,42,32,2,0,0,0,7,23,41,0,0,1
20,Mechanical,3,6.23,70.13,46,23,1,1,1,2,20,24,61,0,0,1
21,CSE,3,8.12,75.44,196,41,7,4,5,2,60,22,54,0,0,1
21,EEE,2,7.78,63.58,239,54,2,1,1,0,39,12,60,0,1,1
20,AIML,2,4.78,79.69,197,48,6,0,4,2,69,5,52,0,0,1
21,IT,3,6.81,80.47,150,38,2,2,5,2,42,12,39,0,1,1
20,IT,2,8.26,68.87,223,46,1,3,5,4,56,16,73,0,1,1
21,Mechanical,2,7.98,84.72,189,66,3,2,2,5,34,26,60,1,1,1
21,ECE,2,9.31,81.38,201,59,2,2,2,6,23,40,50,0,1,0
21,Mechanical,2,7.28,78.37,115,45,1,1,3,1,29,14,45,0,0,1
23,IT,3,7.67,68.64,231,59,3,0,3,1,62,28,49,0,1,1
20,ECE,1,7.0,76.73,137,35,3,2,4,2,34,19,69,0,1,1
24,Civil,1,6.44,86.14,159,15,1,0,6,2,29,13,79,0,1,1
22,ECE,1,8.06,84.05,291,44,8,0,5,0,35,7,59,1,1,1
24,EEE,3,7.02,77.63,89,26,3,2,2,2,18,23,55,0,1,1
23,Mechanical,2,9.77,68.28,176,49,7,1,6,5,34,30,50,0,0,1
20,Civil,2,7.0,78.38,174,28,1,3,4,2,35,30,51,1,1,1
21,EEE,2,7.14,76.07,112,38,2,2,2,1,15,4,61,1,1,1
20,EEE,2,7.57,68.52,103,43,2,1,6,2,16,9,47,0,1,1
22,Civil,3,8.15,73.81,79,25,0,1,4,0,18,23,72,0,0,1
21,Chemical,2,8.23,75.71,337,63,2,0,2,1,54,23,51,0,1,1
20,Civil,3,5.94,72.75,175,42,1,0,2,1,39,15,40,0,0,1
24,CSE,3,8.46,66.98,298,32,2,0,4,2,66,12,67,0,1,1
19,Mechanical,2,7.36,73.92,107,43,2,2,9,5,25,26,76,1,1,1
21,IT,3,5.07,77.08,263,57,0,0,4,1,76,24,39,0,1,1
22,IT,2,7.5,77.74,307,42,2,1,5,5,75,17,55,1,1,1
19,EEE,2,6.63,63.7,78,35,3,1,4,3,29,4,60,1,1,1
21,CSE,3,8.36,78.63,307,27,4,2,2,5,77,25,53,0,1,1
22,Mechanical,1,8.04,79.12,157,33,1,1,4,2,39,7,57,1,1,1
19,AIML,3,8.26,61.98,194,46,2,0,5,4,68,12,51,1,1,1
21,Mechanical,1,8.76,80.19,378,56,5,3,7,5,37,35,56,0,1,0
20,IT,1,7.36,73.66,263,32,7,2,5,2,61,17,71,1,1,1
22,CSE,2,7.71,63.69,268,43,1,1,3,3,85,19,50,0,1,1
19,EEE,2,8.47,90.48,123,66,2,1,1,1,23,22,69,0,0,1
24,Mechanical,1,7.94,77.58,186,45,4,1,4,3,27,15,63,1,1,1
23,EEE,2,6.8,70.32,83,51,6,0,2,1,21,21,43,0,1,1
20,Mechanical,3,8.58,71.42,175,45,4,0,3,4,28,28,57,0,1,1
20,Mechanical,3,7.37,74.36,121,53,5,0,5,1,17,9,55,0,0,1
21,CSE,3,6.68,74.31,162,42,1,0,4,1,67,21,32,0,0,1
22,CSE,3,8.98,88.03,266,38,3,1,4,5,65,24,50,1,1,1
21,AIML,3,5.73,67.52,137,16,4,0,7,1,59,19,38,1,0,1
20,AIML,3,6.78,62.25,187,53,4,2,8,2,51,17,38,1,1,1
19,ECE,2,7.01,71.89,100,45,4,1,3,3,17,31,60,1,1,1
25,AIML,3,8.1,75.29,222,31,8,1,2,3,65,29,62,1,1,1
21,IT,2,7.2,84.53,198,38,1,1,3,2,70,1,51,1,0,1
23,ECE,3,6.77,73.68,86,43,1,1,3,3,9,31,52,0,0,1
21,EEE,3,8.24,79.04,87,19,3,1,2,1,23,21,50,0,0,1
24,Chemical,3,8.01,71.8,120,46,3,0,3,1,27,16,48,1,1,1
19,Mechanical,1,7.51,76.49,191,49,3,4,1,2,27,11,45,0,1,0
19,AIML,2,7.7,68.75,342,42,5,4,6,2,79,17,56,0,1,1
24,IT,2,6.54,72.08,170,44,5,0,3,0,39,8,54,1,1,1
24,CSE,3,7.16,78.45,214,25,3,1,6,4,76,23,45,1,1,1
20,IT,3,7.29,73.24,296,63,3,0,3,0,78,15,50,0,0,1
21,EEE,1,6.65,79.0,140,0,4,0,0,1,24,13,55,1,0,0
21,Chemical,3,5.94,78.76,244,10,0,1,1,3,46,0,48,0,0,1
21,AIML,2,7.16,80.87,181,48,4,1,6,2,58,2,57,1,1,1
20,AIML,3,8.25,76.82,202,47,2,0,6,2,47,17,44,0,1,1
23,CSE,3,7.84,68.57,203,20,5,1,6,3,86,19,62,0,1,1
20,EEE,3,6.84,64.92,99,51,3,0,2,0,21,11,49,0,0,1
22,Chemical,3,9.56,84.38,141,38,1,3,4,3,14,20,65,1,1,1
19,IT,3,6.44,72.48,186,42,5,0,7,1,64,10,48,0,0,1
19,ECE,2,7.97,75.09,127,8,4,0,2,2,26,19,44,0,1,1
22,CSE,2,7.05,68.85,181,17,2,0,2,4,78,6,41,1,1,1
20,EEE,2,8.53,77.39,273,58,5,1,4,1,35,18,48,0,1,1
22,AIML,2,7.4,64.04,223,65,6,4,3,1,37,13,65,0,1,1
19,CSE,2,7.3,68.84,182,41,4,1,3,1,53,43,58,0,1,1
24,Mechanical,2,8.32,75.2,108,47,7,3,1,2,23,18,57,0,1,1
22,CSE,2,7.36,78.46,199,20,3,1,3,2,65,17,47,0,1,1
23,CSE,3,7.98,82.35,214,34,3,0,3,6,64,14,69,1,1,1
20,AIML,2,7.41,60.1,277,27,4,3,2,3,86,21,41,0,1,1
20,CSE,2,5.27,55.73,140,17,1,4,2,4,48,7,54,0,1,1
21,EEE,3,9.18,84.39,154,30,1,2,7,0,21,18,58,0,1,1
21,AIML,3,7.79,75.65,214,52,2,0,6,1,47,18,43,1,0,0
20,Mechanical,1,7.49,78.36,163,34,2,1,4,3,28,18,53,0,1,1
19,ECE,3,8.51,72.88,87,65,2,0,7,1,33,19,50,0,0,1
21,IT,1,6.93,68.2,280,24,3,1,2,1,72,10,40,0,1,1
20,CSE,3,6.58,65.88,169,32,7,2,5,3,43,20,33,1,1,1
21,Mechanical,3,6.15,50.93,102,33,4,2,4,4,21,20,46,1,0,1
20,ECE,2,7.33,65.62,105,32,1,0,3,1,22,23,41,0,1,1
20,Mechanical,3,6.79,64.25,53,16,0,0,1,2,19,18,35,0,0,1
22,ECE,3,7.1,66.24,176,41,2,0,4,2,30,27,55,0,0,1
21,Mechanical,3,6.1,62.71,144,42,3,1,1,2,34,16,61,0,0,1
20,ECE,2,6.92,65.7,152,41,1,0,0,0,28,25,72,0,1,1
21,Mechanical,1,8.14,74.38,178,58,1,0,4,2,21,8,62,0,0,1
22,ECE,3,8.51,81.09,137,36,6,2,3,3,25,37,34,0,0,0
21,Chemical,2,7.54,54.0,103,69,4,0,2,2,26,25,48,1,0,1
21,Civil,3,6.93,65.58,164,34,2,0,3,3,26,15,36,0,0,1
24,AIML,2,8.04,69.39,510,41,6,5,9,1,100,21,68,0,1,1
21,Mechanical,1,8.75,67.27,257,55,2,2,1,1,44,10,67,0,1,1
23,CSE,2,8.45,84.8,264,71,6,1,6,4,86,12,56,0,1,1
22,Civil,3,7.78,67.13,192,38,6,1,3,3,26,15,65,1,0,1
19,IT,2,6.86,74.84,186,53,1,0,5,2,65,15,50,1,1,1
21,ECE,2,7.45,68.3,229,42,3,0,5,1,29,2,59,0,0,1
22,CSE,3,7.56,83.04,204,18,2,1,1,3,45,9,29,0,1,0
25,Civil,3,5.26,60.9,28,30,2,0,2,0,16,19,40,1,0,1
21,Chemical,2,7.52,67.63,85,38,3,1,2,1,22,17,64,0,1,1
19,ECE,2,8.97,77.39,186,69,1,1,5,2,28,23,47,0,1,1
21,CSE,3,6.81,82.26,306,23,5,3,5,2,77,22,30,0,1,1
19,Mechanical,2,5.96,72.48,96,23,2,2,2,1,24,11,53,0,1,1
22,AIML,3,6.78,67.03,169,21,3,3,3,1,50,20,51,0,0,1
21,Chemical,2,6.9,73.3,102,47,0,0,3,5,19,21,58,0,0,1
22,IT,3,8.29,72.46,180,44,2,3,4,3,64,28,48,0,1,1
23,EEE,2,9.74,91.52,247,59,5,0,1,0,37,28,53,0,1,1
22,CSE,2,7.63,79.84,216,48,4,1,3,0,67,22,43,0,1,0
21,Chemical,2,6.78,71.39,164,7,2,0,0,2,27,27,35,0,0,1
22,EEE,2,6.47,72.01,134,3,6,0,3,2,28,10,56,1,0,1
23,Chemical,3,8.23,71.85,110,59,1,1,3,1,23,36,56,0,0,1
23,IT,2,8.12,75.96,240,35,5,1,3,0,69,12,53,0,1,1
19,ECE,2,8.5,81.21,122,54,2,0,3,1,24,23,53,0,0,1
21,CSE,3,6.9,78.27,199,37,6,2,1,4,58,28,34,0,1,1
20,Mechanical,1,9.14,76.22,274,73,6,5,7,0,36,5,73,1,1,1
23,CSE,3,7.5,58.93,173,38,3,2,5,5,53,19,41,0,1,1
22,ECE,3,6.74,76.43,146,46,3,2,3,5,25,20,51,0,1,1
21,Mechanical,3,5.61,63.53,57,29,0,1,0,1,19,27,52,0,0,1
20,CSE,3,6.91,78.0,257,39,4,0,1,2,71,8,48,0,1,1
20,Mechanical,2,7.05,61.89,99,32,4,1,6,3,31,26,30,0,0,1
22,Mechanical,3,6.44,72.86,65,35,3,1,6,1,17,5,46,1,0,1
20,ECE,2,7.88,73.76,118,36,1,1,4,1,22,14,51,0,1,1
19,EEE,2,6.91,68.97,80,23,6,0,1,1,17,20,72,0,0,0
23,CSE,2,6.69,81.57,165,29,1,0,4,2,65,16,46,0,1,1
22,ECE,2,6.72,66.39,67,31,1,1,1,1,23,7,59,0,0,1
20,Civil,3,6.14,79.17,83,39,4,0,0,3,21,7,43,1,0,1
20,CSE,3,6.86,87.17,160,20,4,0,3,3,40,3,47,0,1,1
25,Chemical,2,7.04,63.68,85,18,5,1,1,1,25,23,65,0,0,1
22,ECE,2,7.29,66.95,123,46,5,0,2,2,21,14,56,1,0,1
21,CSE,3,7.67,73.42,178,40,5,2,3,8,48,28,51,1,1,1
20,IT,2,8.8,76.58,268,69,7,1,4,3,69,18,61,0,1,1
20,ECE,3,8.21,84.0,211,26,3,2,4,3,31,25,55,0,1,1
19,Chemical,2,6.17,77.46,63,26,2,1,3,0,10,9,46,0,0,1
22,Mechanical,2,8.26,72.99,145,64,4,1,3,4,23,15,37,0,1,1
19,EEE,2,8.42,71.45,241,23,4,2,5,2,33,13,65,0,1,1
18,Chemical,2,8.14,73.74,149,51,3,1,8,0,24,20,48,0,1,1
22,AIML,3,6.97,73.81,189,37,5,1,6,3,82,16,68,0,1,1
24,IT,1,8.99,70.75,358,59,3,2,5,3,81,20,56,0,1,1
22,Mechanical,1,6.99,63.54,148,48,5,2,4,1,33,7,54,0,0,1
21,EEE,2,8.41,71.63,215,32,5,0,1,4,36,21,57,1,1,1
21,AIML,3,8.23,73.14,176,64,6,0,3,4,47,24,48,0,0,0
21,Mechanical,2,7.92,72.74,123,44,4,3,2,3,31,13,44,0,1,0
20,AIML,1,6.22,55.86,233,36,4,2,2,2,66,14,64,1,1,1
21,ECE,3,7.52,71.07,101,46,3,0,4,3,30,19,50,0,0,1
21,Civil,3,8.06,66.63,145,52,3,1,2,1,22,8,46,0,1,1
21,AIML,3,7.39,74.12,153,23,5,1,3,3,44,18,39,0,1,0
23,Mechanical,1,7.68,65.72,174,45,7,2,6,0,29,18,51,0,1,1
25,Civil,2,7.18,75.25,134,42,1,0,5,1,24,21,45,0,0,1
19,IT,3,6.9,70.86,234,28,5,3,3,6,78,24,59,1,1,1
21,CSE,1,7.67,84.48,314,47,3,1,3,1,84,0,70,1,1,1
20,Civil,3,8.37,78.77,110,47,5,0,4,2,27,19,32,1,0,0
21,ECE,3,6.75,70.23,122,18,2,0,6,0,24,15,59,0,1,1
20,IT,2,7.83,74.67,191,48,2,0,6,2,49,25,47,0,1,1
20,CSE,3,5.06,66.55,207,17,2,0,4,1,57,0,47,1,0,1
22,CSE,3,6.9,67.91,229,55,2,1,2,4,69,13,57,1,0,1
21,ECE,3,7.96,73.66,104,44,1,0,7,4,26,29,60,0,1,1
23,Civil,1,8.6,73.95,232,33,6,5,5,2,33,18,55,1,1,1
19,ECE,1,6.8,69.24,141,47,6,5,1,1,21,29,53,0,1,1
19,AIML,2,7.74,71.54,284,27,4,1,2,2,60,24,50,0,1,0
21,Chemical,3,8.01,73.02,81,50,6,2,6,2,22,11,79,0,0,1
19,IT,2,6.81,71.45,202,26,3,3,3,6,68,17,65,1,1,1
20,CSE,3,5.92,72.81,161,35,4,1,4,6,49,30,36,0,0,1
25,Chemical,3,6.2,76.23,168,8,5,1,2,3,31,14,43,0,0,1
20,IT,3,5.99,64.74,147,9,2,0,5,3,66,7,47,0,0,1
20,ECE,2,8.1,65.98,117,59,1,2,3,3,23,14,73,0,1,1
21,Civil,3,7.43,79.21,173,52,5,1,1,2,30,22,61,0,0,1
21,AIML,1,7.38,88.68,272,47,2,2,4,2,77,33,60,1,1,1
21,ECE,3,6.58,74.72,172,48,1,0,3,2,25,9,57,0,0,1
21,Civil,2,8.43,74.58,155,39,1,2,0,3,21,14,56,0,1,1
23,AIML,2,7.31,74.91,207,29,6,1,5,3,60,8,48,0,1,1
20,Civil,3,7.61,75.4,146,31,3,1,4,1,23,21,42,0,0,1
21,CSE,1,6.97,71.98,330,31,2,0,3,1,95,10,69,1,1,1
22,Civil,3,6.34,63.94,105,48,4,1,1,1,19,17,36,0,0,1
23,IT,2,8.35,83.59,277,40,2,2,10,1,83,28,47,1,1,1
21,ECE,2,7.56,68.6,152,29,1,1,5,1,20,21,57,0,1,1
21,ECE,2,7.63,81.11,128,47,3,1,2,1,36,10,43,0,1,1
19,AIML,2,7.76,78.59,195,34,5,0,3,1,48,19,58,0,1,1
20,CSE,3,8.18,86.05,180,45,4,1,7,1,54,26,51,0,1,1
19,Mechanical,2,8.48,82.13,162,58,4,0,6,2,23,33,52,0,1,1
22,Civil,3,6.39,54.14,201,32,3,0,1,2,32,17,35,1,0,1
20,CSE,3,7.12,62.87,200,41,3,1,2,5,54,14,57,0,0,1
22,Mechanical,3,6.46,71.09,52,44,3,0,4,4,18,12,29,0,0,1
19,IT,3,7.49,85.66,205,50,3,1,5,4,42,22,37,0,1,1
23,EEE,1,7.41,70.89,208,30,6,0,5,2,41,12,54,1,1,1
23,ECE,2,7.22,63.45,129,28,1,3,3,3,27,16,70,0,1,1
19,Mechanical,3,7.15,78.4,74,26,3,0,3,1,25,24,53,0,0,1
18,ECE,3,7.1,84.13,93,40,4,0,0,0,28,27,61,0,0,1
19,CSE,3,9.48,74.74,285,49,7,2,2,3,70,45,57,1,1,1
23,AIML,2,5.85,64.95,145,36,2,1,6,4,52,19,71,0,0,1
20,IT,3,7.21,84.48,154,21,3,0,2,4,41,22,39,0,1,1
21,EEE,2,6.22,60.91,62,23,2,0,3,0,13,29,47,0,0,1
21,CSE,1,7.88,67.7,336,55,6,2,5,4,90,20,71,0,1,1
22,IT,2,6.29,62.5,195,30,4,1,4,3,62,19,55,0,0,1
21,CSE,2,7.44,74.93,192,37,3,1,3,4,55,15,63,0,1,1
21,IT,2,6.87,69.95,197,19,3,1,3,0,59,12,68,0,1,1
25,ECE,1,8.66,73.44,176,58,3,4,8,0,30,19,59,0,1,0
20,Chemical,3,6.08,75.54,87,42,3,1,1,0,21,10,35,0,0,1
23,CSE,3,6.19,75.51,356,36,6,1,7,3,89,5,39,0,1,0
19,CSE,1,6.77,81.75,234,20,7,0,3,3,72,9,61,0,1,1
21,IT,3,7.66,74.88,220,52,7,0,1,0,55,18,40,0,1,1
23,EEE,3,7.52,79.42,220,15,3,3,2,1,32,14,48,0,0,1
22,EEE,3,7.09,64.63,153,37,3,1,3,0,24,18,56,0,0,1
22,IT,3,7.88,80.23,198,39,8,1,4,3,67,11,49,0,1,1
20,CSE,3,5.41,72.66,127,45,1,1,6,5,49,17,57,0,0,1
21,Civil,1,7.53,68.52,212,53,4,1,3,0,31,24,53,0,1,1
21,ECE,2,7.47,78.1,86,69,5,1,3,4,17,8,54,0,1,1
21,Mechanical,1,7.89,76.91,221,27,0,1,3,1,26,12,49,0,1,1
21,IT,2,7.54,77.33,189,51,2,4,6,4,53,19,48,0,1,1
20,Civil,2,7.7,81.25,190,46,2,0,2,3,25,21,65,0,0,1
20,Mechanical,1,8.12,77.18,174,37,3,2,5,2,31,28,51,1,1,1
20,CSE,2,9.14,87.35,279,45,7,1,4,3,71,20,48,1,1,1
21,CSE,2,8.09,68.08,247,63,5,0,2,5,65,18,52,0,1,1
20,CSE,2,6.21,63.8,152,31,5,0,2,3,57,29,33,1,1,1
23,Civil,3,8.05,74.61,176,30,4,0,5,0,32,10,27,0,0,0
21,AIML,2,7.36,68.14,352,54,7,0,1,2,100,26,42,0,1,1
20,IT,2,7.0,74.2,229,48,3,3,4,3,64,13,46,1,1,1
22,EEE,2,6.26,67.65,69,36,3,2,3,1,16,15,56,0,1,1
23,EEE,3,7.09,70.58,52,22,5,0,2,1,17,25,29,0,0,1
20,ECE,2,7.66,72.19,117,13,1,0,3,2,25,3,38,1,0,1
20,ECE,2,8.13,77.66,172,73,3,2,1,0,19,28,51,0,1,1
18,IT,2,6.55,70.91,164,30,1,0,5,3,60,7,41,0,0,1
19,CSE,3,6.98,74.91,154,64,5,0,3,3,58,21,52,1,1,1
22,CSE,2,7.07,69.88,223,43,2,0,3,5,58,33,43,0,1,1
25,Civil,3,6.85,59.0,212,45,3,1,2,1,33,26,67,1,0,1
19,Chemical,2,6.19,74.99,84,15,2,2,2,0,18,22,54,1,0,1
22,Civil,2,6.59,65.6,94,60,1,0,2,3,14,6,54,0,1,1
19,IT,3,7.08,74.62,231,37,3,0,4,4,54,1,57,0,1,1
21,CSE,2,8.02,75.65,285,44,4,2,9,2,82,12,37,1,1,1
22,ECE,3,7.14,88.33,95,49,5,3,5,0,20,16,42,0,0,1
21,CSE,3,6.32,51.45,247,19,2,0,4,5,62,0,32,0,0,1
18,Civil,3,7.12,68.16,128,59,4,0,3,4,20,14,39,0,0,1
21,Mechanical,3,6.28,72.72,55,18,1,1,4,1,17,21,53,1,0,1
25,Chemical,1,8.37,65.54,221,49,1,1,4,4,39,10,42,0,1,1
20,Civil,2,8.76,77.72,144,50,5,3,7,2,18,33,43,0,1,1
20,IT,2,7.57,62.47,259,59,4,2,5,2,61,18,60,0,1,0
19,IT,3,7.91,75.23,177,22,5,2,4,0,69,21,42,0,0,1
21,Civil,3,6.73,71.78,60,22,1,2,1,1,16,6,28,0,0,1
21,EEE,2,7.68,79.54,156,45,4,2,3,1,29,12,50,0,1,1
22,Civil,1,7.69,76.47,217,15,7,4,3,1,40,18,41,0,1,1
22,IT,3,8.16,69.3,221,18,6,1,5,5,63,23,56,0,1,0
23,ECE,3,6.8,72.15,79,24,2,0,3,0,14,13,60,0,0,1
22,ECE,2,7.39,75.84,119,38,2,0,4,1,32,16,70,0,1,1
20,CSE,2,6.52,64.46,181,14,4,1,7,3,52,19,47,0,0,1
21,ECE,1,8.25,83.18,261,50,2,5,9,1,41,40,55,1,1,1
20,CSE,1,7.16,76.83,276,48,5,3,2,4,63,12,41,0,1,1
20,IT,2,7.18,61.54,198,17,1,1,4,4,65,23,77,0,1,1
24,ECE,3,6.54,71.04,78,45,0,0,3,2,17,13,49,0,0,1
22,CSE,2,7.29,66.06,241,47,3,0,5,4,55,11,50,0,1,1
25,Mechanical,3,7.91,61.36,164,45,4,1,2,2,36,13,55,0,0,1
21,CSE,2,7.75,70.74,321,61,8,0,3,2,87,9,55,0,1,1
21,Mechanical,3,8.38,74.14,190,56,1,2,5,0,24,20,35,0,1,1
21,CSE,2,6.89,86.89,169,39,3,0,5,2,66,23,43,1,1,1
19,Mechanical,1,7.7,70.78,232,41,2,2,1,3,43,28,68,1,1,1
20,IT,2,8.42,77.17,223,54,7,1,6,6,74,23,50,0,1,1
21,Mechanical,3,6.5,72.87,91,33,3,2,4,1,28,16,68,0,0,1
19,ECE,3,8.32,74.0,85,56,6,3,8,1,20,23,60,0,1,1
24,IT,3,8.6,79.34,198,61,3,3,5,2,60,21,44,0,0,1
19,EEE,2,6.52,65.75,125,38,2,0,1,1,31,18,46,0,0,1
20,IT,2,9.53,72.68,332,48,7,1,8,9,75,20,39,0,1,1
22,IT,3,7.07,68.43,199,26,3,2,8,3,52,24,55,0,1,1
19,ECE,1,6.27,60.98,133,38,3,3,5,1,27,10,69,0,1,1
23,Mechanical,1,6.77,75.73,169,54,2,1,3,0,36,5,71,0,1,1
22,EEE,2,7.32,72.76,149,49,5,2,3,0,15,28,29,0,1,1
19,Civil,3,6.96,68.64,174,12,2,3,1,0,24,13,38,0,1,1
22,CSE,3,6.64,75.1,167,49,1,1,9,4,55,15,38,0,0,1
22,CSE,3,6.25,65.62,206,26,2,2,2,4,63,14,64,0,0,1
22,ECE,2,6.26,50.0,224,37,2,2,4,1,38,2,52,0,1,1
23,EEE,3,8.71,73.88,92,36,1,1,4,5,27,15,45,0,1,1
22,CSE,2,7.76,79.9,232,39,5,1,6,4,64,23,45,1,1,1
21,AIML,1,8.56,84.15,298,17,8,3,5,4,93,27,55,1,1,1
20,Chemical,2,6.66,62.47,126,31,0,2,1,0,26,16,63,0,1,1
22,IT,3,6.97,67.93,159,23,5,0,6,4,54,14,65,1,0,0
24,IT,3,6.45,75.46,246,11,0,4,2,3,58,0,48,0,1,1
21,AIML,1,7.29,62.6,265,62,7,3,2,2,68,17,49,1,1,1
22,CSE,2,8.36,74.32,270,41,8,0,2,3,69,26,51,1,1,1
21,AIML,3,6.94,74.11,226,60,2,0,2,1,59,7,53,0,0,1
22,CSE,3,7.22,82.64,252,36,1,1,2,0,73,9,52,0,0,1
25,IT,2,6.89,68.53,183,41,5,0,6,3,55,15,55,0,1,1
20,AIML,3,7.97,65.35,217,47,10,1,3,4,66,14,44,1,1,1
20,IT,2,6.98,66.56,213,28,4,1,3,5,61,10,47,0,1,1
21,AIML,2,8.54,93.78,260,53,4,0,3,4,77,11,40,1,1,1
21,Civil,2,7.17,74.82,83,63,3,4,3,0,21,26,48,0,1,1
21,AIML,3,9.41,88.34,246,57,4,0,2,0,84,20,57,0,1,1
19,CSE,2,8.52,76.87,234,42,5,0,8,3,79,23,55,0,1,1
21,Mechanical,1,7.71,68.79,153,45,3,1,3,3,28,24,68,0,1,1
21,Mechanical,3,7.41,65.92,427,49,6,0,5,2,48,17,63,0,1,1
21,ECE,2,8.67,74.17,163,43,5,2,2,5,31,14,33,1,1,1
22,IT,3,7.63,79.15,294,37,4,2,4,2,75,28,46,0,1,1
22,Civil,3,7.86,65.68,72,38,3,0,4,2,17,16,34,0,1,1
22,EEE,3,9.15,84.02,149,54,2,0,4,2,27,20,65,0,0,1
22,IT,2,7.68,66.14,223,57,3,2,0,3,72,28,54,0,1,1
22,IT,3,5.56,65.37,199,30,5,0,1,1,38,1,33,0,0,1
21,CSE,1,7.9,74.54,300,50,5,4,5,2,84,12,59,0,1,1
21,CSE,2,8.5,81.11,409,51,2,3,5,4,84,32,39,0,1,1
19,CSE,3,7.62,72.0,258,12,0,1,5,7,82,15,50,0,1,1
20,AIML,2,6.52,74.2,206,31,3,1,3,2,65,13,39,0,1,1
21,Chemical,3,7.28,70.76,150,11,3,0,3,2,27,13,42,1,0,1
23,Civil,1,9.01,81.22,221,36,3,4,2,2,29,22,41,0,1,0
22,CSE,3,6.14,69.17,180,9,4,0,2,3,62,8,44,0,0,1
19,CSE,3,5.89,69.87,198,28,2,0,3,4,52,22,44,0,0,1
21,EEE,3,6.64,72.18,72,25,7,1,1,0,20,6,48,0,1,1
20,IT,1,8.72,76.88,285,49,5,0,6,1,73,20,78,0,1,1
22,Mechanical,3,5.61,75.77,35,37,2,1,1,3,15,1,22,0,0,0
23,Chemical,3,7.45,77.67,165,34,2,0,0,4,27,24,54,0,0,1
21,ECE,1,8.17,77.02,198,35,2,2,6,2,33,20,56,0,1,1
21,CSE,3,7.35,69.39,215,39,3,1,6,0,59,16,40,0,1,1
20,Civil,2,6.24,86.57,129,38,2,1,1,0,22,24,46,1,0,1
21,ECE,2,7.61,84.8,99,28,3,2,5,1,13,13,37,0,1,1
23,IT,2,6.57,63.73,179,23,1,1,2,1,72,16,42,1,1,1
22,Mechanical,2,7.62,78.32,111,53,4,1,3,3,25,25,52,0,0,1
21,IT,2,6.74,80.0,209,45,5,1,2,4,68,13,46,0,1,1
21,AIML,3,7.63,77.59,236,54,4,1,4,1,68,12,58,0,1,1
19,Mechanical,1,7.71,74.33,243,49,6,0,4,1,37,15,71,0,1,1
20,CSE,2,6.43,65.98,234,28,6,0,5,8,61,19,59,1,0,1
20,CSE,3,7.82,78.05,259,17,6,1,6,4,84,28,67,0,1,1
21,ECE,1,7.63,67.78,290,41,4,2,7,0,36,15,49,0,1,1
24,CSE,3,7.62,71.46,163,62,4,0,6,5,56,17,61,0,1,1
21,Mechanical,3,7.52,70.12,86,43,5,0,1,3,18,32,33,0,0,1
20,Chemical,2,8.35,80.04,149,38,1,1,3,1,36,13,57,0,0,1
19,Chemical,3,7.84,84.35,107,19,4,0,2,3,24,28,59,0,0,1
20,CSE,2,7.84,71.46,236,21,0,2,0,3,51,21,60,0,1,1
22,Chemical,3,5.73,65.39,131,25,1,1,3,2,33,14,44,0,0,1
21,CSE,2,7.13,81.59,174,36,4,0,7,4,50,30,58,1,1,1
22,IT,3,5.11,62.33,264,17,5,1,3,3,82,21,43,0,0,1
22,CSE,2,6.22,50.0,194,41,3,1,4,4,79,15,47,0,1,1
19,Civil,3,8.24,89.08,130,37,3,2,4,2,17,36,37,0,0,1
21,AIML,2,7.0,79.19,214,22,4,3,7,3,72,8,67,0,1,1
24,EEE,3,8.22,81.66,126,57,3,2,1,3,33,14,47,1,1,1
21,Mechanical,2,6.73,73.88,138,37,3,0,4,0,26,19,62,1,0,1
19,IT,3,7.13,71.98,194,35,4,3,1,0,64,32,64,1,1,0
24,Mechanical,1,7.77,61.52,378,30,4,2,0,3,52,12,55,0,1,1
23,IT,2,8.71,76.08,196,32,4,1,6,4,61,49,63,0,1,1
21,CSE,2,8.25,74.44,201,27,3,1,5,0,42,18,49,0,1,1
21,ECE,3,6.82,70.64,87,37,2,1,6,3,13,15,45,0,1,1
20,Mechanical,2,6.98,76.08,239,41,2,0,1,3,38,10,45,0,0,1
22,CSE,2,7.56,84.47,279,28,2,2,2,3,76,13,59,0,1,1
21,Mechanical,3,9.28,78.88,150,43,4,2,3,1,24,27,65,0,1,1
19,AIML,3,7.32,71.71,161,33,5,3,2,4,45,14,55,0,0,1
22,Mechanical,3,6.56,81.24,161,26,1,1,3,3,35,12,46,0,0,1
24,CSE,2,6.75,65.76,184,24,1,2,4,4,62,11,63,0,1,1
23,IT,3,7.11,72.23,143,42,4,0,4,2,63,27,59,0,0,1
20,ECE,2,7.68,74.5,225,33,3,1,4,1,24,20,49,0,1,1
19,ECE,3,6.49,64.94,69,36,1,2,2,2,15,14,59,0,0,1
24,AIML,2,8.22,73.64,301,41,7,1,3,4,71,47,52,0,1,1
24,ECE,3,6.71,68.88,73,33,2,0,3,0,17,17,49,0,0,1
21,AIML,2,8.52,82.4,251,38,2,1,8,1,64,27,39,0,1,0
22,CSE,2,7.64,72.12,191,19,7,0,4,3,56,12,67,1,0,1
21,CSE,2,7.13,70.71,188,30,4,0,2,4,54,17,51,0,1,1
21,Civil,1,5.28,69.91,137,23,3,3,3,1,27,9,49,0,1,1
19,CSE,3,6.97,68.6,196,33,5,1,4,5,52,28,60,1,0,1
19,IT,1,7.68,67.95,316,28,3,4,4,4,80,25,63,1,1,1
20,AIML,2,7.47,92.2,174,28,7,2,2,1,53,16,57,1,1,1
23,EEE,2,7.93,74.73,164,52,0,2,5,3,19,27,45,0,1,0
20,IT,2,7.1,74.04,218,19,3,0,5,4,60,15,55,0,1,1
20,AIML,1,8.19,74.07,419,55,3,1,4,4,100,9,83,0,1,1
21,Chemical,3,6.51,60.04,104,19,1,1,4,1,24,14,43,0,0,1
20,Chemical,2,8.29,72.64,102,51,2,3,2,2,23,21,58,0,1,1
20,CSE,2,8.3,68.49,210,46,6,1,4,2,70,18,48,0,1,1
21,Mechanical,2,7.72,78.26,157,4,3,2,5,2,29,27,54,0,1,1
21,Civil,3,7.95,78.08,114,68,3,1,3,1,30,15,47,0,0,1
22,Chemical,2,7.19,76.81,83,59,1,0,1,0,15,20,44,0,0,1
23,AIML,3,7.15,65.72,195,17,6,2,3,3,41,1,51,1,1,1
20,Mechanical,3,7.1,58.46,76,46,3,1,8,1,24,24,53,1,0,1
23,IT,1,8.81,62.02,310,39,6,4,5,2,78,29,56,0,1,1
23,EEE,3,7.47,76.44,95,21,5,0,3,2,32,16,44,0,0,0
23,ECE,2,6.8,68.72,118,21,1,0,1,1,24,23,71,0,0,1
22,Mechanical,3,7.25,63.99,98,39,2,0,2,0,26,17,56,0,0,1
22,Civil,2,7.05,76.13,105,35,3,0,4,0,22,18,52,1,0,1
22,CSE,3,7.46,79.67,241,47,7,1,9,2,60,24,43,0,0,1
22,AIML,3,7.16,72.23,246,44,3,2,3,2,48,7,57,0,1,1
18,EEE,2,6.3,65.81,124,39,1,1,2,5,25,24,41,0,0,1
24,IT,3,6.39,68.61,163,48,3,0,3,5,51,25,52,1,1,1
21,ECE,3,6.99,80.27,84,38,5,0,2,3,29,8,62,0,1,1
22,Mechanical,3,8.48,84.24,147,41,7,1,3,1,15,11,34,0,0,1
21,Mechanical,3,5.75,66.52,43,31,4,0,3,3,14,4,38,0,0,1
18,Mechanical,2,7.8,75.61,238,66,4,1,3,3,37,22,54,0,1,1
21,CSE,3,8.67,100.0,191,48,2,2,5,4,58,5,55,0,1,1
21,CSE,2,8.32,91.14,204,31,0,0,2,3,54,18,44,0,0,0
21,Civil,3,7.33,73.49,118,33,3,0,2,0,25,29,47,0,0,1
20,ECE,2,7.31,83.11,143,32,2,1,4,4,20,16,75,1,1,1
20,EEE,3,7.89,77.68,94,53,1,1,7,1,15,13,72,0,0,1
21,CSE,2,8.78,88.21,214,37,6,3,6,4,60,28,47,0,1,1
21,Mechanical,2,8.11,70.68,126,45,2,1,6,2,33,26,57,1,1,1
24,CSE,3,7.51,78.94,205,47,7,2,2,3,71,1,50,0,1,1
20,Mechanical,2,8.53,84.19,117,63,5,2,6,1,10,23,55,0,1,1
20,CSE,1,7.9,74.89,367,38,8,0,5,2,99,35,58,1,1,1
20,CSE,3,7.43,70.55,188,50,6,3,7,4,73,6,38,1,1,1
21,IT,1,8.29,77.88,358,54,4,0,4,2,94,14,83,1,1,1
21,AIML,2,6.96,62.54,200,20,4,2,2,6,56,16,64,0,1,1
22,Chemical,3,9.89,78.67,152,54,1,2,5,1,19,33,66,1,1,1
24,ECE,2,7.63,70.35,138,41,4,1,5,3,25,18,46,0,0,1
20,ECE,2,7.34,79.25,112,73,1,0,3,0,14,8,51,0,1,1
22,CSE,2,8.22,79.67,292,56,6,1,1,2,77,4,45,0,1,0
18,ECE,2,8.43,81.28,188,54,3,0,4,1,30,42,52,0,1,1
20,CSE,1,7.17,80.96,320,19,5,2,4,1,83,30,59,0,1,0
21,EEE,3,5.9,60.83,65,25,2,0,4,1,26,7,34,0,0,1
19,Chemical,1,7.47,85.0,190,14,6,0,1,3,33,20,60,0,1,1
21,IT,3,7.59,80.48,217,15,2,1,6,3,59,20,38,0,1,1
22,Mechanical,2,6.87,62.15,209,35,3,0,6,3,30,2,39,1,0,1
22,Chemical,3,7.33,78.68,153,27,2,3,9,0,28,16,40,0,1,1
21,Chemical,2,7.39,77.41,158,36,1,1,3,7,27,16,52,0,1,1
21,Mechanical,3,5.96,71.74,24,39,2,1,1,1,15,11,42,0,0,1
21,Civil,3,7.91,68.6,172,28,0,1,4,1,27,22,33,1,0,1
19,IT,2,8.26,76.15,276,49,4,0,3,5,72,7,42,0,1,1
19,EEE,3,7.52,78.5,130,46,2,1,3,4,27,17,55,1,1,1
22,EEE,2,7.83,75.15,115,48,3,0,3,2,31,27,51,0,1,1
25,AIML,1,7.19,63.6,275,47,6,3,7,3,79,21,48,0,0,0
18,IT,3,7.25,70.5,186,44,2,2,2,3,66,41,29,1,1,1
21,IT,2,8.07,78.15,220,45,2,1,3,4,67,21,54,1,1,1
22,CSE,1,6.59,69.64,252,24,4,0,1,3,72,20,62,0,1,1
23,ECE,2,6.63,84.23,68,26,2,2,1,1,21,18,55,0,0,1
21,Mechanical,3,6.14,74.75,67,0,3,1,1,2,18,0,65,0,0,1
21,EEE,3,8.78,82.94,187,67,2,0,3,2,25,27,48,1,0,1
22,EEE,1,7.51,75.17,308,71,5,1,6,0,48,17,77,0,1,1
23,EEE,2,8.72,74.71,120,42,4,1,2,1,22,11,69,0,1,1
19,CSE,2,7.44,85.57,272,40,3,1,3,2,65,2,36,0,1,1
24,CSE,3,8.87,75.71,190,59,7,1,4,4,65,22,50,0,1,1
18,CSE,2,8.55,77.77,221,49,5,3,4,5,80,25,57,0,1,1
23,Civil,1,7.17,72.28,167,37,6,5,5,5,29,14,72,0,1,1
19,Civil,3,7.45,64.08,104,44,1,1,6,2,15,24,42,1,0,1
20,EEE,1,6.9,75.11,191,61,4,0,1,4,30,9,42,0,1,1
18,IT,2,8.06,82.57,188,43,2,1,6,6,55,18,49,1,1,1
21,Chemical,3,8.27,72.38,167,49,2,0,4,0,31,10,73,0,1,1
20,CSE,3,8.95,76.51,201,43,5,1,6,1,49,21,64,0,1,1
20,CSE,2,8.67,71.95,203,47,3,1,7,1,58,24,40,1,1,1
21,EEE,3,7.72,87.21,255,53,3,1,4,0,36,24,51,0,0,1
21,ECE,2,7.8,77.94,159,41,0,2,8,4,29,21,35,0,1,1
22,Chemical,3,7.14,82.02,99,27,3,0,3,2,17,10,53,0,0,1
23,Mechanical,2,9.05,76.03,124,28,9,0,3,0,24,14,75,0,0,1
22,Chemical,2,6.77,75.51,231,24,2,1,2,1,32,13,32,0,0,1
19,Mechanical,2,6.62,60.19,120,54,2,2,4,0,24,9,41,0,1,1
20,Chemical,2,6.57,66.78,106,32,1,0,2,3,14,25,50,0,1,1
23,Mechanical,2,8.41,91.12,221,22,2,1,4,4,42,16,52,0,1,1
19,ECE,2,8.32,79.46,109,21,6,1,1,2,17,32,60,0,0,1
21,EEE,3,7.73,72.41,114,47,5,0,6,1,19,14,46,0,1,1
24,Civil,2,7.77,61.96,191,19,3,3,2,0,30,13,58,0,1,1
24,CSE,3,6.34,71.57,241,15,5,0,3,1,70,22,56,0,0,0
21,ECE,3,7.58,71.31,178,45,4,0,4,2,33,7,57,1,1,1
22,IT,2,8.55,83.29,248,64,5,0,11,2,77,32,58,0,1,1
21,EEE,2,6.58,60.88,80,44,1,0,3,4,13,12,53,0,0,1
22,EEE,2,6.46,76.91,114,16,3,0,1,0,19,19,58,0,1,1
19,IT,1,8.01,72.47,324,52,2,3,3,3,65,22,76,0,1,1
20,Mechanical,3,8.0,68.35,194,59,2,1,1,1,33,20,37,0,1,1
21,ECE,2,8.19,77.51,205,31,3,1,2,0,25,18,59,0,1,1
20,CSE,2,8.53,90.01,250,51,5,5,8,7,73,14,30,0,1,1
22,EEE,2,7.64,79.49,187,56,5,1,2,1,31,22,70,0,1,1
21,CSE,1,6.34,72.46,269,43,4,0,5,4,73,2,45,1,1,1
23,Civil,1,8.19,72.44,219,20,4,1,3,1,36,17,59,0,1,1
22,Civil,3,8.36,86.67,114,35,7,1,3,7,24,26,56,0,0,1
21,CSE,2,6.97,74.74,208,33,3,1,6,3,64,12,45,0,1,1
22,AIML,2,7.38,59.8,207,37,3,2,5,2,47,20,70,1,1,1
20,CSE,1,5.9,74.21,264,27,2,1,4,2,68,11,73,0,1,1
21,Mechanical,1,7.51,75.71,145,22,2,1,2,3,27,18,69,1,1,1
20,CSE,3,8.71,77.0,270,38,4,0,1,5,65,24,37,0,0,1
23,ECE,3,6.97,80.99,71,27,2,1,3,2,22,0,46,1,0,1
23,IT,2,6.6,65.94,151,37,4,0,3,3,64,7,56,0,0,1
23,Mechanical,2,9.17,75.61,130,43,5,3,2,3,31,21,45,0,1,1
23,EEE,3,7.87,73.92,179,40,4,0,5,1,26,15,28,0,1,1
24,ECE,2,7.9,78.14,139,16,2,3,5,2,20,17,51,1,1,1
20,ECE,2,7.63,70.11,146,50,2,0,8,0,31,31,33,0,0,1
24,Mechanical,2,6.93,65.15,81,36,4,0,2,1,23,8,50,0,1,1
21,ECE,3,7.13,71.33,179,44,6,0,4,3,35,20,44,1,1,1
21,IT,3,8.76,74.45,234,37,6,0,3,5,58,12,70,0,1,1
21,CSE,2,6.92,83.61,254,35,6,5,5,1,73,21,67,0,1,1
20,AIML,2,8.66,63.24,226,48,4,1,4,2,53,21,48,0,1,1
20,IT,3,7.65,80.56,294,36,3,0,3,2,89,20,34,1,0,1
20,EEE,1,8.05,61.35,233,43,2,2,3,1,35,19,64,0,1,1
19,Mechanical,1,6.33,69.58,175,43,5,2,0,0,28,25,73,0,1,1
21,Chemical,2,7.86,67.45,124,41,4,0,3,1,22,32,55,0,1,1
23,AIML,1,7.7,63.63,371,52,5,3,8,4,88,13,75,0,1,1
22,ECE,2,6.13,78.73,121,40,1,1,2,1,20,23,37,0,0,1
21,Mechanical,2,7.54,79.07,128,19,0,1,1,0,19,29,31,0,0,1
21,IT,3,6.99,72.65,147,51,6,1,6,6,47,11,38,0,1,1
21,ECE,2,7.73,75.48,201,38,1,2,3,3,37,13,66,0,1,1
20,IT,3,6.62,65.69,219,44,6,0,4,2,73,15,49,0,1,1
23,IT,3,6.49,67.38,323,36,3,2,4,5,86,16,60,0,1,1
20,CSE,3,7.43,68.8,168,29,1,1,6,2,49,13,68,1,0,1
22,CSE,2,7.16,69.09,171,0,4,0,6,5,65,12,51,1,1,1
22,AIML,3,7.06,70.96,209,71,2,1,3,2,58,18,48,1,0,1
21,Civil,2,6.46,79.84,113,23,2,0,5,0,21,22,48,0,0,1
23,CSE,1,7.7,78.64,310,36,2,2,1,2,78,22,46,0,1,1
20,CSE,2,8.04,77.77,192,26,4,2,7,5,65,21,55,0,1,1
23,EEE,3,7.58,67.16,118,26,3,1,5,0,22,7,36,0,0,1
22,Chemical,2,7.19,75.97,119,35,3,2,2,3,24,30,25,0,1,1
22,CSE,1,6.35,52.75,314,21,5,2,4,2,75,24,61,1,1,1
22,Mechanical,1,7.03,67.48,140,29,6,2,2,0,27,5,54,1,1,1
23,CSE,2,6.87,63.18,198,33,3,1,2,3,53,12,53,0,1,1
25,CSE,2,8.21,73.52,236,55,3,2,8,6,77,11,67,1,1,1
21,Chemical,3,8.03,73.54,143,47,5,2,6,2,36,23,58,1,0,1
22,Mechanical,3,7.61,71.17,84,23,3,1,0,3,22,14,32,1,0,1
22,ECE,3,7.06,72.29,207,52,4,0,6,1,30,19,43,0,0,1
21,CSE,3,8.46,77.95,324,36,1,0,8,4,77,19,65,0,0,1
24,ECE,1,8.28,85.72,273,22,5,4,4,2,31,42,70,1,1,1
21,CSE,2,5.74,62.52,204,31,2,2,4,3,54,4,47,0,0,1
21,IT,2,8.84,72.31,211,40,5,3,7,2,62,34,59,0,1,1
19,Mechanical,3,7.21,72.16,216,3,1,1,4,3,33,25,45,1,0,0
20,ECE,1,8.55,79.32,172,40,4,4,1,1,35,21,71,0,1,1
23,Mechanical,2,7.9,75.38,99,55,4,1,6,3,21,29,78,0,1,1
21,CSE,1,6.65,83.91,240,35,6,2,4,2,76,7,58,0,1,1
21,Mechanical,2,7.1,78.49,146,20,2,0,6,0,21,26,52,0,0,0
20,Chemical,1,6.11,79.01,176,38,1,2,1,2,27,27,68,1,1,1
21,Civil,3,6.69,74.42,177,42,2,0,2,3,30,8,35,0,0,1
22,CSE,2,7.62,74.81,219,42,5,5,7,4,60,29,61,0,1,1
23,CSE,3,7.41,55.82,230,60,6,0,8,2,51,18,42,0,1,1
19,ECE,3,6.78,71.86,83,52,4,0,2,0,20,29,53,0,0,1
21,ECE,3,7.13,70.35,212,47,3,2,5,2,22,18,49,0,0,1
21,Civil,2,7.59,72.0,175,25,1,1,1,2,25,17,51,1,1,1
21,IT,1,8.32,83.33,320,50,5,1,2,3,67,23,57,0,1,1
21,ECE,2,6.97,62.78,80,37,3,0,2,1,20,12,46,1,1,1
21,AIML,3,7.22,80.49,172,33,4,0,3,3,60,24,59,0,1,1
21,Chemical,1,6.68,75.56,213,31,5,1,2,0,34,14,65,0,1,0
21,CSE,2,6.46,71.98,174,0,1,0,5,3,44,0,58,0,1,1
21,Civil,1,8.71,83.28,192,49,4,0,4,1,31,16,70,1,1,1
21,Civil,1,9.05,66.1,336,46,5,2,2,0,45,24,68,0,1,1
22,CSE,2,7.67,76.9,217,18,4,0,3,2,52,24,51,0,1,1
22,Mechanical,2,7.22,62.37,91,27,2,1,3,3,24,23,36,1,0,1
20,IT,2,7.1,74.84,294,6,3,2,7,5,78,23,42,0,1,1
22,AIML,3,8.39,68.05,297,60,4,1,12,3,80,30,53,1,1,1
23,IT,3,4.05,56.97,113,46,4,0,2,2,42,7,46,0,0,1
20,Chemical,2,9.43,76.6,215,53,4,1,3,4,26,22,48,0,1,1
21,IT,3,7.42,71.34,223,40,1,2,2,2,58,16,47,0,1,1
20,AIML,2,5.34,67.99,202,9,2,0,3,4,60,9,45,0,1,1
22,ECE,2,9.59,85.21,187,63,2,3,5,1,27,31,35,0,1,1
20,IT,3,5.31,83.34,309,12,4,2,1,4,76,4,32,1,1,0
22,CSE,2,5.58,62.67,155,18,4,1,2,4,52,0,57,0,1,1
20,CSE,3,6.59,71.5,148,7,2,2,0,3,57,18,39,0,1,1
21,CSE,1,7.62,73.26,271,41,3,0,1,1,74,30,71,0,1,1
24,ECE,2,8.52,69.31,215,33,9,1,7,1,26,16,47,0,1,1
21,EEE,2,7.21,58.79,127,10,4,1,1,1,22,0,48,0,0,1
23,Mechanical,3,6.67,64.14,126,16,2,0,0,0,26,12,41,0,0,1
25,AIML,3,7.09,68.23,250,61,1,0,5,5,62,19,47,1,0,1
23,Mechanical,3,7.08,69.46,68,49,4,3,5,2,14,29,71,0,0,1
20,IT,2,8.72,67.37,302,58,9,1,6,5,77,19,47,0,1,1
22,CSE,3,8.25,73.72,260,17,4,1,8,5,77,18,40,0,1,1
19,Chemical,1,7.24,71.37,141,41,0,1,1,1,28,15,77,0,1,1
21,Mechanical,2,7.21,66.21,85,45,2,2,4,1,16,15,50,0,0,1
23,ECE,2,5.92,73.68,108,41,0,1,1,3,28,17,61,1,0,1
22,CSE,2,8.04,63.2,194,41,5,0,5,6,88,29,44,0,1,1
21,CSE,1,7.71,76.06,312,42,4,1,4,6,58,32,57,0,1,1
21,ECE,3,7.68,72.43,94,44,1,2,1,0,23,20,51,0,0,1
22,Civil,2,8.04,75.78,115,57,2,2,4,1,25,25,61,0,0,1
22,EEE,3,8.67,80.12,135,39,5,1,3,1,28,39,38,1,1,1
21,CSE,3,7.02,73.98,169,39,5,1,4,3,71,4,49,0,0,1
23,EEE,3,7.4,59.43,133,65,2,0,1,1,24,5,60,0,0,1
20,IT,2,8.83,75.93,416,50,1,0,9,2,85,29,47,0,1,1
20,CSE,2,7.35,76.26,198,38,5,4,4,4,55,21,79,0,1,1
22,Mechanical,3,7.27,76.24,79,63,3,3,5,0,26,16,64,0,0,1
25,EEE,2,9.74,75.06,194,53,6,1,4,4,24,13,28,1,1,1
20,Mechanical,2,7.46,65.78,152,54,8,1,1,3,25,18,61,0,1,1
20,CSE,3,8.82,81.7,187,66,4,3,4,3,46,8,49,1,1,1
20,CSE,3,6.88,74.89,217,31,4,1,3,6,55,29,51,1,1,1
23,ECE,1,7.36,65.48,223,44,3,3,2,1,36,18,62,0,1,1
20,ECE,2,5.79,59.02,80,28,2,2,2,2,10,17,51,1,1,1
21,EEE,1,8.27,73.06,189,30,4,1,3,2,21,5,72,0,1,1
25,Mechanical,1,8.36,70.66,215,31,1,1,2,0,16,23,21,0,1,0
18,EEE,2,7.58,74.45,104,49,1,1,1,1,17,8,39,0,1,1
21,Mechanical,3,7.74,83.51,111,49,1,0,3,3,27,33,41,0,0,1
21,CSE,3,8.09,66.43,182,51,5,1,7,4,45,18,44,0,1,1
22,IT,2,6.24,68.24,168,31,5,0,5,3,60,19,38,0,1,1
21,EEE,1,7.81,68.79,196,28,2,1,3,1,32,14,60,1,0,1
21,ECE,3,8.76,82.5,154,74,4,0,2,2,19,14,51,1,0,1
20,IT,3,7.11,77.67,174,27,11,0,7,5,60,13,40,0,1,1
22,Chemical,2,6.33,63.07,156,38,1,0,1,1,30,13,55,0,1,1
22,CSE,3,8.27,83.27,175,35,4,3,3,7,69,17,52,0,1,1
20,Chemical,3,7.48,78.87,118,33,6,0,7,4,24,25,73,0,0,1
21,Mechanical,1,7.73,72.66,165,34,2,2,3,2,30,4,71,0,1,1
23,EEE,3,7.0,76.73,137,37,1,0,2,0,29,2,47,0,0,0
18,CSE,3,8.13,65.54,446,50,5,0,3,4,99,24,51,0,1,1
20,ECE,3,6.88,84.46,74,46,4,0,5,4,22,17,22,0,0,0
21,CSE,2,8.73,77.4,226,28,4,3,5,1,52,24,65,0,1,1
20,Chemical,3,7.42,81.64,82,20,7,0,4,0,25,26,52,0,0,1
20,AIML,2,8.36,71.63,254,39,4,1,9,1,64,32,62,0,1,1
21,IT,2,8.26,64.43,224,43,6,2,1,3,77,14,63,0,1,1
20,EEE,2,6.5,73.13,117,23,4,2,1,1,25,22,47,0,0,1
21,CSE,2,7.91,69.17,197,46,2,3,3,5,70,34,25,1,0,0
22,ECE,3,7.12,67.42,110,35,1,1,1,2,14,25,46,1,0,1
21,Mechanical,2,8.06,76.52,140,32,3,1,4,1,33,34,47,0,1,1
19,AIML,3,7.3,78.26,185,50,5,5,2,5,52,36,55,1,1,1
23,CSE,3,5.75,69.95,237,35,3,1,2,6,52,17,50,1,1,1
20,ECE,2,8.17,82.59,137,47,4,0,2,3,25,20,52,0,0,1
22,ECE,3,5.45,65.09,36,23,1,1,5,1,18,0,50,0,0,0
21,ECE,3,7.47,82.48,120,30,3,0,1,0,18,4,65,0,0,1
22,AIML,2,9.11,83.96,235,64,2,3,2,3,71,19,60,1,1,1
20,IT,3,8.54,68.77,239,46,3,4,1,1,78,21,36,0,1,1
20,IT,3,7.69,78.11,183,25,1,0,3,3,55,16,60,0,0,1
21,AIML,1,7.32,72.63,233,48,4,1,2,1,40,27,63,1,1,1
19,ECE,2,7.45,67.28,118,66,0,3,2,1,25,10,42,0,0,0
20,IT,1,8.64,80.71,273,36,5,4,1,9,70,15,60,0,1,1
22,ECE,2,6.83,73.84,81,36,3,1,4,1,9,23,45,0,1,1
23,CSE,3,7.71,78.33,243,39,7,1,6,3,59,6,43,0,1,1
19,Mechanical,2,6.78,62.99,88,44,3,0,3,1,22,17,41,0,0,1
23,CSE,1,7.51,57.68,244,39,2,2,11,6,66,15,57,0,1,1
22,AIML,2,7.1,69.3,250,30,4,0,4,3,41,24,48,1,1,0
23,Mechanical,3,7.7,71.67,109,50,3,0,2,2,25,11,54,0,1,1
22,Chemical,1,8.22,78.6,178,49,4,1,3,2,24,31,67,1,1,1
22,Chemical,2,9.33,59.91,146,68,2,3,3,4,18,17,48,0,1,1
21,EEE,3,7.22,76.5,80,55,3,0,3,3,24,14,35,0,1,1
22,AIML,2,7.77,79.58,215,39,3,0,6,8,65,8,54,0,0,0
23,Civil,3,8.35,81.86,143,56,3,1,5,3,24,2,51,0,0,1
19,EEE,3,7.33,78.29,140,49,4,0,2,1,28,18,47,0,0,1
20,Chemical,1,7.83,66.38,158,57,4,1,3,5,26,12,42,1,1,1
19,ECE,3,7.87,68.04,102,44,5,1,5,2,22,29,59,0,1,1
24,ECE,2,6.93,69.74,88,16,5,0,2,2,22,25,36,0,1,0
21,CSE,3,7.52,71.97,192,26,5,0,6,4,46,14,47,0,0,1
22,CSE,3,6.66,63.67,190,28,2,0,6,2,30,9,69,0,0,1
23,EEE,2,7.23,73.37,127,30,5,1,0,1,21,25,32,0,0,1
25,Chemical,2,9.32,82.11,158,60,4,1,1,0,25,12,55,1,1,1
20,ECE,3,7.23,74.58,76,43,2,0,1,2,16,17,66,0,0,1
22,CSE,1,7.94,75.54,239,46,5,5,7,2,69,34,67,0,1,1
23,IT,2,5.25,68.72,176,29,2,0,3,1,51,0,47,0,1,1
19,CSE,3,7.72,72.19,177,33,3,1,6,3,46,23,46,0,1,1
22,Chemical,2,9.18,82.35,204,73,1,1,3,1,27,29,87,0,1,1
21,CSE,2,6.78,73.83,227,39,2,0,2,6,59,12,62,1,1,1
22,CSE,2,8.42,70.74,292,47,2,0,3,1,72,17,59,0,1,1
21,ECE,3,6.82,84.05,84,35,4,0,6,4,23,26,67,0,0,1
20,ECE,3,5.94,79.02,69,13,2,0,1,1,21,9,47,0,0,1
20,Mechanical,3,6.98,76.54,263,52,3,1,5,2,32,8,52,0,0,1
19,IT,1,7.17,80.27,288,47,2,3,2,2,87,22,62,0,1,1
19,Civil,1,7.85,76.7,151,69,4,1,3,4,23,13,52,0,1,1
22,EEE,3,7.09,69.71,96,47,1,2,6,1,18,17,48,0,1,1
21,CSE,3,6.5,78.11,225,44,2,0,5,4,67,19,77,1,1,1
20,CSE,2,7.95,76.95,279,36,2,1,1,3,76,22,41,0,1,1
22,ECE,2,8.5,81.7,150,50,1,3,1,5,33,21,55,0,1,1
22,ECE,2,8.05,86.1,185,51,1,1,2,1,30,26,54,0,0,1
21,ECE,2,7.65,63.22,153,16,2,1,2,4,24,13,61,1,1,1
24,CSE,3,7.28,76.12,288,62,4,2,1,5,76,8,63,0,1,1
21,CSE,2,8.0,68.89,237,49,1,2,5,0,64,14,44,0,1,1
23,CSE,3,6.88,70.48,209,52,0,1,5,2,68,25,34,0,1,1
19,Mechanical,2,8.22,70.54,135,59,3,0,4,2,17,13,46,0,0,1
22,EEE,1,6.66,79.13,302,22,1,2,2,1,57,16,66,0,0,1
25,CSE,2,6.02,72.18,175,21,4,0,1,4,65,14,57,0,0,1
23,ECE,1,8.27,76.55,217,43,3,2,2,1,30,21,67,1,1,1
21,Chemical,3,6.44,59.42,108,30,3,0,0,1,17,23,58,0,0,1
22,CSE,1,7.11,68.68,240,42,6,2,5,1,83,31,35,0,1,1
21,CSE,1,6.87,68.32,297,49,8,3,3,3,78,6,28,0,1,1
22,IT,3,7.86,76.93,266,20,4,2,2,0,69,17,55,0,1,1
22,AIML,2,6.82,68.48,250,32,2,0,7,3,57,23,67,0,1,1
25,CSE,2,8.68,75.2,219,59,7,5,1,0,64,17,42,0,1,1
21,Chemical,2,8.15,58.68,125,23,3,2,1,3,36,18,54,0,1,1
19,Mechanical,3,7.57,80.39,85,48,5,1,4,1,25,29,37,1,0,1
21,Mechanical,3,8.71,69.24,118,61,4,0,6,1,17,29,39,0,1,1
19,Chemical,2,6.71,66.21,148,22,4,1,4,1,32,2,54,0,0,1
20,CSE,3,7.46,77.16,157,44,2,1,5,2,58,15,58,0,1,1
20,Civil,3,5.4,73.04,49,37,3,0,0,1,20,12,60,0,0,1
22,Chemical,3,6.9,71.82,98,43,5,1,3,3,15,24,40,0,0,1
20,EEE,3,6.23,72.1,173,42,5,2,1,1,26,19,36,0,0,1
20,Civil,2,8.27,82.76,151,50,3,2,5,2,30,14,49,0,1,1
19,Mechanical,2,8.57,58.73,151,50,4,2,4,2,28,22,61,1,1,1
23,IT,3,7.12,78.54,237,41,5,0,6,2,53,21,40,0,0,1
22,IT,2,9.44,64.69,229,65,5,0,5,3,69,28,47,0,1,1
19,Mechanical,2,6.78,69.03,138,28,3,0,2,2,21,27,60,0,0,1
18,ECE,1,6.74,74.08,212,45,6,2,1,2,24,13,67,0,1,1
21,IT,2,7.04,65.29,218,21,4,2,3,1,49,13,69,0,1,1
20,CSE,2,7.82,73.2,266,24,7,1,4,0,80,30,67,0,1,1
21,CSE,1,8.55,54.69,303,13,2,2,4,3,80,45,38,0,1,1
21,CSE,2,8.17,66.6,193,37,4,1,0,0,63,37,61,0,1,1
24,IT,2,7.21,66.99,188,26,4,1,0,2,53,5,68,0,1,1
20,CSE,3,8.3,69.15,216,42,4,1,3,1,43,47,42,0,1,1
22,CSE,3,6.91,70.56,345,38,1,1,5,1,70,17,40,0,0,1
19,Chemical,3,9.82,92.99,129,44,3,0,3,5,24,17,59,0,1,1
24,ECE,2,8.41,82.39,204,56,3,3,8,5,27,40,48,0,1,0
25,Chemical,3,5.64,73.79,77,35,2,1,2,3,21,9,34,0,0,1
22,CSE,1,7.34,76.21,279,24,3,2,4,5,77,20,53,1,1,1
21,IT,2,6.86,61.47,196,9,2,1,6,1,81,12,40,0,1,1
20,Mechanical,2,9.3,87.58,186,50,4,1,4,1,27,15,44,0,1,1
22,Chemical,3,6.56,73.14,97,21,3,1,1,3,18,27,61,0,0,1
22,Mechanical,1,5.84,71.85,163,43,3,2,3,4,31,19,64,0,0,1
20,Civil,2,8.36,81.94,149,52,5,0,3,3,28,31,77,1,1,1
21,CSE,2,5.06,69.27,245,18,2,1,3,3,57,14,57,0,1,1
21,IT,2,7.2,75.15,249,43,2,3,2,3,61,25,50,1,1,1
23,Civil,2,8.19,70.01,145,46,2,0,1,4,21,13,62,0,0,1
22,ECE,1,7.43,66.14,210,53,2,0,1,1,29,9,58,1,1,1
22,CSE,2,8.72,70.32,277,38,4,4,6,2,58,20,41,0,1,1
22,CSE,2,7.84,54.26,248,77,2,1,3,2,57,18,57,0,1,1
20,Mechanical,3,6.58,67.04,62,42,0,1,2,1,14,18,58,0,0,1
21,CSE,3,7.55,77.46,216,43,2,0,3,3,55,23,48,0,1,1
19,ECE,3,8.84,85.68,139,55,4,2,5,3,32,28,45,0,1,0
22,CSE,1,7.97,69.94,262,37,5,1,6,4,65,17,44,1,1,1
21,AIML,2,7.96,74.28,235,41,4,2,7,5,83,12,58,0,1,1
21,IT,3,7.76,70.8,219,29,3,0,2,1,67,20,45,0,1,1
20,CSE,2,6.9,73.2,218,49,4,1,4,1,65,19,41,1,0,1
20,EEE,2,6.1,59.49,97,29,3,1,7,5,13,22,49,0,1,1
21,CSE,2,7.84,70.94,231,41,2,4,3,2,72,19,50,0,1,0
20,Mechanical,3,8.6,71.47,115,43,2,0,1,2,30,18,66,0,0,1
19,ECE,3,7.87,79.21,108,39,2,1,6,0,20,23,74,1,0,1
22,IT,2,6.37,58.01,148,24,4,1,3,5,55,12,67,0,1,1
21,EEE,2,7.87,77.4,128,40,3,1,2,2,20,26,51,0,1,1
21,IT,3,8.17,82.2,171,10,2,2,2,3,62,17,63,1,0,1
21,CSE,1,8.78,67.55,300,64,5,3,3,1,81,35,52,0,1,1
22,IT,3,7.89,70.47,227,39,7,0,3,3,67,19,58,0,1,1
20,ECE,1,7.98,69.27,220,35,3,1,3,1,45,17,74,0,1,1
22,CSE,2,6.97,83.24,164,50,4,5,6,2,25,21,54,1,1,1
24,Mechanical,3,7.21,82.44,84,62,3,2,3,0,20,15,57,1,0,1
22,IT,3,8.22,82.62,187,27,2,1,5,2,63,15,43,1,0,1
21,AIML,3,6.65,74.03,184,52,2,1,3,2,83,7,57,0,0,1
22,CSE,2,6.77,77.77,196,19,2,0,3,2,53,16,53,0,0,1
21,CSE,3,7.97,79.63,393,44,2,1,5,1,100,21,46,0,1,1
21,AIML,3,7.69,85.74,378,60,6,1,4,1,74,20,63,1,1,1
21,IT,1,9.01,79.12,317,36,4,3,6,3,73,30,57,0,1,1
20,CSE,3,8.14,58.75,200,33,7,1,4,2,66,21,68,0,1,1
19,ECE,3,6.9,68.62,109,53,8,1,3,2,18,19,63,0,0,1
21,CSE,3,8.68,81.6,193,12,2,1,9,5,74,16,56,0,1,1
19,Chemical,2,7.78,72.6,147,60,1,2,0,4,24,14,44,0,1,1
21,ECE,3,7.97,83.83,196,26,6,3,6,1,29,16,59,0,1,1
21,Mechanical,3,7.07,66.76,158,42,1,2,3,1,23,22,61,0,1,1
24,ECE,2,7.95,81.76,200,25,2,1,1,3,22,29,29,0,1,1
19,AIML,3,6.93,61.92,210,35,2,0,3,2,76,14,47,0,0,1
22,ECE,1,5.97,71.44,214,22,2,1,3,0,41,13,45,0,1,1
21,IT,3,8.92,72.86,186,42,4,1,6,2,58,15,53,0,1,1
18,EEE,2,6.79,62.36,97,24,1,3,1,1,19,12,61,0,1,1
20,Civil,2,7.05,72.15,154,41,3,1,6,2,29,11,47,1,1,1
19,AIML,3,6.84,63.39,173,30,7,0,2,7,57,29,44,1,1,1
20,CSE,3,8.92,83.94,478,56,6,1,3,3,99,23,33,0,1,1
20,Mechanical,3,7.79,72.4,87,45,5,2,3,0,18,29,61,0,0,1
21,CSE,2,8.07,76.47,320,43,2,1,4,1,95,26,57,0,1,0
21,Mechanical,3,8.2,75.86,128,50,3,2,6,3,28,32,67,0,0,1
18,Mechanical,3,8.02,79.62,147,44,7,0,3,0,35,36,63,0,0,1
20,Civil,2,7.72,69.83,102,16,1,1,1,5,17,16,35,0,0,0
19,CSE,2,7.69,82.45,194,46,3,1,5,3,49,12,44,0,1,1
21,AIML,3,8.65,92.0,220,40,6,1,0,2,57,8,40,0,0,1
20,ECE,2,6.5,63.04,80,21,5,4,0,0,18,9,45,0,1,1
21,IT,2,6.78,82.85,227,20,8,0,6,4,63,8,55,0,1,1
20,Civil,3,7.93,71.52,97,31,3,1,3,5,22,23,62,0,0,1
18,ECE,2,7.81,71.46,128,49,1,1,5,1,27,12,69,1,0,1
24,ECE,3,7.08,78.59,136,11,3,0,5,1,27,19,49,0,0,1
19,CSE,2,9.55,72.82,249,60,6,0,8,5,83,19,67,0,1,1
19,ECE,3,6.37,74.58,61,15,1,1,3,0,20,16,34,0,0,0
20,IT,2,7.57,78.07,184,40,3,2,5,1,49,13,32,0,1,1
25,ECE,2,7.76,74.34,254,65,4,2,4,2,41,29,57,0,1,1
21,AIML,2,7.18,72.2,215,43,3,2,7,0,56,20,59,0,1,1
21,EEE,3,6.81,68.03,56,29,7,1,3,0,16,17,48,0,0,1
25,Civil,2,7.26,78.3,143,16,5,0,1,2,23,15,26,0,0,1
19,CSE,3,8.72,75.2,198,51,8,4,3,3,63,7,54,0,1,1
25,AIML,2,7.2,80.82,267,28,4,1,6,4,96,8,57,0,1,1
20,Mechanical,3,7.7,82.66,113,32,1,2,4,5,23,31,47,0,0,1
22,Mechanical,2,7.0,62.23,124,65,1,1,1,1,28,0,60,0,1,1
21,AIML,2,8.12,66.74,194,42,3,1,3,4,49,18,54,0,1,1
21,AIML,3,8.28,75.21,257,32,5,2,8,4,84,21,51,0,1,1
24,Mechanical,2,7.36,66.95,134,35,2,2,0,3,27,23,63,0,1,1
20,ECE,1,8.35,71.9,175,33,4,3,2,3,33,36,50,1,1,1
25,IT,3,7.26,67.5,167,35,8,0,4,2,58,24,35,0,1,1
21,CSE,2,7.54,87.61,187,33,2,0,4,3,49,30,49,0,1,1
22,EEE,2,7.89,83.25,159,45,4,4,1,2,20,17,64,1,1,1
24,AIML,3,7.62,68.49,191,35,1,2,4,1,77,17,40,0,1,1
19,EEE,2,7.7,61.15,99,60,1,3,2,2,26,21,54,0,1,1
24,Mechanical,2,6.25,66.0,111,46,0,2,4,0,23,20,52,0,0,1
21,ECE,1,6.7,62.46,183,24,2,0,1,1,36,10,52,0,1,1
22,AIML,2,6.03,74.26,179,24,2,1,2,2,52,13,47,0,0,1
20,AIML,3,6.16,70.12,178,20,3,2,4,5,50,33,58,1,1,1
21,Mechanical,2,7.89,71.22,144,44,6,0,4,3,24,15,46,0,1,1
22,Civil,3,7.05,71.96,109,48,2,2,1,5,15,15,65,0,1,1
21,Chemical,2,6.96,64.2,179,34,4,0,0,2,30,15,47,0,0,0
20,Mechanical,1,9.28,78.06,216,68,4,2,8,5,33,14,55,1,1,1
20,EEE,2,8.52,88.69,142,55,7,0,5,3,23,33,54,0,1,1
23,Civil,2,6.15,64.87,103,41,2,2,4,2,17,13,43,1,0,1
19,IT,2,6.76,72.33,240,53,7,1,4,1,70,11,47,0,1,1
22,Civil,2,6.69,65.93,89,38,2,4,1,1,20,21,62,0,0,1
25,ECE,1,7.8,69.37,170,48,1,1,2,2,27,20,56,0,1,1
18,EEE,2,6.4,76.29,179,38,2,2,2,1,30,22,46,0,1,1
20,CSE,2,6.92,63.47,222,35,2,1,6,1,65,6,48,0,1,1
22,ECE,3,7.7,73.37,94,32,2,2,0,5,24,13,53,0,0,1
19,IT,3,7.24,67.0,224,51,2,2,4,0,61,1,56,0,1,1
21,IT,1,6.64,80.85,225,27,3,1,3,2,73,19,51,0,1,1
22,EEE,3,7.44,68.94,116,38,1,1,2,1,27,16,59,0,1,1
21,Civil,1,7.86,66.25,371,57,4,4,6,2,46,20,54,1,1,1
21,Civil,1,7.93,74.25,171,67,1,1,2,1,39,24,36,0,1,1
22,IT,3,6.15,68.58,194,55,2,2,4,3,65,15,31,0,1,0
21,Mechanical,2,8.33,84.33,175,54,8,2,2,3,24,32,65,0,1,1
20,ECE,2,7.08,68.81,243,41,1,1,3,2,28,15,76,0,1,1
21,IT,2,6.52,73.82,196,47,3,1,4,2,69,6,72,1,1,1
23,Civil,2,7.56,67.18,84,32,2,0,4,0,22,14,42,1,0,1
22,CSE,3,7.91,82.93,198,43,5,2,11,1,61,18,66,0,1,1
21,Mechanical,3,7.86,81.32,125,65,6,0,4,1,23,13,61,0,0,1
20,AIML,1,8.84,82.18,384,50,5,1,3,3,100,35,40,1,1,1
19,Civil,2,6.96,78.1,159,38,5,0,3,4,16,17,66,1,1,1
20,Mechanical,2,6.12,71.4,198,31,0,2,2,2,30,8,44,0,1,1
18,ECE,3,7.07,73.43,258,57,4,2,2,2,30,3,53,1,1,1
25,CSE,3,4.95,57.79,164,28,4,0,3,3,55,11,39,1,0,1
20,CSE,2,6.79,67.03,247,25,2,1,6,3,70,13,37,1,0,1
22,CSE,2,7.22,78.99,210,33,6,2,4,3,56,22,69,1,1,1
20,Mechanical,2,7.08,78.3,74,40,2,1,2,4,21,18,56,0,1,1
20,EEE,3,7.78,81.12,83,27,3,3,2,1,37,26,30,0,0,1
21,AIML,3,7.33,70.45,200,38,2,0,2,2,66,26,56,1,0,1
20,IT,1,8.13,87.76,291,37,5,1,9,3,80,13,60,0,1,1
22,IT,2,7.74,73.56,191,24,4,0,6,2,62,30,52,0,1,1
24,EEE,2,6.24,73.17,87,36,1,0,1,1,22,13,35,0,0,1
23,IT,2,8.01,95.08,184,53,2,4,9,3,52,27,53,0,1,1
20,Mechanical,2,7.04,68.94,96,52,3,2,2,2,20,6,65,0,0,1
22,Mechanical,3,7.53,79.14,103,40,2,0,3,0,21,12,47,0,0,1
20,AIML,2,7.89,64.67,195,37,5,3,9,4,77,17,57,0,1,1
23,IT,2,6.82,69.24,387,33,3,0,8,0,100,13,32,0,0,0
21,ECE,3,6.76,75.81,62,58,0,2,4,3,16,14,45,1,0,1
20,Civil,2,7.53,69.76,175,28,2,1,3,2,35,20,54,0,0,1
20,CSE,3,6.94,72.48,156,36,4,1,6,2,39,4,49,0,1,1
18,IT,2,8.96,80.26,225,39,10,0,1,4,64,16,27,0,1,1
20,EEE,2,7.51,75.15,97,52,4,2,6,1,24,24,73,0,1,1
23,IT,2,6.51,55.4,234,27,3,2,2,2,93,17,57,0,1,1
22,AIML,3,9.12,94.89,412,29,4,0,1,1,94,27,60,0,1,1
24,ECE,1,8.05,67.99,208,37,3,4,3,2,40,15,48,0,1,1
19,CSE,3,7.32,67.78,257,41,6,1,2,2,68,24,40,0,1,1
21,EEE,2,8.79,66.77,138,59,3,1,2,3,21,23,35,1,1,1
20,Civil,3,7.61,67.15,85,55,2,1,1,1,11,22,55,0,1,1
21,Civil,1,7.68,74.08,239,30,3,1,0,1,37,17,47,1,1,1
20,ECE,2,6.14,76.54,240,26,1,2,1,0,45,18,57,0,1,1
20,AIML,2,5.55,63.26,203,27,4,3,3,5,55,16,40,0,0,0
21,IT,2,8.54,78.02,338,45,3,0,6,3,91,14,42,0,1,1
20,AIML,1,8.0,77.61,326,22,3,1,9,4,80,23,71,0,1,1
21,EEE,2,7.33,65.29,149,37,2,1,6,2,22,11,31,0,1,0
22,CSE,2,7.38,60.32,193,29,5,2,5,2,69,11,51,0,1,1
19,IT,3,7.61,67.31,184,49,3,2,7,4,71,27,48,1,1,1
24,CSE,3,7.89,84.25,205,64,4,1,5,4,55,38,54,1,1,1
21,AIML,1,7.09,66.71,256,45,1,1,6,6,77,4,66,1,1,1
22,Mechanical,2,7.66,68.99,146,36,2,0,3,3,26,12,61,0,0,1
22,Chemical,2,7.95,77.39,105,41,2,0,2,3,21,24,64,1,1,1
22,Mechanical,3,6.92,76.15,116,57,3,1,2,1,24,7,62,1,0,1
22,AIML,2,5.61,59.45,159,7,5,0,5,3,55,12,56,0,0,1
23,IT,2,6.85,76.57,171,39,3,2,2,1,56,20,57,0,1,1
21,EEE,2,6.39,73.38,80,43,1,1,4,1,23,14,47,0,0,1
20,Civil,2,8.51,72.65,284,62,4,0,0,3,37,33,35,0,1,1
19,Mechanical,2,6.68,57.74,167,10,3,0,4,1,29,29,65,0,0,1
21,CSE,2,6.65,76.31,219,24,5,0,6,5,63,14,37,0,1,1
19,EEE,3,6.8,73.66,116,30,2,0,2,0,13,4,44,0,0,1
20,CSE,3,8.06,76.5,301,40,4,2,4,4,76,23,55,0,1,1
19,IT,3,8.1,65.63,286,36,2,1,2,4,73,11,54,0,1,1
21,Chemical,1,7.07,87.92,177,33,4,1,3,1,33,12,36,0,0,1
20,Civil,3,6.97,64.61,115,34,2,1,4,3,21,15,51,1,1,1
21,AIML,2,7.35,69.08,186,38,5,0,3,1,64,7,59,0,1,1
22,Mechanical,2,8.68,83.99,191,44,3,2,4,3,26,15,48,0,1,0
23,IT,3,5.61,68.02,181,35,4,0,1,2,49,12,43,1,0,1
20,CSE,1,6.54,71.74,292,49,3,1,3,4,72,12,68,0,1,1
21,Civil,1,9.82,72.43,271,75,2,2,4,0,34,38,47,0,1,1
21,Civil,3,8.35,67.2,119,43,4,1,4,2,20,24,48,0,0,1
21,AIML,2,6.23,72.1,175,48,0,0,1,0,52,8,46,1,1,1
22,Mechanical,2,10.0,78.62,269,58,2,2,3,1,35,21,42,0,1,1
20,CSE,2,8.04,88.54,263,29,5,1,4,3,72,19,57,0,1,1
25,ECE,3,7.45,65.14,127,29,2,0,3,0,19,16,22,1,0,0
19,Chemical,2,8.76,74.74,117,60,2,3,7,1,18,26,61,0,1,1
23,Mechanical,2,6.76,72.53,96,46,3,3,1,1,35,14,50,0,1,1
21,EEE,2,7.09,69.15,89,53,6,2,2,1,17,19,62,0,1,1
20,IT,2,7.57,68.25,176,44,3,1,3,2,43,22,47,1,0,1
22,Mechanical,2,7.93,75.51,122,27,5,0,2,3,28,26,60,0,1,1
19,Chemical,3,7.64,88.23,98,65,1,0,4,1,19,26,25,0,0,0
22,CSE,3,7.52,69.18,190,41,2,1,5,2,61,32,46,0,0,1
21,CSE,3,7.01,60.78,224,31,1,0,2,4,60,10,23,0,1,0
19,IT,2,7.8,78.48,253,27,5,1,5,1,63,14,56,0,1,1
19,ECE,3,7.58,71.37,92,30,3,2,5,0,29,15,53,0,0,1
22,AIML,3,7.34,65.96,229,47,2,2,2,2,65,17,42,0,1,1
20,EEE,1,7.52,78.12,203,39,4,1,2,2,29,10,48,0,1,0
23,IT,2,7.06,75.59,212,13,5,3,2,1,72,10,53,0,1,1
22,Chemical,2,6.26,64.95,100,24,3,2,5,0,18,16,47,0,1,1
22,AIML,2,8.71,65.94,212,36,4,3,4,4,68,24,47,1,1,1
20,Mechanical,2,8.14,82.2,110,35,2,0,3,2,22,0,55,0,0,1
22,Chemical,3,8.21,71.21,104,46,1,1,3,1,18,36,47,0,0,0
24,ECE,2,6.52,72.45,102,12,3,1,3,4,25,10,64,0,0,1
19,CSE,3,6.93,70.98,191,37,4,1,2,1,75,24,29,0,0,1
20,Civil,3,7.29,76.65,194,70,8,0,3,1,30,21,56,0,0,1
20,IT,2,7.8,76.4,232,32,1,1,2,3,53,20,62,0,1,1
21,ECE,1,7.1,81.7,177,54,6,1,0,2,33,13,55,0,1,1
22,CSE,3,8.82,82.67,228,41,3,1,5,2,57,31,53,0,1,1
21,IT,1,8.5,63.25,326,29,2,2,5,4,85,26,35,0,1,1
21,ECE,2,7.65,71.85,226,9,4,3,5,2,30,23,54,0,1,1
20,Mechanical,2,7.76,75.7,104,55,6,2,2,2,19,25,38,0,1,0
20,Chemical,3,7.16,69.99,203,42,3,2,2,3,39,10,43,1,0,1
20,EEE,2,6.92,80.34,98,2,5,1,2,0,24,0,61,1,1,1
23,AIML,3,5.3,70.09,166,27,2,0,5,5,49,11,68,0,0,1
21,ECE,3,8.09,62.54,181,23,3,3,4,3,27,16,41,1,1,1
21,CSE,2,7.55,71.52,417,69,2,2,5,2,88,17,51,0,1,1
22,CSE,1,8.76,78.15,376,47,8,3,9,1,95,25,61,0,1,1
19,IT,1,8.24,70.75,344,39,7,4,2,2,81,19,45,0,1,1
20,CSE,2,7.48,78.65,270,34,4,2,3,2,60,28,52,0,1,1
20,CSE,2,7.58,78.1,197,45,6,2,7,2,50,25,53,0,1,1
25,CSE,2,6.87,74.68,201,31,0,1,2,3,68,25,65,0,1,1
22,CSE,2,6.48,75.83,202,19,3,0,8,6,70,10,42,0,0,1
21,Civil,2,6.66,80.66,118,42,3,0,1,1,27,12,53,0,0,0
18,IT,2,6.68,77.17,229,23,3,0,1,1,62,13,53,0,1,1
20,Civil,2,7.34,79.11,117,51,8,1,2,3,18,21,54,1,0,1
22,Civil,3,8.02,75.52,201,59,2,3,4,1,31,29,31,0,0,0
21,Civil,2,8.08,71.8,126,39,5,1,2,4,26,23,52,1,1,1
24,AIML,3,6.06,83.71,201,9,8,0,6,4,40,5,47,0,0,1
22,IT,2,8.23,79.24,279,40,4,2,5,3,76,31,58,0,0,1
21,ECE,2,7.62,67.63,129,40,3,0,2,2,21,31,56,0,1,1
22,ECE,2,8.1,75.36,210,25,2,1,2,2,33,15,51,0,1,1
25,CSE,3,7.79,72.47,272,15,4,1,2,4,63,15,34,0,1,1
21,AIML,3,5.93,74.76,312,4,0,0,2,3,93,10,50,0,1,1
22,EEE,2,7.67,72.35,154,56,0,2,1,2,29,24,51,0,1,1
23,Mechanical,1,9.0,68.01,203,59,2,2,5,3,25,22,78,0,1,1
20,IT,2,6.49,74.87,196,16,6,1,7,2,78,17,39,0,0,0
23,AIML,3,6.56,67.27,257,48,0,0,3,1,59,17,41,0,1,1
19,EEE,3,5.66,51.96,60,31,1,0,2,1,20,13,41,0,0,1
22,EEE,2,7.12,79.12,108,42,4,0,3,3,20,29,50,0,0,1
22,Mechanical,1,6.5,61.61,144,0,3,2,1,1,25,14,68,0,0,1
21,Mechanical,1,7.02,65.54,171,27,2,3,4,2,29,9,32,0,1,1
21,EEE,3,7.56,74.75,168,54,3,0,4,1,29,22,33,0,1,1
21,IT,2,8.19,77.2,234,14,6,1,6,4,73,24,40,0,0,1
20,IT,2,5.85,64.92,165,51,4,4,2,0,45,13,54,0,0,1
20,CSE,2,7.11,75.31,178,46,7,1,4,2,65,15,48,1,1,1
20,IT,3,7.15,78.75,210,35,4,2,5,6,67,15,51,1,1,1
21,Civil,2,7.39,67.2,148,26,1,0,3,1,23,10,39,0,0,1
21,EEE,2,8.18,76.68,155,54,4,3,3,3,26,32,46,0,1,1
20,EEE,2,8.18,77.09,108,48,1,1,3,2,12,12,51,0,1,1
23,AIML,3,8.1,84.3,190,39,4,1,4,1,36,4,45,0,1,1
21,EEE,2,7.71,76.14,102,48,1,0,2,1,19,12,53,0,1,1
21,CSE,3,7.14,59.92,168,23,5,2,7,1,66,4,65,0,1,1
21,IT,3,6.92,88.27,164,28,6,1,2,1,53,16,45,0,1,1
20,EEE,2,8.01,76.38,134,38,3,0,1,1,24,21,57,0,0,1
22,CSE,3,6.63,72.97,153,26,3,0,6,3,63,24,45,0,0,1
21,IT,1,7.04,71.72,304,38,4,2,6,2,83,19,52,0,1,1
18,CSE,3,7.77,76.73,165,39,5,2,3,4,69,17,76,1,1,1
24,CSE,2,8.14,78.95,225,51,4,2,4,3,69,19,50,0,1,1
22,IT,2,7.5,79.35,198,44,1,2,5,2,67,18,64,0,1,1
22,Mechanical,2,8.04,74.57,136,57,3,0,1,1,25,20,67,0,0,1
23,AIML,2,7.27,56.48,235,17,2,1,2,2,67,14,54,0,1,1
23,CSE,2,7.37,70.44,218,53,4,1,3,6,70,13,64,0,1,1
20,IT,3,7.66,72.93,247,34,1,3,1,2,61,18,33,0,1,1
21,AIML,2,6.83,66.96,214,26,4,1,3,1,69,14,48,0,1,1
21,Mechanical,3,7.96,67.77,145,32,2,0,3,4,23,12,38,0,0,0
20,Civil,2,7.29,69.87,190,26,1,1,3,2,36,12,59,0,1,1
20,Mechanical,2,7.35,79.4,184,30,1,2,4,1,23,0,49,0,1,1
19,EEE,2,7.57,76.33,156,44,3,2,5,1,31,20,60,0,1,1
22,Mechanical,3,8.06,66.19,179,62,1,4,2,0,26,23,52,0,1,1
22,IT,2,5.63,55.61,156,33,6,2,0,2,43,12,50,0,1,1
22,EEE,2,6.42,58.07,281,22,4,1,1,3,39,15,55,0,1,1
20,IT,3,8.22,77.88,536,26,1,1,2,2,100,16,49,0,1,1
20,ECE,1,8.17,65.43,276,38,2,5,5,6,43,11,52,0,1,1
21,Mechanical,3,6.98,71.56,122,34,2,0,2,2,12,14,39,0,0,1
21,Mechanical,3,7.41,78.11,140,29,3,0,2,5,28,15,50,1,1,1
23,IT,2,8.01,78.23,201,40,5,1,5,1,61,26,55,0,1,1
23,Chemical,2,8.82,75.63,187,44,1,0,0,4,37,12,38,0,1,1
23,ECE,2,7.14,83.57,100,56,1,1,5,3,13,19,38,0,0,1
23,ECE,3,8.47,72.64,110,25,3,3,5,0,23,5,37,0,1,1
24,ECE,3,7.83,75.82,136,42,4,2,1,3,27,19,38,0,1,0
21,Mechanical,2,6.71,68.61,83,32,5,1,3,2,21,22,50,0,0,1
19,Chemical,2,6.98,70.77,234,42,2,2,1,0,30,16,54,0,0,1
19,Mechanical,2,8.53,82.84,201,52,4,2,1,3,30,9,51,1,1,1
21,IT,2,8.7,82.18,212,64,2,0,5,2,52,25,58,1,1,1
20,ECE,1,7.71,61.76,173,40,3,1,0,1,29,14,52,0,1,1
20,IT,3,8.29,69.11,192,39,4,0,10,1,59,23,43,0,0,1
24,EEE,2,7.8,80.55,127,46,2,1,4,2,17,5,71,0,1,1
20,Chemical,1,7.69,65.24,279,15,2,1,4,1,42,18,67,0,1,1
24,Civil,1,7.91,68.0,270,43,1,0,3,4,38,26,45,1,0,1
22,ECE,3,6.16,71.93,114,36,2,1,0,0,28,21,46,0,0,1
22,IT,1,7.52,80.65,321,41,6,1,1,4,81,17,39,0,1,1
22,ECE,3,6.9,77.8,80,30,7,1,4,2,27,15,59,1,0,1
20,IT,3,8.2,64.75,184,48,6,1,5,4,48,37,54,0,1,1
22,Chemical,3,7.56,72.08,168,43,3,0,2,2,27,18,31,0,0,1
20,AIML,2,7.3,70.48,264,46,4,1,7,4,75,19,54,0,1,1
24,Mechanical,3,8.3,72.13,140,51,4,1,2,3,27,12,42,0,1,0
20,IT,2,6.22,58.65,258,35,4,1,4,1,75,14,48,0,1,1
20,EEE,2,6.69,80.76,161,36,2,1,3,0,25,18,62,0,0,1
22,Chemical,3,8.42,75.94,138,40,4,0,4,1,30,14,46,0,0,1
22,EEE,3,7.9,68.21,144,49,4,0,6,1,25,21,51,0,0,1
21,EEE,2,6.15,71.99,93,57,7,0,2,3,17,19,60,0,1,1
22,CSE,3,7.54,72.71,178,53,4,3,3,3,63,24,56,0,1,1
20,CSE,3,6.27,75.73,176,27,5,2,6,0,62,28,60,0,1,1
22,ECE,3,6.99,68.71,61,23,2,2,1,1,6,5,62,0,0,1
20,IT,3,7.74,71.5,168,46,4,1,9,2,58,9,53,0,0,1
20,EEE,2,7.47,73.89,108,52,2,1,1,2,22,19,44,0,1,1
20,IT,2,7.44,78.44,236,36,1,1,3,3,63,6,52,0,1,1
20,CSE,2,6.8,64.71,245,33,6,1,2,2,75,22,78,0,1,1
20,Mechanical,2,8.48,67.16,156,41,2,0,1,2,24,22,46,0,0,1
21,Civil,2,7.92,78.75,110,70,3,1,3,2,26,21,50,0,0,1
20,Chemical,3,6.67,73.13,110,37,3,0,3,3,18,2,61,0,1,1
20,AIML,2,7.6,74.53,195,50,4,0,5,0,60,30,57,0,1,1
21,IT,3,7.09,73.1,186,24,6,2,4,4,56,20,62,0,1,0
19,AIML,2,7.03,72.57,186,33,8,2,2,6,71,9,27,0,1,1
22,Chemical,3,7.47,83.21,246,67,3,1,1,0,32,20,22,0,1,1
24,EEE,1,9.17,80.66,243,49,1,1,3,3,40,31,50,0,1,1
21,Chemical,3,6.61,69.65,66,44,2,0,2,1,15,18,67,0,0,1
23,Civil,2,7.98,68.13,179,27,0,0,5,3,21,26,54,0,0,1
19,AIML,2,8.23,73.49,213,45,4,2,2,2,57,11,35,0,1,1
19,ECE,1,8.16,79.87,227,18,2,0,2,0,31,26,81,0,1,1
22,IT,3,8.13,81.06,201,37,4,1,7,4,57,15,62,1,0,1
22,ECE,1,7.69,64.24,204,41,4,2,5,0,32,2,61,0,1,1
23,Chemical,1,8.17,82.21,286,57,6,0,3,1,46,18,43,0,1,1
19,CSE,3,7.45,72.87,204,38,3,3,2,4,64,34,50,0,1,1
22,Mechanical,3,6.26,86.37,203,31,3,1,4,2,36,14,70,0,0,1
21,AIML,3,6.47,79.07,186,22,5,1,2,0,74,20,41,0,1,1
20,Mechanical,3,8.25,74.96,106,42,4,0,4,0,21,13,35,0,0,1
20,AIML,2,7.11,64.41,195,47,5,2,4,1,59,18,55,0,1,1
25,ECE,3,7.07,65.24,90,3,3,1,3,1,21,14,55,0,0,1
19,EEE,1,8.4,72.94,189,56,3,3,2,1,17,21,57,0,1,1
23,ECE,3,7.25,85.55,127,34,5,1,1,2,24,21,43,0,1,1
22,Chemical,3,7.95,73.06,150,40,3,1,6,0,18,11,59,0,1,1
22,Mechanical,3,7.26,74.51,85,33,3,0,4,1,13,26,49,0,0,1
22,CSE,2,6.62,69.95,183,26,5,0,3,2,66,27,44,0,0,1
23,IT,3,8.21,74.66,350,28,10,3,2,0,85,17,44,0,1,0
20,IT,3,6.65,68.09,161,23,3,1,3,4,41,25,52,0,0,1
18,AIML,2,8.57,87.4,238,32,2,1,6,3,80,27,53,0,1,0
21,AIML,2,7.99,81.35,300,51,3,1,3,2,69,30,56,0,1,1
21,CSE,3,6.91,61.84,225,56,3,0,2,2,74,23,51,0,1,1
19,Civil,3,7.86,63.29,107,37,5,1,5,0,20,16,69,0,0,1
20,Chemical,3,6.96,77.68,102,29,0,0,6,1,19,7,48,0,0,0
20,CSE,2,6.85,79.2,264,34,3,1,3,6,85,18,45,0,1,1
19,Mechanical,1,7.93,68.65,219,28,4,0,3,1,27,7,67,0,1,1
19,AIML,3,8.01,72.37,268,48,3,0,6,2,63,28,50,0,1,1
23,ECE,3,7.59,81.73,141,39,5,1,1,3,23,21,53,0,1,1
20,CSE,1,7.12,77.04,350,10,3,5,2,2,89,18,64,0,1,1
25,AIML,2,6.35,70.13,270,40,2,0,5,1,83,12,60,0,1,1
24,IT,1,7.6,78.12,305,23,6,1,3,7,80,18,70,0,1,1
20,Mechanical,2,6.57,69.08,151,31,3,0,2,2,28,20,53,0,0,1
22,ECE,2,7.42,70.71,93,34,2,2,3,4,21,16,34,0,0,1
21,Mechanical,1,7.72,82.0,227,50,7,0,2,2,39,36,59,1,0,1
22,CSE,2,8.11,71.12,214,37,0,4,7,2,61,19,52,1,1,1
19,EEE,1,8.3,73.11,184,63,4,3,3,5,27,17,61,1,1,1
20,CSE,3,8.19,87.92,249,58,7,2,4,2,60,16,64,0,1,1
19,CSE,3,7.33,67.3,168,38,6,1,2,5,49,10,56,1,1,0
21,IT,3,7.01,83.93,228,64,5,1,8,4,56,17,26,1,1,0
25,CSE,3,7.72,75.8,319,36,5,3,3,3,80,24,40,1,1,1
22,Mechanical,1,8.11,75.83,253,33,4,1,1,1,33,23,65,0,1,1
22,ECE,3,7.67,78.05,166,65,7,0,5,4,32,20,58,0,1,1
25,EEE,1,9.37,85.71,249,62,6,1,2,1,38,22,47,1,1,1
22,CSE,2,8.06,85.2,202,55,1,0,7,2,68,28,41,1,0,1
19,AIML,1,8.76,76.3,264,57,4,0,6,5,72,18,63,0,1,1
23,ECE,3,6.43,73.54,40,44,4,0,1,2,10,18,54,0,0,1
21,CSE,2,6.67,68.07,175,38,1,0,0,3,59,19,53,0,1,1
18,CSE,2,6.84,67.91,185,26,6,1,6,8,59,27,61,1,1,1
21,CSE,2,9.86,74.74,713,91,14,2,6,5,89,8,61,0,1,1
24,Civil,3,7.23,78.12,85,32,2,2,1,1,15,18,61,0,0,1
20,ECE,2,7.72,68.11,174,45,3,0,3,2,27,18,40,0,1,1
21,CSE,2,8.9,67.16,261,63,8,3,1,4,70,27,48,0,1,1
20,ECE,1,7.67,67.24,205,35,2,0,6,2,29,13,75,0,1,1
19,Civil,2,7.91,71.8,111,20,4,1,1,2,28,0,52,0,0,1
19,CSE,3,7.42,82.57,174,58,3,2,4,1,38,33,45,0,1,1
22,AIML,2,8.42,70.88,251,62,8,1,6,3,61,23,30,0,1,1
23,Chemical,1,8.29,79.85,187,40,6,2,4,2,36,16,63,0,1,1
20,Civil,3,7.31,81.16,84,43,6,1,3,0,15,19,55,1,0,1
20,ECE,3,8.17,70.58,194,39,5,0,2,0,23,23,50,0,0,1
20,CSE,3,7.87,84.54,204,27,1,2,7,3,63,12,51,1,1,1
18,AIML,1,8.48,81.02,268,44,7,1,3,1,78,20,32,0,1,0
21,Civil,2,7.54,67.18,148,20,4,1,5,4,26,0,43,0,0,1
22,Mechanical,3,7.92,72.41,84,45,5,0,3,0,30,17,61,0,0,1
22,IT,1,7.56,68.47,284,45,6,3,6,1,54,22,58,1,1,1
21,CSE,2,6.64,69.26,265,24,3,1,8,3,63,10,57,0,1,1
21,CSE,3,6.96,74.88,165,48,3,2,3,2,57,18,76,0,1,1
19,Mechanical,1,8.27,71.72,176,26,4,1,4,3,28,24,68,1,1,1
20,EEE,3,7.8,77.37,88,27,1,1,3,3,18,21,35,0,0,1
24,IT,3,6.77,72.71,184,45,4,2,6,2,54,25,56,1,1,1
22,EEE,3,8.52,69.64,133,51,2,3,4,3,16,21,56,0,1,1
24,Mechanical,3,6.51,73.25,106,27,3,0,6,4,12,21,51,0,1,1
23,EEE,3,7.49,81.31,168,41,5,0,5,1,32,41,56,1,0,1
22,AIML,3,7.0,70.54,192,30,5,3,6,4,63,7,48,0,0,1
24,Chemical,3,7.52,79.02,75,33,2,1,4,1,16,12,53,0,0,1
21,CSE,1,6.69,64.06,295,38,1,0,5,5,100,17,51,0,1,1
18,ECE,2,6.08,80.07,75,28,1,1,1,0,16,10,65,0,1,1
19,AIML,3,6.83,75.94,175,30,2,1,4,4,65,19,69,0,1,1
19,Mechanical,2,8.08,80.61,116,38,2,2,3,0,21,24,56,0,1,1
19,ECE,2,7.66,69.72,180,72,3,2,3,1,32,12,62,0,1,1
21,CSE,2,6.35,75.1,332,42,4,2,7,1,83,19,55,0,1,1
22,ECE,2,8.32,79.37,129,38,3,1,1,2,23,17,79,0,1,1
22,ECE,3,7.54,79.17,105,27,4,0,7,1,29,17,67,0,0,1
21,ECE,3,7.99,84.52,77,42,7,0,4,2,24,28,58,0,1,1
20,CSE,1,7.46,70.32,328,17,3,2,4,1,64,19,53,0,1,1
22,AIML,1,6.23,78.87,246,49,3,1,2,3,67,25,41,0,1,1
21,Chemical,3,8.61,82.77,116,38,3,2,3,3,16,23,64,0,1,1
18,CSE,1,7.6,66.0,317,39,8,1,10,4,84,19,65,0,1,0
20,ECE,2,8.34,88.14,133,57,4,4,4,2,26,32,59,0,1,1
20,AIML,2,7.17,69.16,184,58,6,3,5,2,53,17,53,0,1,1
20,Mechanical,2,7.58,75.61,203,32,2,1,6,1,30,23,62,0,1,1
22,EEE,3,5.97,70.76,139,40,4,1,3,1,24,9,52,1,1,1
22,Mechanical,2,6.8,65.01,73,62,3,1,6,1,8,10,54,0,0,1
22,EEE,3,8.61,83.57,136,26,4,2,5,0,24,23,56,1,1,1
20,ECE,3,8.09,72.79,102,34,3,0,3,1,18,20,57,0,0,1
22,Chemical,1,8.76,69.06,217,51,3,0,1,4,35,29,48,0,1,1
22,Mechanical,2,7.91,69.56,125,31,2,0,1,1,30,25,65,1,0,1
20,Mechanical,1,7.96,62.76,343,36,1,1,1,2,50,20,51,1,1,1
22,Mechanical,3,8.16,66.76,128,51,2,2,3,1,22,10,46,1,0,1
21,ECE,1,8.53,84.19,193,64,1,0,1,4,27,21,54,1,1,1
21,EEE,3,7.61,63.59,62,57,3,0,6,9,13,32,69,1,1,1
19,EEE,3,7.43,76.16,83,29,6,1,4,3,21,15,50,1,1,1
21,Civil,2,8.31,72.5,328,43,4,1,2,1,38,0,47,0,1,1
19,Chemical,3,6.47,78.24,100,20,3,1,3,3,22,38,75,0,1,1
20,ECE,2,7.24,73.01,154,60,0,0,2,0,24,30,56,0,0,1
20,EEE,2,6.31,61.75,77,38,6,0,2,0,10,16,63,0,0,1
24,AIML,1,6.94,76.28,237,35,3,1,4,3,65,13,44,0,1,1
20,Civil,3,7.53,71.38,104,40,4,1,0,3,22,17,53,1,0,1
21,Mechanical,2,8.16,80.77,243,42,4,1,2,3,44,22,57,0,1,1
20,Chemical,3,8.9,80.72,106,41,7,0,7,3,17,32,52,0,1,1
23,EEE,3,7.25,65.79,116,35,3,1,7,3,22,17,26,0,0,1
21,Mechanical,2,7.16,71.96,110,31,4,0,3,2,27,17,56,0,1,1
23,CSE,2,7.44,69.77,230,46,4,2,3,2,56,31,63,1,1,1
20,EEE,2,7.71,72.81,270,26,4,1,2,0,44,14,53,0,1,1
19,IT,2,9.03,77.9,222,53,2,3,7,4,76,21,35,1,1,1
21,ECE,2,7.51,62.82,99,17,2,2,3,2,24,14,64,0,1,1
20,IT,2,6.57,73.07,190,43,4,2,4,6,55,10,50,0,1,1
22,AIML,1,8.08,73.49,485,30,7,2,4,2,100,23,51,0,1,1
23,Civil,3,7.42,64.77,70,32,0,1,3,1,18,13,49,0,0,1
21,ECE,3,7.32,65.23,81,35,3,1,4,1,14,15,59,0,0,1
25,AIML,2,7.27,61.06,242,33,2,2,2,3,52,15,56,0,1,1
21,Mechanical,3,9.11,92.75,142,82,5,1,4,1,23,23,51,0,1,1
20,CSE,2,7.07,72.34,260,27,2,1,4,4,65,11,50,1,1,1
21,AIML,2,6.2,72.37,309,30,2,1,2,0,93,25,70,0,1,1
19,IT,3,6.84,81.91,195,20,1,1,2,2,51,10,56,0,0,1
22,CSE,3,6.93,91.25,241,61,4,2,2,0,77,12,61,0,1,1
19,Civil,3,6.27,65.05,96,30,1,0,2,1,25,24,56,0,0,1
20,Mechanical,1,7.59,70.58,144,24,2,1,4,1,21,12,61,1,1,1
21,Mechanical,2,8.87,71.29,137,68,5,1,5,2,23,11,56,1,1,1
19,EEE,3,6.27,68.95,104,41,5,0,2,1,20,9,38,0,0,1
19,IT,3,6.17,57.04,218,32,0,1,2,1,60,27,39,0,1,1
22,EEE,2,8.13,85.13,136,44,3,0,3,0,25,15,66,0,0,1
19,Mechanical,2,7.33,76.91,126,40,3,1,4,0,22,17,61,1,0,1
21,ECE,2,7.18,71.47,101,52,8,2,4,4,14,36,52,0,1,1
20,ECE,2,8.42,66.66,148,62,7,1,2,0,20,30,45,0,1,1
20,AIML,3,6.88,82.04,165,3,3,1,4,1,62,23,44,0,0,1
20,CSE,2,6.17,66.61,166,24,2,2,1,5,41,14,40,0,1,1
22,CSE,3,8.03,87.82,181,44,6,1,8,3,73,14,57,0,1,1
24,Mechanical,3,7.3,71.22,79,29,1,2,1,1,15,32,54,0,0,1
20,IT,3,7.25,73.7,275,27,2,0,5,6,80,23,56,1,0,1
24,Mechanical,3,5.69,59.45,41,36,3,2,0,2,16,12,58,0,0,1
21,ECE,1,6.9,80.51,165,56,1,1,3,2,39,2,56,1,1,1
22,ECE,2,7.33,61.73,122,39,6,3,0,4,23,7,47,0,1,1
22,EEE,3,6.45,76.04,87,29,2,2,1,2,13,14,51,0,0,1
22,CSE,2,8.31,86.25,252,29,4,1,5,2,63,25,44,0,1,1
22,Chemical,3,7.3,61.69,64,58,9,0,3,0,17,8,35,0,0,1
21,IT,1,7.55,80.66,285,45,6,2,7,5,67,18,38,0,1,1
21,Mechanical,2,8.33,86.72,197,48,7,2,3,1,26,26,35,0,0,1
20,AIML,3,6.85,74.96,256,39,13,1,5,2,63,21,49,0,1,0
19,ECE,2,7.83,79.16,167,55,1,1,5,4,32,12,47,1,1,1
22,ECE,2,7.5,76.69,96,35,5,1,3,1,11,34,62,0,1,1
19,IT,2,8.21,76.75,229,53,8,0,3,2,73,25,42,0,1,1
20,IT,3,7.72,67.54,172,37,2,0,4,7,55,20,59,0,1,1
19,ECE,2,8.03,75.32,148,34,1,1,3,0,27,10,60,0,1,1
20,Civil,1,7.32,71.29,181,27,4,0,1,4,30,23,38,1,0,1
22,ECE,3,6.87,85.14,106,23,4,0,4,2,19,6,36,0,0,1
22,CSE,3,7.27,72.81,158,17,3,2,7,2,50,15,38,0,0,1
21,AIML,2,8.03,75.47,236,64,3,3,2,4,53,31,41,0,1,1
19,Chemical,3,7.67,75.88,183,55,2,1,4,1,24,24,48,1,0,1
21,CSE,2,8.16,79.28,271,40,4,3,7,5,70,22,39,0,1,1
21,EEE,1,7.04,67.09,172,37,4,2,3,1,36,6,61,1,1,1
22,AIML,3,6.22,76.56,207,34,1,0,3,2,42,16,37,0,0,1
21,ECE,2,7.09,72.14,132,46,4,0,4,0,26,24,42,0,1,1
21,IT,3,6.8,76.9,194,49,4,2,4,0,54,14,46,0,1,1
21,Chemical,3,6.55,64.64,175,42,4,0,1,3,37,9,36,1,1,1
24,ECE,2,7.32,72.48,136,25,5,2,3,2,31,19,69,0,1,1
22,AIML,2,6.42,80.94,178,29,4,1,4,3,51,4,55,0,0,1
21,EEE,3,6.88,85.94,82,31,3,2,5,2,23,15,58,0,1,1
21,CSE,3,6.53,75.59,181,0,2,1,3,1,55,18,61,0,0,1
18,Chemical,1,6.76,63.8,127,37,2,3,3,5,32,17,53,1,1,1
24,IT,2,6.45,57.77,170,1,0,1,4,1,62,23,50,0,1,1
20,Civil,2,6.67,76.02,66,55,4,0,5,1,17,10,41,0,0,1
20,Mechanical,1,8.19,90.08,173,25,3,4,3,1,29,22,28,0,1,1
25,CSE,2,7.26,70.53,224,37,3,0,3,1,58,12,43,0,1,1
22,Chemical,1,7.84,73.79,230,59,2,1,7,2,29,19,50,1,1,1
19,Chemical,2,7.33,75.39,262,26,2,4,2,2,38,20,44,0,1,1
19,Mechanical,2,8.04,93.36,119,47,2,0,1,6,20,23,60,0,0,1
18,ECE,2,7.93,76.72,213,29,3,1,3,3,23,7,53,0,1,1
21,Mechanical,2,7.95,76.92,186,39,1,3,3,1,31,34,39,1,0,0
19,CSE,3,7.19,70.43,185,29,2,0,2,2,67,41,42,0,0,1
24,Chemical,3,7.32,74.22,171,47,2,2,2,2,25,20,59,1,1,1
24,AIML,2,6.5,78.76,228,38,3,1,6,3,52,2,57,1,1,1
21,Mechanical,2,6.9,67.62,66,42,4,0,2,0,13,8,55,0,0,1
21,Mechanical,2,8.12,82.76,120,44,4,4,2,1,26,4,46,0,1,1
20,Chemical,3,6.88,79.08,88,27,3,1,0,1,19,13,51,0,1,1
19,Civil,1,7.53,68.63,172,47,3,0,8,3,29,12,41,0,1,1
22,Mechanical,1,8.26,82.08,176,48,2,1,3,2,30,16,45,0,1,1
19,Mechanical,1,7.95,89.9,186,26,5,1,1,1,37,10,50,0,1,1
19,EEE,1,7.75,66.33,208,52,4,2,4,4,28,2,67,1,1,1
20,CSE,3,7.14,71.87,157,47,3,2,8,3,56,21,52,0,1,1
18,Chemical,3,8.04,77.58,85,56,1,2,2,1,28,31,46,0,0,1
21,ECE,3,6.78,74.48,104,41,0,0,0,3,22,11,60,0,0,1
22,Mechanical,2,7.77,68.26,125,30,3,1,4,1,22,21,55,0,1,1
22,IT,3,7.11,64.04,163,38,4,1,3,2,43,17,36,1,0,1
21,ECE,2,7.95,70.33,116,25,3,2,4,2,18,25,62,1,0,1
23,ECE,2,8.03,76.43,178,51,4,1,4,3,33,5,65,1,0,1
21,Chemical,2,7.59,71.05,96,57,2,1,4,0,18,21,82,0,1,1
23,AIML,2,8.39,82.97,389,72,1,0,3,3,89,33,66,1,1,1
21,ECE,1,8.33,85.18,284,40,3,1,2,2,38,20,47,0,1,1
20,CSE,3,7.1,66.74,289,14,7,1,4,2,77,25,60,1,1,1
24,ECE,2,7.68,76.94,111,31,5,3,3,1,22,26,68,1,1,1
20,ECE,3,7.56,74.94,121,30,3,1,2,0,16,21,42,0,0,1
18,CSE,1,8.55,95.22,296,38,1,5,5,3,71,23,47,1,1,0
20,Mechanical,2,6.26,67.1,115,55,2,0,2,2,16,15,53,0,1,1
21,Civil,3,8.26,79.33,142,47,1,3,4,5,19,5,46,1,1,1
21,Mechanical,3,6.02,83.29,150,49,1,1,2,2,29,7,42,0,1,1
21,Mechanical,2,7.87,61.29,105,54,4,2,3,2,24,20,60,0,1,1
23,CSE,3,7.72,85.08,278,52,6,0,2,1,63,13,61,0,1,1
20,EEE,3,7.18,68.69,81,45,6,0,3,2,24,0,46,1,0,1
21,Mechanical,2,7.99,65.45,107,37,2,2,2,2,17,16,46,0,1,1
20,Mechanical,1,6.74,73.81,144,43,1,1,3,1,28,3,52,0,1,1
23,Mechanical,2,6.82,73.3,103,64,8,1,3,3,14,13,53,0,1,1
20,EEE,2,6.6,75.49,148,36,1,0,1,1,21,11,52,0,1,0
19,Mechanical,1,7.19,78.33,183,43,3,0,6,3,20,26,42,1,1,1
21,Civil,3,8.23,75.64,97,33,5,3,2,2,23,35,44,0,0,1
22,ECE,2,8.54,89.7,177,42,2,1,4,0,29,7,45,0,0,1
22,CSE,2,7.42,83.56,195,34,5,1,7,2,51,15,34,0,1,1
21,Mechanical,2,7.65,77.72,173,63,4,2,2,3,28,16,57,0,0,1
22,EEE,2,9.12,81.77,142,48,4,0,5,2,24,27,66,0,1,1
21,Mechanical,1,7.39,82.03,160,43,1,2,5,2,28,19,60,0,1,1
19,AIML,3,6.78,72.07,138,57,1,1,4,4,41,3,44,1,1,0
19,CSE,1,8.52,68.76,291,56,3,1,6,2,85,27,64,1,1,1
19,Mechanical,1,7.3,72.72,207,41,1,0,1,3,28,24,54,0,1,1
20,CSE,3,6.53,68.62,193,38,3,3,4,2,64,2,53,1,1,1
21,IT,2,8.24,77.43,322,46,7,1,8,5,86,12,51,0,1,1
21,ECE,3,8.5,69.04,135,60,5,1,5,1,17,22,42,0,0,1
21,CSE,2,7.08,65.41,220,32,5,0,2,3,67,26,67,0,1,1
21,EEE,3,7.32,81.6,180,36,4,1,0,4,32,16,54,0,1,1
22,CSE,2,8.25,77.05,247,38,12,2,4,0,64,28,53,1,1,1
22,AIML,2,6.85,70.1,268,51,5,1,2,2,83,27,44,0,1,1
20,Chemical,2,8.3,73.7,143,61,2,1,3,2,21,16,33,1,1,1
20,ECE,2,8.73,77.01,173,49,5,1,1,1,33,8,45,0,1,1
21,Chemical,1,6.7,72.79,169,39,2,3,2,3,26,14,71,1,1,1
21,ECE,2,6.36,58.95,95,54,2,2,2,0,11,13,50,0,0,1
20,Mechanical,2,6.13,67.0,153,40,9,2,3,0,26,13,48,0,1,1
20,CSE,1,7.31,74.96,258,29,5,0,2,0,80,19,65,0,1,1
22,AIML,1,6.68,70.53,358,27,6,2,8,2,81,18,55,1,1,1
22,AIML,2,8.42,64.95,202,49,7,0,2,5,72,29,47,0,1,0
20,CSE,3,6.53,71.26,210,53,1,1,2,1,55,20,29,0,1,1
21,Chemical,3,7.0,72.36,70,44,2,1,5,1,21,25,49,0,0,1
23,ECE,3,7.66,69.84,73,34,5,0,3,2,15,21,59,0,0,1
19,EEE,2,6.8,65.48,184,52,1,1,3,2,26,4,36,0,0,0
23,ECE,2,7.51,75.62,140,34,1,2,5,2,27,2,38,0,1,1
20,AIML,3,7.9,76.25,211,42,2,1,3,1,61,14,71,1,1,1
21,Chemical,2,10.0,85.46,165,87,3,1,3,0,25,31,43,0,1,1
21,EEE,3,7.67,89.33,231,35,4,1,2,3,32,24,38,0,0,1
18,CSE,1,6.41,74.74,220,36,4,0,9,3,64,7,63,1,1,1
23,ECE,2,8.09,71.02,179,48,6,2,2,1,24,26,57,0,1,1
21,CSE,3,7.61,83.37,198,25,7,0,5,3,53,25,40,0,1,1
24,Mechanical,2,7.92,73.81,171,56,1,1,5,2,31,11,53,0,1,1
20,ECE,3,7.27,71.73,124,40,2,0,1,3,21,0,49,0,1,1
23,Civil,1,8.5,71.09,184,51,2,1,7,6,24,18,56,1,0,1
24,Chemical,2,7.29,77.55,99,39,2,0,1,1,24,20,63,0,0,1
21,CSE,3,7.61,72.48,208,26,3,1,10,4,67,11,66,0,1,1
20,CSE,3,7.52,80.5,188,51,3,5,3,2,61,29,36,0,1,1
22,Civil,1,7.84,79.47,213,59,2,0,5,1,39,22,61,0,1,1
21,ECE,1,7.47,68.3,235,26,6,1,4,2,36,31,65,0,1,1
24,ECE,2,8.45,70.67,210,47,8,1,3,3,29,14,37,0,1,1
21,EEE,2,8.67,79.77,125,61,6,1,2,0,25,24,64,0,1,1
20,ECE,2,9.14,88.27,161,47,1,1,3,4,20,8,78,0,1,1
20,EEE,3,7.46,81.6,156,39,2,0,6,2,23,18,45,0,0,1
22,Chemical,2,7.69,85.6,118,46,2,0,3,1,26,19,64,1,1,1
25,EEE,1,8.0,77.08,210,40,4,0,4,3,36,21,36,0,1,1
18,IT,2,9.92,78.09,1106,97,8,2,7,2,73,8,54,0,1,1
22,AIML,2,8.25,84.75,221,37,2,1,5,3,73,7,60,0,1,1
24,Chemical,2,7.28,87.74,78,43,3,3,2,5,23,18,57,0,1,1
19,EEE,3,7.86,78.42,137,39,2,1,5,0,34,12,56,0,1,1
19,ECE,3,6.37,68.18,176,36,3,0,5,4,32,9,51,0,0,1
22,CSE,1,8.23,84.93,296,51,5,3,2,3,78,11,53,1,1,1
22,Civil,3,8.45,68.26,169,37,4,1,5,2,36,26,41,1,1,1
19,ECE,2,6.95,80.33,90,30,7,0,4,2,21,19,58,0,0,1
23,Chemical,3,6.99,82.28,95,38,1,2,3,0,27,39,46,1,0,1
21,CSE,2,7.12,80.42,177,22,3,2,2,2,67,14,51,0,1,1
23,IT,3,6.97,66.26,184,30,5,0,1,0,47,18,48,0,0,1
23,AIML,3,8.51,79.34,213,33,5,0,3,1,57,11,45,0,1,1
22,IT,2,7.63,82.59,201,40,3,1,4,5,71,0,64,0,1,1
21,Chemical,3,6.56,75.24,118,43,4,0,4,2,16,8,60,0,0,1
20,IT,2,6.84,72.71,173,49,3,1,1,2,62,12,59,0,0,1
21,Civil,2,5.79,70.61,48,48,0,1,2,0,10,14,44,0,0,1
19,Mechanical,1,7.13,94.95,213,40,3,1,4,1,30,31,46,0,1,1
22,AIML,1,6.72,65.12,231,21,1,2,4,2,75,15,68,1,1,1
20,EEE,2,6.51,62.5,92,19,2,1,5,1,20,7,77,0,1,1
21,Civil,2,7.18,66.92,94,44,2,0,3,1,19,22,52,0,0,1
19,EEE,2,6.61,86.63,109,30,5,0,2,2,13,25,45,0,0,1
20,AIML,2,7.4,79.27,185,28,3,2,6,3,44,10,66,0,1,1
20,Civil,1,8.09,72.53,261,56,6,1,4,1,43,31,83,1,1,1
22,ECE,3,7.63,90.58,146,61,3,0,3,2,12,5,68,0,0,1
22,Chemical,3,7.56,66.78,233,47,2,2,1,3,32,2,50,1,0,1
19,EEE,3,5.22,63.1,174,38,4,0,1,1,29,15,50,0,1,1
23,ECE,3,6.95,64.51,69,31,2,0,4,5,20,22,47,0,0,1
23,ECE,3,8.44,78.03,105,40,5,0,1,0,23,5,44,1,1,1
20,Civil,3,9.17,83.14,175,11,6,1,3,0,30,20,58,0,0,1
22,Chemical,2,8.19,77.75,262,58,7,0,4,2,33,5,63,0,1,1
21,IT,3,7.4,82.58,200,49,4,0,2,4,55,18,57,0,1,0
20,CSE,2,6.79,69.45,242,36,2,3,2,2,44,26,53,1,1,1
21,CSE,3,8.41,75.43,256,63,1,0,3,2,73,19,48,0,1,1
19,IT,3,7.22,75.73,205,44,2,2,3,2,71,18,40,0,1,0
23,IT,2,7.29,86.69,292,40,4,2,0,3,72,29,52,1,1,1
24,ECE,2,8.48,80.87,117,61,2,3,0,1,20,17,44,0,1,1
23,CSE,3,4.73,63.62,122,18,2,2,4,2,42,19,57,0,0,1
21,ECE,3,7.29,79.44,80,33,1,1,5,1,22,14,40,0,0,0
21,Chemical,1,6.5,69.79,213,29,6,1,3,0,24,20,64,0,1,1
25,AIML,2,7.97,77.79,191,28,2,2,9,0,65,15,66,0,1,1
20,Mechanical,3,8.73,77.17,96,71,6,1,3,0,15,12,61,0,0,1
19,CSE,3,7.77,66.78,191,30,7,1,3,0,56,16,47,0,1,1
21,EEE,2,9.17,75.29,148,47,3,2,8,8,21,29,59,1,1,1
20,Chemical,2,7.68,85.75,167,46,3,1,4,3,24,17,59,0,0,1
20,AIML,2,8.73,80.5,309,55,1,3,2,5,87,24,40,0,1,0
18,Mechanical,3,6.0,70.71,64,39,5,3,2,4,12,7,48,1,0,1
21,CSE,3,7.53,74.77,152,21,4,1,4,3,63,3,54,0,1,1
20,IT,1,6.62,69.61,269,18,3,4,1,2,86,29,56,1,1,1
20,CSE,2,7.83,75.79,198,47,4,2,6,2,63,21,61,0,1,1
19,IT,1,7.48,71.73,243,60,7,1,2,1,53,26,38,0,1,0
21,IT,2,7.33,75.66,291,59,4,2,4,4,74,31,70,0,1,1
23,Mechanical,2,7.32,66.46,120,54,3,3,4,1,23,16,55,0,0,1
20,AIML,3,8.24,81.62,186,42,3,0,4,4,52,29,35,0,0,1
22,Civil,3,7.51,73.92,99,35,2,2,2,2,22,21,38,0,1,1
22,AIML,1,7.91,66.73,276,27,2,4,2,3,73,35,60,0,1,1
20,AIML,2,7.51,72.39,304,47,5,1,8,3,75,23,42,0,1,1
23,ECE,3,7.96,73.11,88,54,3,2,3,0,27,22,69,0,1,1
22,EEE,2,7.31,80.81,94,42,2,0,5,3,10,24,49,0,1,1
21,Civil,2,6.56,70.18,163,49,2,0,2,2,27,7,49,1,1,1
18,Mechanical,2,8.32,71.45,288,54,2,2,2,1,43,27,68,0,1,1
19,ECE,3,6.98,58.71,79,43,5,0,5,0,32,21,57,0,0,1
25,Chemical,2,7.74,71.02,90,41,4,1,4,3,16,11,61,1,1,1
22,AIML,3,8.0,84.18,198,22,9,0,6,5,54,19,45,0,0,1
24,Chemical,3,6.44,74.19,159,34,4,0,2,0,30,18,61,1,0,1
23,IT,2,6.81,66.03,187,19,3,1,3,3,59,19,64,0,1,1
18,AIML,3,6.13,68.73,177,32,2,1,5,4,51,23,45,1,0,1
22,IT,3,7.05,73.48,199,3,2,0,6,2,59,3,35,0,0,1
21,EEE,3,8.25,87.73,104,41,1,1,4,1,20,30,40,1,1,1
22,ECE,2,7.48,74.32,104,47,5,2,0,4,24,7,58,0,1,1
18,CSE,2,8.7,74.47,266,27,7,3,6,1,56,28,71,0,1,1
20,IT,3,7.63,77.19,175,48,7,2,3,3,46,18,58,0,1,1
22,ECE,2,7.02,77.22,73,26,2,1,2,0,16,19,49,0,1,1
22,EEE,3,6.77,77.33,290,40,0,1,2,2,36,11,49,0,0,1
21,Chemical,3,8.69,83.35,115,45,3,0,5,1,16,30,47,0,0,1
20,Chemical,3,8.01,90.95,88,41,1,1,8,1,18,19,40,1,0,1
20,ECE,3,7.2,64.88,134,54,2,1,5,0,27,18,46,0,1,1
24,ECE,3,7.47,73.29,194,49,1,1,2,0,31,26,74,0,1,1
21,Mechanical,3,6.97,72.53,85,13,0,2,5,0,23,12,48,0,0,1
21,Civil,2,5.35,58.45,132,16,3,0,4,0,32,1,29,0,0,0
21,Mechanical,2,7.57,66.73,109,34,2,1,3,0,20,8,76,0,0,1
21,Mechanical,2,6.44,69.11,60,51,0,1,0,2,10,10,61,0,1,1
21,ECE,2,7.19,70.77,136,33,3,2,3,3,27,29,55,0,0,1
21,Civil,2,6.43,67.27,106,19,1,1,2,2,16,11,61,0,1,1
23,EEE,3,7.19,60.75,63,34,3,0,3,3,9,15,58,1,0,1
23,CSE,3,6.5,63.26,139,27,6,0,4,3,44,4,67,0,1,1
24,EEE,2,7.56,70.48,113,33,1,0,4,0,25,13,71,0,1,1
21,IT,3,7.94,73.96,254,43,6,0,4,1,66,32,48,1,1,1
21,AIML,3,7.62,76.64,182,50,8,0,3,4,40,7,58,1,1,1
22,EEE,2,6.25,68.38,114,40,2,0,1,3,32,24,38,0,1,0
23,EEE,3,5.93,64.53,137,51,3,1,0,2,24,11,64,0,0,1
21,Chemical,3,6.26,72.73,131,39,0,0,3,1,28,11,15,0,0,0
22,Chemical,3,8.22,78.31,164,52,1,0,4,0,30,19,41,0,0,1
22,IT,2,9.36,73.65,267,54,6,0,2,2,73,25,43,0,1,0
22,CSE,2,6.93,86.11,381,29,2,2,5,1,88,14,54,0,1,1
22,CSE,2,6.63,55.45,173,28,0,1,6,2,48,2,26,0,1,1
20,Chemical,3,8.53,82.13,91,32,4,1,5,0,22,25,42,0,0,0
21,IT,3,6.99,78.93,163,14,4,0,4,7,71,18,55,0,1,1
21,IT,3,7.28,80.76,234,46,5,0,5,2,72,19,68,0,0,1
18,EEE,3,7.49,76.44,180,43,2,1,5,3,28,19,41,0,0,0
23,CSE,2,6.92,62.75,167,21,3,1,6,1,60,17,33,1,1,1
21,EEE,2,6.84,85.76,126,40,3,2,3,3,24,12,47,0,1,0
19,Civil,3,7.28,63.96,92,42,3,1,2,0,30,18,55,0,0,1
22,Mechanical,3,7.0,65.08,51,46,2,0,2,2,14,3,61,0,0,1
22,IT,2,5.99,65.56,164,26,5,1,2,3,54,16,56,0,0,1
22,CSE,1,6.99,63.66,272,28,6,3,3,2,66,27,47,1,1,1
21,AIML,3,7.23,64.51,160,30,6,0,7,3,50,1,53,1,0,1
23,AIML,1,7.28,67.24,301,49,2,0,4,4,83,11,69,0,1,1
21,IT,2,7.92,61.87,239,54,4,0,2,3,58,9,62,0,1,1
21,CSE,2,6.84,72.81,210,25,6,2,5,0,63,11,68,0,1,1
18,EEE,3,8.89,75.48,106,49,5,0,3,2,23,22,43,0,0,1
22,IT,1,7.79,73.31,282,37,5,0,3,5,70,26,75,0,1,1
22,ECE,3,7.41,75.8,72,32,2,0,2,3,12,20,49,1,0,1
21,AIML,2,7.06,71.81,181,43,2,0,3,4,43,18,37,0,0,1
21,ECE,2,7.27,68.81,140,41,2,2,4,3,37,17,53,0,1,1
22,Mechanical,2,5.89,72.14,257,0,3,2,1,2,41,0,53,0,0,1
22,CSE,2,7.5,72.17,177,43,5,2,6,1,53,31,78,0,1,1
20,ECE,3,9.02,73.28,138,68,4,0,5,1,25,31,42,1,1,1
24,EEE,3,8.11,75.02,116,44,4,0,3,4,21,26,47,0,0,1
22,EEE,3,5.96,78.04,80,49,5,0,1,3,12,16,45,0,0,1
25,Chemical,3,7.6,70.38,131,44,2,0,5,1,22,21,60,0,1,1
25,Mechanical,2,7.88,79.85,123,68,1,2,3,1,24,10,49,0,1,1
23,Mechanical,1,9.04,72.08,271,75,2,3,2,3,43,30,46,0,1,1
22,Civil,2,6.83,72.08,111,62,3,1,2,2,25,9,47,0,0,1
21,Civil,2,9.44,82.19,153,61,2,1,3,2,21,28,62,0,1,1
20,Civil,1,7.85,69.09,246,45,4,1,1,1,27,24,59,0,1,1
21,EEE,2,6.8,69.32,102,20,1,1,1,0,18,10,32,0,0,1
22,Civil,1,6.36,63.79,204,15,7,2,3,4,31,17,76,1,1,1
21,IT,2,7.4,67.75,269,58,4,2,6,1,86,26,57,0,1,1
23,Chemical,2,7.68,74.5,128,30,3,3,3,2,31,17,50,0,0,1
19,CSE,2,6.53,82.18,153,54,3,2,3,2,71,8,54,0,1,1
21,AIML,2,8.03,78.65,244,34,2,3,2,2,55,16,61,0,1,1
21,CSE,2,7.95,75.7,303,16,5,1,6,2,86,24,55,1,1,1
21,Mechanical,1,7.76,84.8,204,30,2,3,4,2,29,31,48,0,1,1
19,ECE,3,6.62,62.08,123,16,3,1,6,2,16,5,42,1,0,0
20,Mechanical,3,7.37,83.07,85,58,4,2,2,2,14,0,50,0,1,1
23,ECE,2,9.07,76.5,167,46,1,0,4,0,31,16,55,0,1,0
21,IT,2,6.71,73.57,203,31,4,0,5,7,62,6,56,0,0,1
19,Civil,2,6.01,74.09,101,24,3,0,1,2,25,20,52,0,0,1
18,ECE,2,7.18,76.51,169,38,6,0,3,2,25,16,54,0,0,1
21,EEE,1,7.06,70.22,133,41,6,1,2,1,18,19,57,1,1,1
20,Civil,2,5.92,74.94,63,23,2,1,2,1,13,13,49,1,0,0
22,AIML,2,7.85,72.42,293,21,6,1,5,5,80,22,44,1,1,0
22,IT,2,6.38,67.69,206,13,7,1,3,2,63,15,39,0,0,1
20,CSE,3,6.14,69.47,223,20,4,1,3,3,71,5,41,0,1,1
21,ECE,2,8.2,79.94,134,25,4,0,3,3,25,19,65,0,1,1
20,Mechanical,1,8.94,71.81,235,65,3,1,3,2,35,15,78,0,1,1
20,CSE,3,9.55,74.54,257,46,2,1,3,3,63,17,60,0,1,1
23,CSE,1,6.43,58.65,307,11,5,2,4,4,83,9,55,1,1,1
21,Mechanical,1,8.08,74.09,172,49,4,1,5,3,20,25,62,1,0,1
23,Mechanical,2,6.31,77.77,151,23,2,1,0,2,40,27,59,0,1,1
20,IT,3,7.41,96.41,166,52,5,2,13,4,69,26,40,1,1,1
20,IT,3,7.22,75.01,306,29,3,1,4,5,73,7,54,0,1,1
21,AIML,3,5.53,79.4,130,23,2,3,0,2,48,13,42,0,1,0
21,CSE,3,7.8,75.4,255,71,5,0,4,2,67,12,48,0,1,1
25,ECE,2,7.5,74.95,141,41,1,2,2,4,25,11,49,1,1,1
19,EEE,2,8.01,74.98,235,43,1,0,5,0,33,20,62,0,0,1
23,Civil,2,6.43,70.47,105,35,0,0,1,2,19,13,61,0,1,1
23,ECE,3,9.15,79.21,140,42,2,0,6,1,21,17,57,1,0,1
21,CSE,1,7.97,73.44,282,70,3,2,2,1,94,23,72,0,1,1
20,IT,2,7.78,87.53,219,30,2,0,5,1,52,29,53,0,0,1
21,Mechanical,1,8.92,82.63,232,65,4,1,2,1,35,39,55,0,1,1
20,EEE,2,7.49,69.19,201,35,1,1,0,8,40,9,56,0,1,1
22,Mechanical,2,6.74,76.26,140,30,2,1,6,0,21,29,51,1,1,1
21,IT,3,8.28,83.68,225,37,3,1,11,1,61,26,61,1,1,1
24,CSE,2,7.37,65.18,217,13,2,1,1,2,71,16,47,0,1,1
22,Civil,1,8.57,84.91,288,41,2,2,8,2,43,16,49,1,1,1
21,IT,2,7.4,80.22,250,50,5,1,5,1,76,1,42,0,1,0
22,CSE,1,9.6,83.55,353,52,4,1,4,3,82,26,59,1,1,1
21,EEE,1,7.7,85.95,245,26,3,0,1,2,39,23,69,0,1,1
23,Mechanical,3,6.81,79.06,115,44,0,0,3,3,16,15,22,0,0,1
20,ECE,3,7.63,71.79,94,39,3,0,2,4,22,16,46,1,1,1
25,EEE,2,7.09,73.93,122,34,5,0,5,4,25,13,57,0,0,1
22,IT,2,6.75,81.78,365,15,2,0,7,3,84,8,62,1,1,1
23,Mechanical,3,8.48,74.18,116,38,3,0,5,1,19,27,39,0,0,0
21,Mechanical,3,6.25,67.59,59,31,1,0,4,2,11,19,49,0,0,1
23,Mechanical,3,8.21,78.64,96,42,5,4,6,1,23,18,52,0,1,1
20,CSE,1,9.1,77.95,293,61,4,3,5,2,69,34,69,1,1,1
22,ECE,1,7.45,91.54,260,14,5,4,2,2,36,19,46,1,1,1
20,Mechanical,2,7.71,84.64,115,30,4,0,5,1,27,22,78,0,0,1
20,AIML,2,6.78,87.41,324,31,2,0,2,1,76,21,53,0,1,1
21,AIML,2,8.46,86.05,252,51,1,3,6,4,61,27,50,0,1,1
20,Civil,3,6.24,71.86,139,33,1,0,1,1,16,29,60,1,0,1
21,Civil,3,8.18,62.65,85,41,3,2,4,0,25,6,45,0,0,1
23,Chemical,3,7.34,76.33,73,52,4,1,2,0,21,9,67,1,0,1
20,ECE,1,7.01,64.95,261,85,4,2,2,2,39,18,50,0,1,1
22,CSE,1,7.14,62.23,248,35,4,0,3,4,37,10,66,0,1,1
19,CSE,2,7.9,83.85,201,61,4,3,3,3,57,22,53,0,1,1
22,Mechanical,1,6.72,64.09,266,59,1,4,0,0,32,1,54,1,1,1
22,Mechanical,1,8.2,71.5,265,36,1,3,3,1,34,19,46,0,1,1
21,ECE,1,7.87,72.12,218,45,6,5,5,5,44,13,75,1,1,1
22,ECE,2,7.14,74.13,114,12,6,1,1,3,20,10,42,1,1,1
23,Civil,1,8.14,75.88,306,39,5,1,3,0,34,19,67,1,1,1
22,CSE,3,6.65,76.77,200,43,5,0,4,0,51,0,62,0,0,1
21,CSE,2,7.24,77.47,240,34,5,1,4,0,77,16,73,0,1,1
21,Chemical,3,7.0,61.64,85,39,4,0,2,1,23,18,55,1,0,1
22,ECE,3,6.25,80.98,96,39,1,0,0,1,14,15,40,0,0,1
20,Mechanical,2,7.19,65.23,113,42,4,1,3,2,29,25,44,1,0,1
22,Chemical,2,6.15,62.8,122,35,0,0,5,5,24,0,65,0,1,1
20,Mechanical,3,6.85,84.44,227,40,5,0,2,1,31,24,50,0,0,1
22,ECE,2,6.01,68.85,85,36,1,1,3,2,22,12,55,0,0,1
19,EEE,2,6.61,79.22,97,37,2,0,4,2,13,11,65,0,0,1
19,EEE,1,6.94,77.37,182,28,4,2,4,1,31,19,66,0,1,1
25,Chemical,3,7.68,77.86,104,26,3,0,3,1,14,19,43,0,0,1
23,CSE,2,6.66,66.47,190,35,7,0,2,2,68,7,41,1,1,1
23,Mechanical,2,6.41,69.19,86,25,3,3,3,2,16,0,70,0,1,1
24,Civil,3,7.0,84.21,123,56,4,1,1,1,28,17,39,0,0,1
21,IT,1,9.34,75.11,303,29,8,1,2,3,61,28,68,1,1,1
20,Mechanical,3,5.92,69.45,142,24,2,0,3,2,27,11,48,0,0,1
20,AIML,3,7.92,79.0,175,52,3,2,3,2,48,17,36,0,1,1
21,CSE,3,7.63,71.67,187,23,5,1,4,3,64,29,61,0,1,1
20,CSE,1,9.51,75.59,302,42,6,2,4,3,73,20,63,0,1,1
24,ECE,2,7.73,73.5,116,37,1,1,6,1,21,19,44,0,0,1
18,CSE,1,7.77,73.47,305,65,5,0,4,7,90,23,47,0,1,1
20,EEE,2,7.51,63.55,119,34,1,0,2,2,18,25,45,0,0,1
20,IT,3,7.3,75.31,199,45,6,1,5,4,61,14,60,1,1,1
20,CSE,2,8.08,85.16,203,41,5,3,6,2,64,12,58,0,1,1
20,AIML,3,6.88,50.0,191,31,4,0,9,4,59,19,51,1,0,1
22,Mechanical,2,10.0,83.29,204,72,5,0,2,1,24,25,44,0,1,1
20,IT,3,8.06,54.79,235,29,7,0,4,6,79,9,58,0,1,1
21,Mechanical,2,7.32,83.77,165,40,5,1,3,3,25,8,70,1,1,1
23,Mechanical,2,7.27,69.13,170,41,1,2,1,2,40,10,67,1,1,1
21,Mechanical,3,7.32,73.5,84,55,2,1,5,3,23,26,41,0,0,1
22,Mechanical,2,7.45,66.74,116,37,2,0,1,0,27,6,63,0,1,1
21,Mechanical,2,8.03,89.53,186,24,5,0,6,1,26,24,51,0,0,1
20,ECE,2,7.74,89.35,93,25,4,2,2,4,21,8,29,1,1,1
20,ECE,2,8.73,70.16,173,35,7,1,7,3,22,16,47,1,1,1
24,CSE,2,6.67,62.75,321,46,3,1,7,1,93,12,69,0,1,1
22,Chemical,3,7.31,79.26,75,34,5,0,1,4,19,15,52,0,0,1
20,Civil,3,6.51,76.87,95,41,1,1,4,2,18,12,61,1,0,1
21,Mechanical,2,7.09,69.96,76,60,2,1,1,1,14,21,58,0,1,1
23,EEE,1,7.3,65.97,254,48,4,1,2,1,29,13,61,1,1,1
22,EEE,1,8.41,87.41,191,57,5,1,6,2,27,7,64,1,1,1
21,CSE,2,6.95,70.35,266,40,1,0,6,4,82,20,38,0,0,0
23,IT,2,8.68,75.49,252,35,3,1,4,3,70,40,63,0,1,1
22,IT,2,8.73,78.77,292,74,10,2,4,6,67,31,67,0,1,1
22,Mechanical,2,8.1,65.56,103,35,7,0,2,2,23,30,57,0,1,1
20,EEE,3,6.38,65.97,101,45,3,0,1,1,20,26,55,0,0,1
19,IT,2,8.72,70.8,224,60,3,1,3,5,82,20,33,0,1,1
24,IT,3,6.98,58.41,250,20,4,1,4,3,74,19,58,0,1,1
21,Civil,1,7.46,67.81,191,20,5,3,4,4,29,22,60,0,1,1
21,Mechanical,2,7.94,74.95,174,50,7,0,2,1,29,24,54,1,0,1
21,Mechanical,3,6.62,65.52,46,22,2,1,2,1,12,17,61,0,0,1
19,IT,2,8.56,76.31,196,65,6,2,4,3,60,22,49,0,1,1
23,ECE,3,8.03,68.12,160,36,1,0,7,0,29,18,52,0,1,1
20,EEE,3,9.87,85.77,197,69,4,1,5,1,24,32,51,0,1,1
22,CSE,3,7.6,81.14,172,55,6,1,4,2,52,30,41,0,1,1
21,IT,2,7.39,78.17,215,43,1,1,6,4,56,28,57,0,1,1
20,ECE,3,9.05,79.98,177,48,2,4,4,2,30,20,50,0,1,1
19,Mechanical,2,5.91,74.56,148,37,4,1,2,1,28,5,65,0,0,1
22,ECE,2,7.69,70.21,148,39,0,3,1,2,30,17,55,0,0,1
20,CSE,3,7.23,67.5,214,35,7,0,4,3,60,13,49,0,1,1
19,ECE,3,8.4,76.28,219,29,3,2,1,2,31,15,54,0,1,1
22,ECE,3,9.99,78.07,131,66,2,0,4,1,31,28,52,1,0,1
21,EEE,2,6.93,81.68,97,31,2,1,5,1,28,15,70,0,1,1
21,Civil,2,8.48,91.23,189,54,2,0,4,3,34,25,60,1,1,1
20,AIML,2,8.68,96.16,214,54,4,2,8,3,55,29,62,0,1,1
23,ECE,3,8.47,83.53,159,28,1,0,2,2,30,23,56,0,1,0
20,IT,3,7.56,76.69,233,46,5,1,2,0,67,28,43,0,1,0
20,Mechanical,2,8.11,62.18,103,53,2,0,5,1,25,22,42,0,0,1
20,Civil,1,6.94,69.27,143,37,1,3,6,2,20,16,67,0,1,1
20,ECE,3,8.86,73.16,163,54,5,0,5,3,26,24,78,1,0,1
20,Civil,2,6.58,66.39,85,39,3,0,2,0,12,8,54,0,0,1
19,CSE,2,6.68,80.82,217,57,4,0,3,1,66,21,56,1,1,1
20,Civil,3,7.11,82.9,209,39,3,0,4,3,38,29,32,1,0,1
21,Mechanical,2,7.02,69.49,133,50,0,1,2,1,25,14,50,0,1,1
23,CSE,3,7.72,70.4,195,22,3,0,3,3,72,33,51,1,1,1
19,Mechanical,3,7.08,71.11,109,34,1,1,2,0,28,19,53,0,0,1
20,ECE,2,6.76,58.82,103,43,1,3,2,4,25,22,50,0,1,1
23,Chemical,2,6.55,79.97,102,31,2,2,3,1,17,22,59,0,0,1
23,IT,3,8.36,82.54,230,52,5,3,2,5,69,22,39,0,1,1
22,EEE,2,7.95,66.78,376,50,4,2,2,2,52,30,57,0,1,1
20,ECE,3,6.24,61.46,145,39,3,1,3,2,25,26,56,0,0,1
21,AIML,1,8.29,88.18,321,33,4,0,3,6,72,1,57,0,1,1
20,Mechanical,3,7.08,78.58,126,44,2,3,4,1,26,17,49,0,1,1
19,Mechanical,2,6.16,82.7,81,23,0,1,0,1,19,29,64,0,0,1
21,ECE,2,6.45,65.38,68,29,4,0,1,2,14,17,48,0,0,1
21,Chemical,3,8.21,89.07,139,67,4,2,2,0,16,17,36,1,0,0
21,Chemical,3,8.5,70.79,117,58,5,1,5,0,8,18,50,0,0,1
21,Mechanical,1,8.35,78.07,244,46,2,1,3,4,40,26,46,0,1,1
20,CSE,3,6.73,59.65,211,35,4,0,4,4,57,26,44,0,0,1
20,Civil,1,8.19,72.94,160,55,4,1,2,1,32,21,41,0,1,1
22,IT,2,7.92,76.97,209,58,6,2,3,2,57,18,45,0,1,1
23,EEE,2,5.37,64.65,145,33,3,1,1,1,19,15,62,0,0,1
20,Chemical,3,7.85,79.88,110,57,5,3,4,3,19,19,37,0,0,1
21,AIML,3,7.51,68.71,166,40,4,0,6,1,63,23,43,1,1,1
20,CSE,3,9.34,80.26,258,58,3,2,6,3,69,26,51,0,1,1
19,Civil,2,9.19,77.44,254,43,1,3,0,2,35,35,45,0,1,1
22,CSE,2,7.43,71.73,383,40,5,4,2,4,83,13,54,0,1,1
20,CSE,2,7.88,81.2,264,20,2,1,1,2,85,13,46,0,0,1
21,IT,2,7.61,69.79,211,32,6,1,7,3,73,16,60,0,1,1
21,Mechanical,2,7.1,71.78,95,31,4,2,0,0,18,9,55,0,0,1
20,ECE,3,6.19,66.75,56,31,2,0,5,1,18,27,62,0,0,1
19,IT,2,6.93,83.69,226,31,4,2,4,0,70,21,47,0,1,1
20,Civil,3,6.96,72.28,80,12,2,0,3,3,21,13,61,0,0,1
24,Mechanical,3,8.37,76.82,85,60,3,3,5,5,14,35,51,0,0,1
21,EEE,2,7.68,72.84,241,42,6,2,1,2,38,20,41,0,0,1
21,IT,2,7.02,75.65,176,45,7,5,6,2,72,19,53,1,1,1
19,Civil,1,7.12,70.01,178,45,4,5,4,0,25,8,37,0,1,1
21,AIML,2,7.87,72.1,204,31,4,0,3,4,51,9,44,1,1,1
19,Chemical,2,7.23,70.05,157,35,4,1,2,0,19,19,58,0,1,1
21,AIML,2,6.6,71.66,177,38,4,0,4,1,47,7,50,0,1,1
22,Civil,3,6.56,78.64,59,40,1,2,6,1,21,3,58,0,0,1
21,Civil,2,9.0,76.61,139,63,2,1,6,2,20,32,66,1,1,1
20,AIML,2,7.39,64.53,254,56,4,0,5,2,61,15,47,1,1,1
19,AIML,2,8.44,66.62,246,65,3,0,4,2,70,18,54,1,1,1
18,CSE,2,6.0,89.56,248,29,0,0,1,0,69,16,33,0,0,1
21,IT,2,8.51,71.49,206,24,4,1,0,4,60,11,53,0,1,1
23,ECE,1,8.41,90.24,223,57,4,1,3,0,25,19,64,0,1,1
20,CSE,3,8.11,74.29,287,48,3,1,4,0,86,9,58,0,1,1
21,CSE,2,6.14,62.95,192,18,5,2,4,1,47,7,50,1,1,1
22,ECE,3,7.38,73.06,184,28,5,2,1,2,32,33,66,0,1,1
19,CSE,3,6.65,75.69,150,30,4,1,1,3,53,17,65,0,0,1
20,Mechanical,1,6.75,70.05,253,34,5,0,1,1,30,11,62,1,1,1
20,IT,3,5.75,64.2,154,19,3,0,2,3,62,1,45,0,0,0
22,CSE,1,6.83,60.96,289,45,2,1,1,3,78,24,63,0,1,1
21,CSE,1,6.77,67.29,271,44,4,1,3,2,69,16,48,0,1,1
22,IT,1,8.42,79.76,261,47,4,1,5,3,87,27,67,0,1,1
23,CSE,3,6.83,61.06,145,22,5,1,0,3,54,17,42,0,0,1
22,AIML,2,7.37,70.52,168,44,7,2,3,3,85,9,59,0,1,1
25,AIML,3,8.37,78.65,183,41,4,0,8,2,50,19,68,0,1,1
22,IT,3,7.41,82.08,191,15,4,1,3,1,45,17,57,0,0,1
23,ECE,1,7.14,65.08,248,45,2,2,7,2,32,17,68,1,1,1
23,EEE,3,7.52,88.34,97,29,2,1,5,2,13,20,64,0,0,1
22,Civil,1,7.08,75.88,149,31,4,1,1,1,25,26,39,0,1,1
22,Mechanical,1,6.26,61.85,241,29,2,1,1,1,35,12,72,0,1,1
24,CSE,2,7.82,76.05,356,20,3,1,3,3,75,37,46,0,1,1
21,ECE,1,8.3,71.5,215,50,1,1,4,3,29,10,64,1,1,1
22,Mechanical,3,7.19,62.03,148,38,4,0,3,1,19,11,61,0,0,1
21,ECE,3,7.24,72.04,108,40,1,1,3,0,21,17,29,1,0,1
23,CSE,3,6.99,71.43,163,28,3,2,3,1,48,24,63,0,1,1
21,Mechanical,3,8.67,79.68,119,51,3,2,3,2,14,41,42,0,0,1
22,CSE,2,7.75,68.17,208,46,4,2,4,0,73,11,67,1,1,1
22,IT,2,7.39,67.51,236,39,7,1,8,3,65,37,57,0,0,1
24,Mechanical,2,8.32,83.22,167,52,2,2,4,2,28,7,47,0,0,1
20,Chemical,1,8.65,83.01,231,46,4,2,4,2,28,21,48,0,1,1
22,Civil,3,7.73,66.01,119,20,2,0,5,0,28,19,39,0,0,1
22,Chemical,2,8.32,64.93,222,38,6,0,6,1,29,14,52,1,0,1
24,IT,3,7.82,67.19,165,36,2,2,4,2,49,23,44,0,1,1
23,ECE,2,7.54,81.96,209,45,4,0,0,1,37,19,59,0,1,1
21,CSE,3,8.19,55.99,215,37,1,1,0,4,76,28,46,0,1,1
21,ECE,2,6.71,67.36,92,31,3,1,1,2,26,0,63,1,1,1
20,Mechanical,1,6.94,78.67,170,43,3,1,0,2,29,19,62,0,0,1
25,CSE,2,7.92,76.7,183,52,4,0,4,2,63,21,58,0,1,1
20,IT,2,6.92,71.09,248,42,4,0,4,1,64,15,56,0,1,1
22,Chemical,2,8.2,82.69,301,47,5,2,1,1,45,17,61,0,1,1
22,CSE,1,7.96,73.92,300,47,9,2,5,1,75,23,63,0,1,0
21,AIML,2,9.26,75.81,244,80,1,1,5,7,55,15,69,1,1,0
20,Chemical,1,6.91,77.37,135,42,2,2,3,2,21,8,39,1,1,1
20,IT,2,8.29,89.94,266,42,4,2,6,1,74,13,55,0,0,1
23,Civil,3,6.93,56.23,89,34,2,2,1,1,25,14,50,0,0,1
21,AIML,2,7.75,69.3,317,60,2,0,7,1,63,20,51,0,1,1
19,AIML,2,8.12,73.83,340,34,6,0,4,2,84,6,34,0,1,1
22,CSE,3,7.69,70.65,161,41,10,2,4,4,58,25,38,1,0,1
20,CSE,1,8.18,76.6,288,52,6,1,5,2,76,31,78,1,1,1
23,IT,3,7.71,74.51,182,52,10,3,4,3,68,22,50,0,1,1
20,Mechanical,3,7.15,64.32,134,15,3,1,3,2,32,16,39,0,0,1
20,ECE,2,8.23,80.34,135,48,7,1,2,2,27,23,57,0,1,1
19,IT,2,8.27,75.63,226,29,3,1,6,0,49,19,45,0,1,1
21,AIML,2,7.22,81.85,199,76,4,0,2,2,59,18,45,0,1,1
21,Mechanical,2,6.84,79.35,119,32,5,0,1,1,19,21,59,0,0,1
22,AIML,1,7.98,74.06,315,38,3,2,4,2,64,25,29,0,1,1
21,CSE,2,7.68,78.29,202,68,5,0,5,2,67,35,49,1,1,1
20,Chemical,2,6.14,53.58,248,27,3,2,1,7,38,18,63,0,1,1
20,Chemical,2,7.7,59.73,200,30,5,2,0,3,37,23,68,0,0,1
20,AIML,1,7.07,80.26,275,55,3,0,2,2,60,17,72,0,1,1
24,AIML,2,5.87,67.83,140,62,4,1,2,3,39,18,59,0,1,1
20,EEE,2,7.83,83.96,113,42,2,2,1,0,17,18,46,0,1,1
25,ECE,3,6.32,77.91,101,33,2,2,4,2,24,7,61,0,1,1
20,Civil,3,8.45,66.28,104,31,2,2,5,4,31,20,52,1,0,0
19,ECE,2,8.17,80.71,204,64,3,0,3,3,33,20,55,0,1,1
20,CSE,1,7.96,69.98,282,38,4,2,3,2,77,16,50,0,1,1
19,ECE,2,8.68,75.66,171,37,4,2,4,0,33,28,43,0,1,1
22,CSE,3,8.17,67.22,196,59,3,2,6,3,54,3,50,0,1,1
21,ECE,2,6.74,78.53,141,16,3,0,4,1,25,16,67,0,1,1
20,EEE,3,8.21,79.69,180,52,4,0,3,0,27,14,45,0,1,1
22,Chemical,3,6.77,67.44,141,8,0,0,1,2,26,11,41,0,0,1
22,AIML,2,8.28,71.05,303,54,6,5,6,5,83,23,45,1,1,1
24,EEE,2,7.14,78.27,126,37,2,2,4,2,29,24,65,0,1,1
24,CSE,1,6.68,65.86,324,47,6,1,4,1,69,4,66,0,1,1
22,Civil,3,7.71,70.42,162,25,3,3,2,1,34,4,40,0,0,0
22,IT,2,7.09,67.56,167,36,2,0,4,3,49,11,47,1,1,1
22,AIML,2,8.42,71.73,256,33,5,0,4,3,63,19,49,0,1,1
21,CSE,1,8.86,83.11,294,31,3,3,6,2,67,11,64,0,1,1
22,Mechanical,3,5.88,70.41,142,37,1,0,2,2,18,12,44,0,0,0
19,CSE,3,7.35,69.58,268,51,3,1,5,1,72,20,41,0,1,1
22,EEE,2,8.05,68.4,198,11,2,0,1,0,27,15,60,0,1,1
24,IT,2,7.61,74.21,250,55,1,1,4,2,56,11,68,0,1,1
19,Mechanical,2,7.62,72.51,111,60,2,0,6,1,27,20,45,0,1,1
23,Chemical,2,7.73,80.18,119,69,2,0,0,3,16,17,63,0,1,1
24,AIML,2,6.14,64.56,174,6,4,0,5,2,62,15,63,0,1,1
20,EEE,3,8.71,80.87,109,65,2,3,4,2,18,21,47,0,1,1
21,IT,3,7.91,73.53,211,45,2,0,2,0,67,22,58,0,1,1
24,ECE,3,6.8,73.77,100,32,2,1,1,4,17,13,61,0,0,1
24,CSE,1,7.11,84.13,456,62,2,2,4,0,100,12,59,0,1,1
19,AIML,2,8.24,74.52,193,43,4,1,3,6,59,5,73,0,1,1
20,Mechanical,2,7.72,89.93,180,42,1,1,4,3,34,10,51,0,0,1
22,IT,2,7.81,73.48,191,20,5,0,3,4,51,14,47,1,1,1
20,CSE,2,7.97,68.21,216,19,2,0,4,3,69,17,45,0,0,1
20,IT,2,7.69,85.59,228,43,3,1,7,1,67,21,73,0,1,1
18,EEE,3,5.75,81.11,52,55,2,1,1,2,16,17,43,0,0,0
20,Chemical,3,7.0,65.85,96,51,0,0,1,1,16,18,63,1,0,1
21,Civil,2,7.98,69.99,98,55,1,0,6,0,22,17,36,0,0,1
22,Mechanical,3,7.9,81.0,109,24,3,1,1,3,18,11,52,0,0,1
22,Chemical,3,6.95,76.24,154,44,4,0,3,2,22,24,59,0,0,1
22,EEE,3,7.32,67.76,323,54,3,2,5,4,36,32,69,0,1,1
21,ECE,1,9.73,70.42,687,95,12,2,10,1,99,28,36,1,1,0
20,ECE,1,8.94,80.62,210,26,3,1,4,4,33,33,66,1,1,1
18,Chemical,3,7.63,73.47,178,65,4,2,0,3,28,28,53,1,0,0
20,CSE,2,8.26,80.46,292,50,5,0,6,1,92,7,57,0,1,1
20,ECE,2,7.8,78.98,140,24,3,0,8,2,29,6,48,0,1,1
20,Mechanical,3,7.95,81.84,91,65,2,2,2,1,24,19,51,0,0,1
18,CSE,3,7.34,59.19,257,37,7,0,4,2,66,22,58,1,1,1
20,Civil,3,6.84,84.93,85,45,0,3,1,0,17,25,56,0,0,1
22,Civil,1,9.32,83.46,192,43,8,0,4,2,29,23,63,0,1,1
22,ECE,3,8.88,75.39,185,37,0,3,9,1,22,10,51,0,1,1
24,Civil,2,7.52,73.33,97,51,4,1,3,1,19,15,52,0,0,1
22,CSE,2,7.84,79.62,210,25,4,3,5,3,55,22,64,1,1,1
21,Chemical,3,7.5,75.63,233,63,1,1,6,1,36,15,60,0,1,1
20,CSE,3,7.4,75.41,182,38,4,0,2,5,70,14,40,0,1,1
21,CSE,2,7.58,73.62,196,41,3,2,6,7,43,25,55,1,1,1
19,ECE,3,8.35,88.39,88,45,1,1,1,2,20,17,42,0,1,1
21,Mechanical,3,6.44,73.0,75,40,4,0,1,1,19,5,43,0,0,1
21,Mechanical,2,6.98,80.31,138,25,9,0,5,3,23,18,53,0,0,1
21,ECE,1,8.54,92.62,204,45,9,1,0,2,35,17,55,1,1,1
20,Mechanical,3,7.51,80.77,162,67,2,3,1,1,28,22,67,0,1,1
22,EEE,2,8.6,79.63,119,57,3,1,5,0,24,20,30,0,1,1
23,Civil,2,7.59,61.42,113,35,3,2,2,2,15,11,53,0,1,1
22,CSE,1,8.09,73.01,315,31,3,3,2,2,82,12,50,0,1,1
22,Chemical,3,7.21,87.92,121,18,11,1,2,4,41,22,43,0,1,1
21,Civil,3,8.53,79.62,114,56,2,0,5,3,25,29,56,0,0,1
19,Civil,3,8.12,66.66,88,31,3,1,2,1,18,19,43,0,1,1
22,IT,3,6.43,69.07,228,45,2,1,7,3,67,14,58,0,1,1
21,Chemical,2,8.06,67.55,115,44,2,0,5,5,23,24,46,0,0,1
20,CSE,2,8.42,73.73,222,48,3,2,5,7,59,14,44,0,1,1
20,CSE,3,7.36,70.72,229,36,6,2,6,4,74,26,22,0,1,1
24,IT,3,7.98,71.43,181,35,4,1,1,3,53,17,61,0,1,1
22,Chemical,2,8.64,78.2,178,37,2,2,4,0,22,23,71,0,1,1
21,Chemical,2,7.45,59.55,255,46,1,1,3,0,36,3,56,0,1,1
22,ECE,3,7.68,79.2,85,29,4,0,3,4,25,23,62,0,0,1
21,Mechanical,1,7.38,83.65,200,32,5,0,0,2,27,31,59,0,0,1
21,ECE,1,8.24,63.5,268,34,0,2,4,4,42,28,59,1,1,1
20,CSE,2,6.74,79.0,182,56,1,1,0,4,56,12,42,0,1,1
21,EEE,2,8.11,80.53,108,18,2,4,3,4,14,18,47,0,1,1
22,CSE,2,8.85,80.87,252,56,3,4,4,2,61,20,57,1,1,1
19,EEE,3,6.64,71.59,119,63,1,2,5,3,17,9,38,1,0,1
22,AIML,3,8.53,78.88,204,19,7,1,4,3,53,28,49,0,1,1
20,AIML,1,7.78,80.96,297,48,4,2,4,4,76,17,58,1,1,1
22,Mechanical,2,7.02,73.98,139,26,4,0,6,6,41,9,36,0,1,1
22,ECE,3,7.23,91.99,90,49,3,0,0,1,19,24,34,0,0,1
22,Civil,3,7.44,69.37,62,23,2,3,5,5,12,23,23,0,1,0
21,Mechanical,2,7.23,84.65,90,51,5,0,6,2,28,6,45,0,1,1
24,AIML,3,8.38,75.93,247,38,7,2,5,3,72,18,57,1,1,1
21,Mechanical,2,7.33,70.7,118,23,4,2,5,0,24,19,59,0,1,1
22,CSE,3,7.69,81.65,167,40,4,1,7,5,46,24,67,0,1,1
22,Mechanical,3,9.22,77.35,140,41,2,1,6,1,31,10,59,1,1,1
20,IT,2,7.42,85.93,192,9,3,1,2,3,77,18,60,0,1,1
20,IT,2,7.15,67.66,233,21,4,2,8,1,74,15,48,1,1,1
21,ECE,1,7.49,82.87,204,58,3,2,3,4,35,13,67,1,1,1
20,Civil,2,8.51,81.46,134,43,6,3,4,2,25,22,34,0,1,0
21,AIML,2,7.48,72.8,183,48,6,3,5,2,43,29,52,0,1,1
21,Chemical,2,7.79,68.04,115,29,4,0,1,2,28,13,43,0,0,1
21,EEE,2,6.97,65.39,133,44,3,1,0,0,23,10,52,1,1,1
20,AIML,3,7.16,66.95,157,40,4,2,5,1,55,23,40,0,1,1
22,Mechanical,3,8.23,84.08,113,62,1,3,5,2,17,10,37,0,1,1
21,Mechanical,2,6.32,70.53,68,34,1,1,4,0,14,19,47,0,0,1
22,ECE,3,5.89,74.39,74,27,1,0,3,2,14,12,45,1,0,1
19,CSE,2,7.13,73.88,255,34,3,0,8,2,70,23,49,0,0,1
21,Mechanical,3,7.06,64.91,79,35,2,1,3,1,19,23,34,0,1,1
18,Mechanical,3,7.17,75.44,124,44,4,1,3,1,26,5,66,0,0,1
22,Mechanical,3,7.19,77.32,158,44,4,1,3,3,26,19,47,0,0,1
20,Mechanical,2,7.56,61.95,104,25,0,0,5,1,27,24,76,0,1,1
24,IT,3,7.05,68.38,193,56,1,2,1,4,49,9,54,0,1,1
20,ECE,2,8.7,72.15,159,33,3,0,3,4,18,6,45,0,1,1
21,EEE,3,8.1,67.13,80,41,2,0,7,1,25,22,42,0,1,1
20,CSE,3,7.3,74.36,238,37,4,1,1,5,50,3,63,1,0,1
22,EEE,2,8.32,78.55,235,43,2,1,5,1,35,27,64,0,1,1
21,CSE,3,5.2,75.82,143,27,2,1,5,1,67,5,69,0,0,1
21,Civil,3,7.68,80.23,130,29,4,0,2,4,33,11,51,0,0,1
20,CSE,3,8.13,73.87,216,45,3,1,5,2,79,10,47,1,0,1
19,Mechanical,1,7.32,71.29,158,34,7,2,7,2,19,18,58,0,1,1
19,AIML,1,8.25,88.8,320,63,1,3,4,5,89,20,71,0,1,1
25,Chemical,3,6.86,75.49,68,33,6,2,3,1,24,4,39,1,0,0
21,EEE,3,7.68,82.62,123,61,2,2,6,1,19,18,47,0,0,0
18,ECE,2,6.43,60.71,189,38,1,0,2,0,40,18,50,0,1,1
24,CSE,1,8.56,66.31,286,42,5,2,4,2,75,17,73,0,1,1
18,EEE,1,7.8,72.05,243,61,3,2,4,1,30,27,63,0,1,1
21,IT,3,7.59,81.14,231,63,4,2,8,1,47,11,40,0,0,1
22,Mechanical,2,7.48,85.09,195,34,3,1,2,4,37,29,28,0,1,1
23,Mechanical,2,8.47,71.75,168,49,2,3,6,2,31,17,52,1,1,1
22,Mechanical,3,7.61,78.04,158,50,2,0,2,2,28,18,51,0,0,1
21,AIML,2,8.35,79.6,250,47,4,3,3,4,63,12,46,0,1,1
25,CSE,2,7.08,64.52,172,33,4,1,5,2,38,13,63,1,1,1
19,ECE,1,8.28,70.52,184,39,4,3,4,0,36,22,68,0,1,1
25,ECE,2,8.88,77.66,267,68,4,3,7,3,35,26,60,0,1,1
23,Mechanical,3,8.77,69.12,149,66,3,1,0,3,29,21,61,0,0,1
24,ECE,2,5.37,84.92,114,22,3,0,1,2,24,7,61,0,1,1
20,ECE,2,7.68,67.16,94,38,2,0,2,2,6,20,57,0,1,1
20,ECE,2,6.29,66.93,120,25,3,4,1,2,14,23,56,1,1,1
22,ECE,3,7.06,75.17,162,57,1,0,3,0,27,14,51,0,0,1
21,Civil,2,7.08,74.34,134,33,3,1,0,2,23,20,64,0,0,1
21,CSE,3,7.91,79.62,160,47,2,3,7,4,67,29,60,0,1,1
24,CSE,2,7.43,66.67,194,54,8,0,5,2,67,17,45,0,1,1
22,AIML,1,7.16,63.43,264,13,3,2,5,4,71,16,54,0,1,1
20,IT,1,8.24,77.08,328,45,7,1,6,1,74,27,62,0,1,1
21,EEE,3,6.51,64.48,56,13,0,1,3,4,18,21,35,0,0,1
20,Civil,1,7.14,67.73,145,59,3,2,0,0,23,15,56,0,1,1
20,Mechanical,3,7.07,67.0,161,15,2,1,2,2,33,16,42,0,0,1
20,Chemical,3,7.22,67.48,57,12,2,1,3,1,18,28,73,0,0,1
22,CSE,3,7.54,63.97,269,63,8,2,5,1,75,20,52,0,1,1
22,CSE,2,7.7,67.16,206,33,7,0,2,3,69,1,56,1,1,1
21,CSE,2,7.01,69.87,257,20,1,2,3,6,95,6,54,0,1,1
21,EEE,2,7.74,82.71,158,22,3,0,3,1,41,12,62,0,1,1
22,ECE,2,7.61,88.56,153,46,4,0,2,2,21,7,59,0,1,1
22,IT,2,7.54,80.61,288,45,3,1,1,1,72,8,51,0,1,1
23,IT,2,6.23,71.62,229,40,5,1,1,3,64,18,66,0,0,1
21,Civil,3,7.77,82.0,96,39,4,2,6,1,15,27,37,0,0,1
22,CSE,3,7.87,74.1,282,69,3,0,1,1,82,9,59,0,0,1
21,IT,2,8.16,77.91,226,46,3,5,8,8,69,13,56,0,1,1
21,ECE,2,7.65,79.49,278,38,4,4,6,2,32,15,53,1,1,1
23,IT,3,8.27,80.27,341,30,6,1,6,7,80,20,57,1,1,1
21,Mechanical,3,7.78,81.58,121,23,3,0,3,1,21,22,51,0,0,0
21,EEE,3,7.01,77.19,87,65,2,0,0,3,20,29,48,0,1,1
20,Mechanical,3,7.31,68.25,78,20,2,1,6,2,23,20,57,1,0,1
21,Civil,3,6.88,76.5,91,21,3,2,4,3,15,17,49,1,0,1
21,IT,3,6.52,65.63,213,34,5,2,1,7,51,12,39,0,0,1
22,Civil,3,7.96,80.58,122,63,2,0,2,3,28,24,36,0,1,1
21,EEE,3,7.14,69.99,150,24,1,0,4,2,20,16,23,0,0,1
20,Civil,3,7.95,66.39,129,40,1,0,3,2,19,29,58,1,0,1
23,ECE,2,9.09,69.3,210,55,6,2,5,1,27,27,23,0,1,1
20,CSE,3,8.25,91.5,196,48,7,0,1,3,56,18,53,1,1,1
24,EEE,3,6.54,63.58,142,52,1,1,1,1,29,22,58,0,1,1
20,Chemical,3,6.88,78.65,175,43,2,2,4,2,25,13,66,0,0,1
21,Chemical,2,7.99,80.31,105,74,2,2,2,2,23,21,57,0,1,1
21,CSE,2,7.86,81.62,186,50,4,1,4,2,58,11,53,0,1,1
23,ECE,1,8.89,71.38,233,54,4,4,6,4,31,30,47,1,1,1
20,Civil,3,7.05,69.62,92,21,4,0,2,2,16,15,37,0,0,1
23,IT,3,6.29,63.3,194,38,3,0,4,1,43,15,60,0,1,1
21,ECE,3,6.57,77.92,77,23,3,0,3,1,18,30,56,0,0,1
21,Chemical,2,8.52,87.63,196,44,6,2,5,1,27,24,47,1,1,1
21,ECE,1,7.9,74.93,168,47,4,3,1,1,26,16,56,0,1,1
19,CSE,3,8.07,90.81,184,51,6,2,6,0,48,17,70,0,1,1
21,CSE,2,7.22,74.93,168,41,7,0,7,2,59,17,43,0,1,1
20,ECE,2,6.89,70.58,96,23,3,0,2,1,18,18,52,0,0,1
20,ECE,3,7.92,76.01,107,29,4,2,2,5,24,7,57,0,1,1
22,Civil,1,9.58,73.79,619,98,7,2,5,1,73,4,58,1,1,1
21,Mechanical,2,7.93,65.0,236,50,4,2,2,0,35,28,50,1,1,1
19,CSE,2,8.89,80.26,325,46,5,1,3,5,88,31,56,0,1,1
19,Mechanical,2,5.59,66.74,148,32,4,3,2,2,24,23,46,1,0,1
20,CSE,3,6.56,69.13,224,20,2,2,7,2,70,0,55,1,1,1
20,CSE,3,7.34,72.54,255,31,3,1,3,0,63,3,81,0,0,1
21,ECE,2,7.11,79.58,115,54,1,0,1,4,23,35,80,0,1,1
20,ECE,2,7.4,73.69,239,35,3,0,3,1,32,11,64,0,0,1
23,IT,2,9.39,72.06,272,72,6,0,3,6,69,20,58,0,1,1
20,ECE,2,6.95,72.73,116,45,2,3,3,1,14,13,57,0,1,0
19,Chemical,3,7.18,71.21,104,32,4,1,2,0,29,17,55,0,0,1
23,Mechanical,1,6.92,72.13,193,52,0,0,2,3,30,15,51,0,1,1
20,IT,2,6.31,69.6,211,37,2,0,4,5,62,17,71,0,1,1
21,Chemical,2,7.88,77.63,113,28,4,1,2,3,25,23,52,0,0,1
24,CSE,1,6.38,60.62,231,34,0,2,3,3,42,26,44,0,1,1
24,CSE,1,6.65,61.73,296,36,3,1,5,2,60,0,64,1,1,1
22,AIML,2,7.54,73.43,296,31,3,1,5,3,76,9,56,0,1,1
19,AIML,3,7.85,73.22,220,35,5,1,5,2,67,24,49,0,1,1
21,CSE,3,6.61,64.4,181,10,6,1,4,2,67,13,46,0,0,1
25,IT,2,6.87,57.63,245,38,3,0,3,1,66,25,30,0,1,0
24,ECE,1,6.36,72.04,305,27,3,2,2,2,40,3,52,1,1,1
19,AIML,3,7.78,71.68,306,35,3,0,2,3,77,29,60,1,1,1
21,CSE,2,7.53,76.35,234,50,6,1,2,6,60,19,39,1,1,1
20,EEE,2,7.51,75.85,236,78,4,2,1,2,36,15,65,0,1,1
19,IT,3,6.24,74.88,164,27,3,2,3,5,66,2,47,0,0,1
22,EEE,3,8.04,68.22,165,48,1,1,1,1,28,18,67,0,0,1
20,AIML,2,7.07,72.75,221,51,3,0,2,4,77,18,70,1,1,1
20,Mechanical,1,8.51,91.78,189,52,3,1,2,1,24,23,71,1,1,1
19,Chemical,2,6.94,73.88,119,37,1,1,2,1,19,7,52,0,1,1
21,AIML,2,7.78,85.29,218,47,5,2,5,4,68,24,60,1,1,1
20,EEE,1,7.11,77.61,206,42,4,1,5,1,36,7,64,0,1,1
21,Mechanical,2,8.32,70.36,280,38,6,3,1,2,41,23,47,0,1,1
20,ECE,2,6.47,87.52,85,44,4,0,4,3,14,32,87,0,1,1
24,AIML,1,8.01,85.31,319,45,3,2,7,1,83,26,65,0,1,1
20,AIML,3,6.31,61.16,252,33,6,1,2,0,50,5,43,0,0,1
21,EEE,3,6.99,71.24,120,34,0,0,3,4,16,22,51,0,0,1
20,ECE,2,8.04,88.2,195,51,2,1,1,4,26,29,51,1,1,1
19,Civil,3,6.38,74.88,128,32,1,1,8,0,32,20,49,1,0,1
20,CSE,2,7.9,62.37,225,61,3,0,4,4,54,23,60,0,1,1
19,CSE,3,7.99,70.68,227,33,3,3,4,5,61,29,42,0,1,0
20,IT,3,5.65,62.54,120,32,5,1,2,3,61,18,42,0,0,1
21,ECE,2,7.9,85.66,112,71,3,1,2,0,18,13,49,0,1,1
22,EEE,3,8.31,80.19,111,43,7,0,3,0,16,27,69,0,0,1
19,CSE,2,6.86,69.81,443,20,3,5,1,4,100,9,46,1,1,1
21,EEE,2,6.77,66.21,165,45,3,2,3,1,33,19,54,0,1,1
21,Mechanical,3,5.97,73.78,28,17,1,0,1,1,11,4,56,0,0,1
20,Civil,2,6.68,70.52,77,56,4,1,0,4,20,0,48,0,0,1
21,Civil,3,8.22,77.55,86,41,5,0,2,4,27,27,51,0,0,1
19,ECE,3,7.0,76.63,94,35,0,0,4,1,20,23,29,1,0,1
20,Civil,2,7.92,76.58,139,40,3,2,5,3,30,30,36,1,1,1
21,ECE,3,6.82,62.33,45,30,0,1,3,2,15,18,55,0,0,1
25,CSE,1,7.65,80.48,346,39,5,2,4,4,86,19,81,0,1,1
25,Chemical,2,8.56,84.64,113,42,3,2,3,1,21,20,44,0,0,1
25,CSE,1,8.89,93.21,321,47,3,1,3,3,86,26,30,0,1,1
21,AIML,2,7.63,70.05,252,46,4,2,3,1,66,20,60,0,1,1
19,CSE,2,7.32,82.41,192,36,3,4,1,2,44,3,57,0,1,1
20,ECE,1,7.08,81.6,161,77,3,2,2,0,25,15,48,1,1,1
20,ECE,3,8.03,83.17,121,45,2,4,4,0,16,32,42,0,1,1
18,EEE,3,7.25,74.31,96,50,3,1,0,4,14,12,71,0,1,1
19,CSE,1,8.85,71.91,282,38,3,4,8,4,68,22,56,0,1,1
21,CSE,1,6.32,68.19,215,31,1,2,0,2,64,0,75,0,1,1
20,AIML,3,6.98,64.51,174,32,4,0,4,4,64,21,53,0,0,1
20,CSE,1,7.62,63.84,303,66,3,2,3,1,82,29,70,0,1,1
22,CSE,3,7.79,80.19,261,47,6,1,4,1,69,16,51,0,1,1
21,AIML,2,6.4,64.61,202,27,2,4,2,3,45,5,42,0,1,1
23,Chemical,2,7.38,59.77,121,19,4,0,5,1,22,21,65,1,0,1
20,Mechanical,1,8.58,78.32,222,55,7,2,1,4,32,15,57,1,1,1
21,IT,2,7.77,80.55,207,48,4,2,8,2,52,16,52,0,1,1
20,IT,3,7.63,78.86,172,56,2,0,5,7,64,14,39,0,0,1
21,Chemical,2,6.81,64.89,170,32,4,2,2,1,27,13,49,0,1,1
20,EEE,3,7.17,68.73,93,43,3,0,4,2,18,26,68,0,1,1
20,Civil,2,6.63,74.11,93,45,2,2,5,1,26,12,38,0,1,0
21,Civil,3,8.21,82.63,105,32,5,1,3,3,26,30,62,0,1,1
20,CSE,3,7.71,77.74,211,57,0,0,3,3,62,29,38,0,1,1
20,CSE,2,7.61,80.47,207,20,4,1,3,1,53,31,68,0,1,1
24,AIML,3,7.5,72.85,197,47,2,0,4,3,53,26,71,0,0,1
19,EEE,3,8.38,79.63,88,40,5,0,5,2,17,29,54,0,0,1
21,Civil,3,9.07,80.54,166,46,2,1,4,2,30,7,33,0,0,0
21,IT,1,7.82,67.33,268,52,7,2,2,1,75,26,55,0,1,1
20,Civil,3,7.42,61.4,132,57,4,4,1,0,17,16,65,0,1,1
21,EEE,3,7.69,68.6,273,45,1,1,4,0,40,16,41,0,1,0
19,EEE,3,8.59,72.32,166,44,6,4,4,3,30,22,41,1,1,1
22,Mechanical,3,8.01,84.95,160,34,4,0,4,2,21,19,58,0,1,1
20,ECE,1,8.09,75.06,337,25,5,3,3,3,50,15,44,0,1,1
20,Mechanical,3,8.01,69.74,130,35,4,3,3,2,36,4,34,0,0,1
20,Mechanical,2,7.85,73.77,147,50,4,2,1,1,27,12,44,0,1,1
23,EEE,3,6.16,71.15,91,38,3,2,2,3,15,25,46,1,1,1
22,CSE,2,8.41,73.83,326,43,3,0,5,2,75,12,43,0,1,0
24,ECE,2,6.82,67.76,149,33,3,0,2,0,22,19,43,1,0,1
22,EEE,3,7.28,70.47,79,54,2,2,3,0,26,14,46,0,1,1
22,Civil,2,6.84,73.35,135,45,5,1,0,2,19,25,42,0,0,1
21,CSE,2,7.28,72.04,215,44,6,1,2,4,70,31,54,0,1,1
23,CSE,1,7.95,72.14,344,27,3,1,3,4,77,30,72,0,1,1
21,IT,2,8.65,72.31,241,44,1,1,4,2,61,21,54,0,1,1
21,Mechanical,3,6.99,74.67,207,56,3,0,3,1,41,13,49,0,0,1
22,ECE,2,8.74,75.23,143,53,6,0,1,1,30,29,55,0,1,0
21,IT,1,6.39,74.39,233,9,6,0,2,3,63,16,69,0,1,1
19,Mechanical,2,6.45,81.63,80,36,3,0,2,1,17,8,26,0,0,1
21,ECE,2,6.78,63.85,155,47,3,1,4,2,20,5,27,0,1,1
20,EEE,2,8.15,74.35,113,39,6,1,3,2,22,23,66,0,1,1
23,ECE,2,6.71,60.26,112,40,2,1,4,2,27,23,54,0,1,1
21,Mechanical,1,6.69,69.71,157,66,1,0,1,0,23,10,53,0,1,1
23,CSE,3,8.88,91.62,231,29,3,1,7,1,61,20,54,0,1,1
21,CSE,3,7.24,77.31,245,22,4,1,5,4,50,35,46,0,1,1
22,Mechanical,2,8.76,73.36,133,39,3,2,3,1,22,20,71,1,1,1
20,CSE,2,8.38,80.02,280,27,4,3,6,3,81,29,51,0,1,1
24,IT,3,8.04,67.8,170,49,10,1,8,2,54,37,46,0,1,1
21,IT,3,8.42,69.03,257,50,9,0,7,5,51,9,51,0,1,1
20,EEE,2,7.27,77.85,116,38,2,1,4,0,27,30,66,0,1,1
20,Mechanical,2,6.52,68.67,154,32,5,3,2,2,28,14,56,1,1,1
20,Civil,3,7.79,73.37,132,43,0,0,1,3,31,16,55,0,0,1
21,AIML,1,7.45,73.5,270,40,3,2,4,3,68,28,61,0,1,1
22,CSE,2,8.01,73.84,216,33,4,3,1,4,62,27,45,0,1,1
24,Chemical,2,8.27,85.59,172,46,4,0,6,2,23,12,68,0,1,1
22,CSE,2,6.82,61.59,197,52,4,2,2,3,41,27,44,1,1,1
21,Mechanical,3,6.85,66.29,104,42,2,0,2,1,24,2,38,0,0,1
21,CSE,2,7.42,75.34,172,28,4,2,2,0,41,20,55,0,1,1
23,ECE,3,8.43,68.8,125,46,1,2,2,1,27,21,30,0,1,1
23,EEE,2,6.83,66.53,126,11,3,1,2,3,20,18,64,1,1,1
20,ECE,2,9.06,85.01,153,20,6,2,9,1,26,20,61,0,1,1
24,ECE,3,5.95,63.15,92,29,1,1,7,1,15,13,75,0,0,1
21,CSE,2,8.88,84.13,323,57,6,1,4,1,94,11,49,0,1,1
22,CSE,3,7.55,64.76,168,50,1,1,8,0,61,25,38,0,0,1
24,ECE,2,7.95,89.84,206,4,8,0,8,2,29,18,48,0,1,1
22,Civil,1,8.24,81.12,213,78,4,2,7,0,28,3,59,1,1,1
20,ECE,3,5.38,72.14,26,23,3,0,1,0,9,24,53,0,0,1
21,ECE,2,7.26,70.52,177,40,1,0,1,3,25,11,56,0,1,1
19,Chemical,3,7.23,73.19,213,35,2,0,4,2,26,8,50,1,1,1
22,IT,2,8.53,96.18,199,55,6,1,6,3,59,47,62,1,0,1
20,IT,2,7.43,66.13,180,27,3,0,4,3,67,26,50,0,1,1
22,CSE,3,8.56,73.44,282,26,8,1,8,5,77,26,55,1,1,1
23,Mechanical,2,9.05,76.63,204,79,4,2,1,3,36,30,46,0,1,1
20,CSE,1,8.25,77.6,272,47,7,2,6,1,75,18,56,0,1,1
21,CSE,2,7.66,79.34,230,31,5,0,6,3,60,15,62,1,1,1
22,CSE,3,6.48,74.22,164,36,3,1,1,3,60,28,66,0,0,1
21,CSE,1,8.3,69.02,262,70,2,2,5,3,78,16,74,1,1,1
20,ECE,3,7.09,78.09,80,54,6,1,4,3,16,16,49,0,0,1
18,CSE,3,8.55,82.7,179,59,8,4,9,2,66,17,35,0,1,0
21,IT,1,6.52,71.38,342,21,3,2,5,1,81,25,48,0,1,1
22,ECE,2,6.94,67.84,130,27,3,0,0,1,22,14,45,1,1,1
21,CSE,2,8.31,78.59,223,48,3,2,4,4,53,28,34,1,1,1
20,CSE,2,8.98,76.79,250,57,8,3,5,2,64,18,54,0,1,1
21,IT,3,7.99,75.23,195,67,7,2,4,3,54,23,55,0,1,1
21,EEE,3,8.46,77.21,117,39,2,0,3,2,28,27,46,0,0,1
20,EEE,3,7.53,67.98,98,45,2,2,2,3,15,18,48,0,1,1
22,CSE,2,8.98,78.99,294,59,2,3,4,5,77,20,65,0,1,1
20,CSE,2,7.74,82.26,198,44,6,2,3,5,64,14,68,1,1,1
21,CSE,2,7.97,80.27,306,57,4,2,2,4,70,27,44,0,1,0
24,Civil,3,7.57,72.88,81,76,1,0,1,1,27,21,42,0,0,0
21,Chemical,2,7.32,71.73,253,50,0,1,4,1,41,27,57,0,1,1
21,ECE,3,7.76,87.14,171,17,3,0,2,2,30,24,43,0,1,1
19,Civil,2,7.76,68.76,124,53,3,5,2,3,23,5,59,0,1,1
20,CSE,1,8.18,80.72,306,58,3,1,2,6,73,20,50,1,1,1
19,EEE,3,5.49,76.12,77,18,4,0,2,0,20,2,23,0,0,0
22,EEE,2,6.81,64.11,94,39,2,1,2,3,18,10,54,0,0,1
23,ECE,3,6.96,71.1,51,25,4,2,3,1,25,11,70,1,0,1
20,Mechanical,3,6.13,77.4,59,52,3,1,2,2,15,19,61,1,0,1
20,ECE,2,6.75,66.53,70,52,6,4,1,0,16,37,47,1,1,1
20,Civil,1,8.4,77.93,218,42,3,2,3,4,31,24,76,0,1,1
21,CSE,2,7.81,65.25,194,50,2,1,5,1,56,8,67,0,1,1
22,CSE,3,8.23,73.52,219,33,5,2,4,2,64,22,55,1,1,1
22,IT,3,8.17,85.93,232,22,2,1,4,5,51,26,56,0,1,1
23,CSE,3,8.24,67.67,213,54,7,1,5,5,61,13,65,0,1,1
20,CSE,3,7.43,62.36,194,22,3,1,4,1,66,4,49,1,1,1
22,CSE,3,8.54,77.08,203,32,5,1,4,1,56,23,40,0,1,0
21,ECE,2,7.06,76.33,91,35,3,1,4,3,24,18,59,1,0,1
20,Mechanical,2,8.65,74.26,155,41,2,1,1,2,31,16,51,0,1,1
23,ECE,2,8.3,74.41,463,16,5,0,5,2,49,13,71,0,1,1
19,IT,2,8.1,81.11,238,39,4,1,3,5,64,31,48,1,0,1
22,CSE,1,7.78,83.47,288,36,5,4,6,3,83,19,48,1,1,1
22,ECE,2,6.96,75.92,92,47,4,0,2,3,19,14,51,0,0,1
23,IT,3,7.39,80.29,171,58,3,2,6,3,45,0,40,0,1,1
21,AIML,1,6.5,70.59,300,45,2,2,4,1,91,13,69,0,1,1
20,ECE,2,8.42,72.58,166,34,1,0,3,3,32,16,57,0,1,1
23,CSE,2,7.13,62.4,269,46,4,1,4,1,77,13,36,1,1,1
22,IT,3,7.03,62.86,246,47,3,1,4,2,55,24,43,0,1,1
21,Chemical,2,5.98,68.27,70,28,2,0,2,0,3,18,45,0,0,1
22,EEE,2,6.64,80.35,79,27,2,1,1,2,8,15,51,0,0,1
20,Chemical,3,9.61,74.18,155,34,0,1,3,2,18,36,55,0,0,1
21,EEE,2,6.99,93.88,109,21,2,0,4,3,24,28,71,0,0,1
23,CSE,2,8.4,75.66,264,47,5,4,7,2,87,17,51,0,1,1
20,EEE,2,6.43,63.56,133,42,5,2,1,1,25,19,45,1,1,1
21,Civil,3,6.22,66.07,109,35,2,1,3,1,26,11,52,0,0,1
24,Civil,2,7.49,73.47,171,52,5,3,1,4,29,5,42,0,0,1
22,ECE,2,7.56,83.77,180,33,3,0,2,1,19,23,28,0,1,1
23,CSE,3,6.85,72.72,151,25,2,3,4,3,53,14,57,1,1,1
21,EEE,3,7.35,64.83,251,41,5,1,2,2,39,31,31,1,1,1
25,CSE,3,6.7,83.75,212,45,6,0,7,4,51,8,46,1,1,1
20,CSE,2,8.54,73.02,364,40,2,2,4,1,88,20,55,1,1,1
21,AIML,3,9.07,73.33,246,32,3,0,2,5,83,24,33,1,1,1
21,CSE,3,8.25,79.67,213,60,1,1,2,3,58,26,58,0,1,1
22,ECE,3,6.2,76.8,54,25,5,0,3,1,13,29,46,0,0,1
23,Chemical,3,7.74,81.52,133,56,4,2,5,2,25,24,75,0,1,1
22,EEE,2,7.01,60.2,123,46,6,0,4,0,20,28,57,0,1,1
22,Mechanical,2,7.01,83.83,146,32,2,0,5,1,36,19,49,0,1,1
21,Mechanical,1,8.36,69.41,185,37,4,0,3,2,39,24,60,1,1,1
21,AIML,2,7.6,78.75,249,41,5,2,9,3,77,28,72,1,1,1
21,EEE,2,7.6,77.55,94,9,4,5,3,0,28,7,64,0,1,1
18,Mechanical,3,7.39,77.87,112,62,3,3,4,1,16,12,44,0,0,0
21,IT,2,6.74,70.05,254,38,4,2,6,2,81,14,48,0,1,1
23,IT,3,6.49,78.85,329,44,6,1,0,0,77,14,61,0,1,1
22,Mechanical,2,7.26,73.47,124,21,3,1,2,3,31,12,71,1,1,1
22,Mechanical,3,7.19,82.81,72,60,2,0,1,2,19,25,53,0,0,1
21,IT,1,8.1,68.07,273,37,9,3,2,3,74,19,45,0,1,1
21,EEE,1,8.51,89.73,204,43,1,2,3,3,32,33,56,1,1,1
19,EEE,2,7.35,61.4,115,39,2,1,2,3,16,16,36,0,1,1
21,Chemical,3,7.5,86.05,190,28,3,1,0,2,28,13,66,0,1,1
21,Mechanical,2,8.28,73.01,149,36,6,1,5,1,30,26,55,0,1,1
20,CSE,3,7.14,75.87,211,52,5,0,3,4,60,23,38,0,1,0
19,EEE,1,8.12,72.91,157,55,4,1,3,0,30,12,65,1,0,1
22,Chemical,2,7.68,68.26,131,44,2,0,2,0,15,20,52,0,1,1
21,IT,3,7.08,69.73,183,24,2,1,5,2,52,22,73,1,1,1
21,Mechanical,2,6.42,76.3,102,27,1,3,8,2,22,21,53,1,0,1
20,ECE,1,6.95,75.13,251,40,2,2,1,2,40,12,69,0,1,0
21,ECE,3,8.23,85.28,121,48,1,1,2,0,28,23,61,0,1,1
21,EEE,1,6.38,74.41,129,44,4,1,3,4,27,30,53,0,1,1
21,ECE,3,8.86,81.12,121,33,2,1,3,0,30,22,48,0,0,1
21,IT,2,6.92,84.11,289,39,3,0,8,1,70,9,66,0,1,1
18,Mechanical,3,5.85,72.25,143,50,3,1,2,5,34,6,39,1,0,1
23,ECE,3,6.89,65.38,89,39,3,1,1,0,15,24,51,0,1,0
19,Chemical,2,5.58,59.45,79,40,1,2,0,1,13,8,36,0,0,1
21,CSE,3,5.9,82.06,126,18,6,0,3,3,32,26,58,0,0,1
20,Mechanical,3,7.43,73.36,111,49,2,0,1,1,24,21,57,0,0,1
21,CSE,3,6.02,69.87,151,29,2,1,1,3,59,27,56,1,1,1
20,Mechanical,3,6.06,65.48,40,6,3,1,1,1,18,23,62,1,0,1
23,Civil,3,7.4,62.89,109,73,0,0,7,2,27,22,47,0,0,1
21,Mechanical,1,7.81,88.97,227,47,4,1,3,1,30,16,51,0,0,1
22,EEE,2,7.92,66.86,101,61,4,2,4,2,23,22,69,0,1,1
20,CSE,2,7.7,67.9,334,52,6,4,7,4,87,8,32,0,1,1
18,Chemical,2,7.45,71.8,108,24,2,0,4,0,29,13,48,0,0,1
21,IT,2,7.98,72.45,205,37,3,1,4,1,63,11,33,0,1,1
21,CSE,2,8.27,72.57,234,45,1,1,6,5,77,22,74,1,1,1
21,CSE,2,7.55,79.18,178,80,12,1,3,2,66,17,49,0,1,1
24,Mechanical,2,7.93,83.39,106,47,6,1,7,2,19,11,57,0,1,1
22,Civil,1,5.53,67.54,156,12,0,1,2,2,29,15,44,0,0,1
25,Mechanical,1,7.38,75.88,170,27,7,2,2,0,23,21,60,0,1,1
20,ECE,2,8.72,71.65,108,66,2,1,4,4,20,24,28,0,1,1
22,EEE,3,6.87,76.31,88,31,6,0,3,0,12,20,32,0,0,1
21,Civil,2,7.93,73.72,120,34,2,0,2,1,21,17,65,0,0,1
21,EEE,3,7.55,71.77,135,41,4,0,3,1,23,23,30,0,1,1
25,IT,3,6.81,78.81,197,68,3,4,3,0,39,3,53,0,1,1
22,Chemical,3,7.73,64.95,166,44,3,0,6,4,33,28,51,0,0,1
23,Chemical,2,7.11,80.26,81,53,2,1,2,2,12,21,55,0,0,1
22,EEE,2,7.08,72.53,137,44,3,0,1,5,20,19,33,1,1,1
19,ECE,2,7.07,69.55,93,30,2,1,5,0,17,10,64,0,0,1
22,Chemical,2,6.76,84.22,87,32,2,4,2,1,11,15,35,1,0,0
21,Mechanical,2,6.65,77.17,97,44,3,1,3,1,24,11,57,0,0,1
23,CSE,2,7.08,61.05,249,1,7,1,6,3,72,37,51,0,1,1
22,Chemical,2,7.55,81.23,154,28,5,1,3,2,32,11,72,0,1,1
19,Mechanical,2,7.18,77.4,109,25,2,1,4,1,31,9,60,0,0,1
20,Mechanical,3,6.97,63.66,119,44,2,1,3,3,25,6,46,0,0,1
19,IT,2,9.68,80.74,309,44,1,3,10,1,77,25,54,0,1,1
21,CSE,2,8.11,81.9,387,37,2,0,6,3,97,20,57,1,1,1
19,AIML,2,6.09,56.97,149,34,1,0,3,3,64,21,64,0,1,1
22,IT,2,7.71,80.46,237,16,3,1,3,0,75,7,55,0,1,1
21,ECE,2,7.75,72.37,98,18,4,2,1,0,24,10,59,0,0,1
23,Mechanical,2,10.0,81.05,252,66,2,1,3,0,38,36,50,0,1,1
20,ECE,2,7.79,83.18,88,34,3,1,3,0,30,0,57,1,1,1
21,IT,3,9.14,74.18,227,28,5,0,6,4,56,30,50,0,1,1
19,AIML,3,7.01,64.99,169,42,5,2,3,3,51,23,58,0,1,1
23,Mechanical,3,6.69,76.65,66,32,3,1,3,2,17,17,43,0,0,0
20,Mechanical,2,6.52,71.85,149,51,1,0,2,0,20,18,51,0,0,1
19,IT,3,8.1,73.08,251,48,6,1,1,3,73,22,40,0,1,1
20,AIML,2,6.72,62.27,183,19,4,0,9,2,51,25,52,1,1,1
22,AIML,3,6.8,69.17,158,29,3,0,5,4,62,11,51,0,1,1
19,EEE,2,7.94,71.45,94,49,6,0,5,0,22,9,35,0,0,0
21,Mechanical,3,7.07,71.08,87,46,3,1,2,4,12,22,32,0,0,1
22,Mechanical,3,7.48,62.93,129,52,7,0,2,0,22,29,53,0,1,1
22,Civil,2,6.43,65.84,125,24,4,0,1,3,32,16,39,0,0,1
20,Mechanical,1,5.72,71.26,171,39,1,3,0,1,22,13,51,0,1,1
19,ECE,3,8.44,76.51,122,75,2,1,2,5,36,18,51,0,1,1
21,AIML,2,8.48,75.85,321,59,5,1,1,2,80,21,49,0,1,1
20,IT,2,7.29,66.7,301,47,3,2,7,2,81,23,53,0,1,1
22,AIML,2,7.59,67.88,267,36,5,2,2,4,71,28,43,0,1,1
21,CSE,3,6.55,69.03,180,46,4,0,10,2,57,8,53,0,1,1
21,CSE,3,7.13,72.63,232,18,7,1,6,3,69,15,39,0,0,1
19,CSE,2,9.56,74.74,234,55,6,4,6,5,59,32,73,0,1,1
21,CSE,3,8.87,79.69,263,36,2,0,8,1,66,21,66,1,1,1
20,Civil,2,7.74,76.04,193,34,2,0,5,2,30,16,70,0,0,1
22,ECE,2,5.88,61.63,113,40,1,0,1,2,22,10,45,0,0,0
19,IT,1,8.19,84.79,288,13,5,4,3,2,74,17,51,1,1,1
25,AIML,1,7.53,68.32,285,22,4,1,7,3,72,24,79,0,1,1
22,EEE,1,7.4,67.41,192,31,6,3,2,2,32,12,62,1,1,1
20,Chemical,3,7.35,69.1,62,5,1,1,1,2,16,12,57,0,0,1
18,IT,2,9.14,69.8,229,52,4,1,2,4,78,17,50,0,1,1
20,Civil,2,7.63,62.21,134,33,4,1,3,1,35,23,38,0,1,1
20,Chemical,3,8.2,83.7,118,53,6,0,2,1,21,16,75,0,1,1
20,Mechanical,1,8.11,82.37,173,47,5,3,3,4,30,29,42,1,1,1
23,EEE,2,7.84,68.99,176,38,4,0,1,2,37,24,46,0,0,1
21,IT,2,8.07,80.34,272,33,5,0,3,5,64,18,63,0,1,1
20,CSE,3,7.0,67.93,155,52,4,3,3,4,50,20,34,0,1,1
21,Mechanical,1,6.6,64.03,156,42,3,1,5,2,26,0,72,0,1,1
20,Chemical,2,8.86,76.62,138,63,3,1,4,3,21,31,58,1,1,1
25,Mechanical,2,6.21,68.07,86,30,4,1,2,0,12,7,58,0,0,1
19,CSE,3,7.6,81.25,285,34,4,0,4,0,80,30,45,0,1,1
22,CSE,1,9.3,63.16,316,44,8,1,7,4,72,23,49,0,1,1
22,IT,3,7.65,72.48,205,65,6,2,8,1,51,11,52,1,1,1
19,Chemical,2,8.01,91.47,120,68,3,3,3,0,33,21,63,0,0,1
20,CSE,2,8.02,59.99,212,47,2,2,2,1,56,28,63,0,1,1
21,IT,3,8.34,72.75,328,26,2,2,1,1,92,31,62,0,1,1
23,ECE,3,8.51,75.04,210,49,5,3,1,3,36,22,53,0,1,1
21,CSE,3,6.14,70.68,199,36,5,3,8,3,54,22,38,0,1,1
22,CSE,3,8.47,82.25,379,59,3,3,2,1,97,38,48,0,0,0
22,CSE,3,7.3,74.36,176,24,4,0,5,4,61,27,61,0,1,1
23,ECE,3,6.71,82.54,78,41,4,1,4,0,11,18,39,0,0,1
21,AIML,2,6.59,68.46,219,79,5,1,4,6,55,10,45,0,1,1
21,CSE,2,7.72,82.09,239,25,8,0,5,1,60,25,49,0,1,1
22,ECE,2,7.03,71.44,135,46,1,1,2,1,25,29,49,0,1,1
20,Mechanical,3,7.42,79.2,145,49,2,0,5,1,22,17,49,0,0,1
23,EEE,2,7.5,69.51,107,25,3,1,1,4,27,32,57,0,0,1
18,Mechanical,1,8.0,69.35,194,52,4,1,2,1,29,23,58,0,1,1
20,ECE,2,8.18,66.97,104,44,2,3,2,2,25,25,56,0,1,1
22,Mechanical,3,8.35,74.94,118,54,2,1,2,2,19,35,53,1,1,1
20,CSE,2,8.48,72.2,330,44,7,4,9,4,98,38,52,0,1,1
20,CSE,3,8.64,80.01,185,51,2,1,5,4,45,21,51,0,1,1
20,Mechanical,2,7.28,78.04,124,43,1,0,4,1,12,29,72,1,0,1
21,IT,2,6.88,79.23,261,33,5,0,6,2,65,7,52,1,0,1
23,AIML,3,7.28,79.05,329,36,1,0,6,2,77,10,47,0,1,1
19,CSE,1,7.33,81.13,242,38,6,0,1,5,77,25,40,0,1,1
19,Civil,2,6.38,75.22,72,29,3,0,3,3,26,5,57,0,0,0
21,Civil,3,7.13,64.93,94,33,5,1,5,1,22,2,33,1,0,1
24,CSE,2,8.08,77.83,202,25,5,3,6,4,51,21,59,0,1,1
20,IT,2,8.53,72.22,260,37,4,3,3,4,81,24,44,0,1,1
24,AIML,1,7.67,73.55,331,20,4,2,8,2,87,22,53,0,1,1
23,AIML,2,8.42,76.61,229,59,3,2,4,2,70,11,30,0,1,1
20,AIML,2,7.51,56.59,208,46,3,1,4,3,50,28,47,0,1,1
22,AIML,2,5.48,60.23,163,34,4,0,2,0,47,3,30,1,1,1
22,Mechanical,2,6.34,66.8,96,27,5,0,0,2,20,14,56,0,0,1
21,Chemical,3,7.7,55.07,106,29,7,1,2,2,18,9,46,1,0,1
21,CSE,2,5.96,78.24,199,25,1,2,2,1,48,9,49,0,1,1
22,IT,1,6.62,72.02,288,25,5,0,9,1,71,9,38,1,1,1
22,EEE,3,6.05,70.19,45,9,1,0,1,1,16,6,44,0,0,1
22,IT,3,7.17,80.1,227,38,5,0,2,2,74,12,39,0,1,0
25,CSE,1,7.95,80.44,305,34,2,1,3,1,77,2,43,0,1,1
21,CSE,2,6.05,74.36,156,32,2,1,4,2,46,14,48,0,0,1
22,EEE,2,8.14,83.23,174,31,3,1,8,3,17,12,59,0,1,1
23,CSE,3,7.36,75.65,180,21,0,2,5,4,49,16,76,1,1,1
20,CSE,3,6.23,72.2,184,32,2,0,4,2,66,15,42,0,1,1
19,Mechanical,3,7.38,76.76,151,12,5,2,2,3,33,17,44,0,0,1
21,IT,2,6.86,62.7,237,50,2,0,3,2,73,26,78,1,1,1
23,Civil,2,6.84,57.12,110,37,1,0,1,2,21,13,46,0,0,1
20,ECE,2,6.42,56.11,173,28,2,2,4,0,25,4,54,0,0,0
22,CSE,3,7.33,78.38,199,37,8,0,4,1,50,13,57,0,1,1
18,CSE,2,7.29,69.6,233,56,1,1,1,4,71,9,62,1,1,1
21,Civil,2,7.28,71.38,106,37,4,2,3,1,19,20,55,0,0,1
21,CSE,2,7.39,74.76,218,40,4,3,4,1,72,14,77,0,1,1
19,IT,3,7.55,84.1,187,31,2,2,2,5,59,27,55,0,1,1
23,IT,3,7.18,77.6,209,56,6,0,6,6,69,15,79,0,0,1
20,Chemical,2,5.81,70.0,92,35,4,0,2,1,20,18,56,0,0,1
23,Chemical,2,7.46,76.77,107,57,2,2,0,5,14,13,56,0,1,1
20,Mechanical,3,6.53,86.56,59,8,2,1,3,1,27,13,48,0,0,1
25,AIML,3,8.3,69.63,211,30,6,0,4,1,45,14,53,0,1,1
21,CSE,2,7.86,84.89,209,42,5,1,6,2,62,24,52,0,1,1
19,CSE,3,8.19,76.36,184,54,2,2,5,2,39,18,38,1,1,1
19,CSE,3,6.88,71.48,146,50,3,2,6,1,42,26,50,0,1,1
19,Chemical,1,8.51,81.6,271,46,2,1,2,1,39,20,71,0,1,1
21,EEE,2,6.55,58.06,73,23,4,1,4,2,13,31,50,0,0,1
22,CSE,1,7.73,67.26,342,30,4,4,7,3,91,17,61,1,1,1
21,Mechanical,3,6.57,73.78,95,52,3,1,0,1,12,31,54,0,0,1
21,CSE,3,7.85,78.34,166,49,3,0,5,3,57,29,51,0,1,1
21,ECE,1,9.21,83.48,229,63,5,1,6,2,25,20,49,1,1,1
21,CSE,2,7.8,79.94,204,67,6,3,7,1,61,15,52,0,1,1
22,ECE,3,6.08,83.5,127,0,4,0,4,1,15,23,33,0,0,0
21,AIML,3,6.77,67.17,267,22,7,1,6,4,76,10,61,0,1,1
22,CSE,2,10.0,84.73,290,39,7,2,8,4,84,13,68,1,1,1
25,Chemical,2,8.2,81.46,220,16,4,0,4,3,26,25,55,0,0,1
21,Civil,2,6.84,74.51,154,42,3,0,6,0,22,13,70,0,0,1
18,ECE,1,8.53,76.54,199,31,1,2,5,3,31,23,48,0,1,1
19,Mechanical,3,7.45,68.41,110,31,3,1,5,0,30,11,35,0,0,1
21,AIML,3,9.58,79.21,240,52,8,0,7,2,57,27,48,1,1,1
20,IT,2,7.56,83.27,248,40,5,2,2,6,73,20,52,1,1,1
24,AIML,3,7.13,88.18,212,57,1,0,9,2,71,9,53,1,0,1
22,CSE,2,7.44,61.61,199,45,3,4,4,4,53,31,87,0,1,1
21,ECE,3,7.02,72.59,49,9,5,1,3,1,23,17,44,0,0,1
22,Mechanical,3,6.74,59.1,243,26,0,1,3,3,41,11,54,0,0,1
20,Mechanical,1,6.79,66.65,153,25,1,1,4,0,18,9,67,1,0,1
22,ECE,3,6.94,73.87,60,62,4,4,3,1,8,21,56,0,1,1
18,ECE,3,8.0,67.3,146,62,5,1,1,2,28,15,72,1,1,1
21,EEE,2,7.28,70.16,90,37,3,2,3,2,16,17,69,0,1,1
24,Chemical,2,7.01,68.22,141,27,3,0,2,1,21,22,45,1,0,1
22,CSE,1,6.62,72.55,246,40,2,1,6,2,36,15,64,0,1,1
23,IT,3,7.95,72.48,191,49,7,2,4,1,55,9,48,0,1,1
21,Civil,2,8.87,86.57,162,47,3,0,4,3,31,27,60,0,1,1
23,ECE,2,6.78,71.24,109,3,7,2,2,0,23,24,52,0,0,1
21,Mechanical,2,6.96,66.12,241,30,3,2,5,2,39,24,54,1,0,1
21,ECE,2,6.72,60.48,156,28,1,0,3,1,20,12,52,1,0,1
19,Chemical,2,8.2,70.18,105,35,2,0,5,0,25,15,62,1,0,1
20,Civil,1,8.64,76.17,176,24,3,3,2,1,24,31,68,0,1,1
21,ECE,3,7.48,77.39,108,51,3,2,2,1,26,13,64,0,1,1
19,CSE,2,6.49,75.7,167,34,2,1,3,3,56,1,73,0,0,1
22,ECE,3,7.68,80.91,100,31,3,1,6,2,16,23,48,0,0,1
23,AIML,2,7.7,78.49,216,23,2,2,2,5,83,4,51,0,1,1
24,AIML,2,7.78,81.62,248,32,4,2,1,4,56,19,43,0,1,1
19,ECE,3,6.46,68.22,83,37,4,0,3,0,9,31,46,0,0,1
24,ECE,2,6.55,69.62,92,49,1,1,1,0,26,25,61,0,0,1
19,Civil,2,6.12,65.28,111,47,2,3,3,0,27,13,53,0,0,1
21,CSE,2,8.48,71.47,230,34,8,3,3,2,67,20,56,0,1,1
23,AIML,2,8.51,86.75,244,79,4,3,7,1,77,26,46,0,1,1
19,EEE,2,6.12,68.24,58,62,1,4,1,2,23,27,54,0,1,1
18,EEE,3,6.67,63.33,106,18,5,2,5,1,19,12,60,1,0,1
18,IT,1,7.08,66.57,308,23,2,2,7,3,71,13,72,1,1,1
21,CSE,3,8.12,90.63,186,42,6,1,2,5,55,13,64,1,1,1
22,AIML,1,7.82,76.74,297,57,2,1,2,4,74,14,87,0,1,1
19,Civil,2,8.81,81.39,127,66,6,2,4,2,19,23,66,0,1,1
19,AIML,3,7.1,68.93,158,43,4,1,6,4,54,16,55,0,0,1
21,ECE,3,6.21,54.23,117,42,2,0,4,1,31,8,62,0,0,1
20,Chemical,2,6.87,63.06,196,38,2,2,6,0,36,26,34,1,1,1
22,CSE,2,6.73,66.88,191,40,2,2,5,2,61,17,40,0,1,1
24,Civil,2,8.39,72.42,134,51,1,3,4,3,23,27,71,0,1,1
22,Mechanical,3,8.98,78.6,126,41,6,0,3,1,29,29,47,0,0,0
23,ECE,3,7.77,80.61,103,70,1,2,3,2,16,18,53,0,1,1
21,Chemical,3,6.76,71.7,111,50,5,0,2,0,28,17,58,0,0,1
23,CSE,2,7.72,77.56,198,52,3,1,4,0,57,18,54,0,1,1
20,Civil,2,6.11,75.84,117,29,0,0,3,1,22,4,49,0,0,1
19,CSE,3,7.18,82.99,194,30,5,1,5,4,69,6,48,0,1,1
22,IT,3,5.93,62.35,144,9,4,0,6,0,52,14,54,0,0,1
19,CSE,3,7.76,77.59,200,38,3,1,2,1,55,18,55,0,1,1
23,ECE,1,7.61,77.43,194,44,5,1,0,3,29,24,46,0,1,1
22,CSE,2,8.2,77.91,198,28,5,1,3,2,51,26,55,0,1,1
24,AIML,3,7.98,72.56,194,38,0,1,4,5,63,15,52,1,0,1
20,CSE,3,6.88,65.0,161,31,2,0,3,4,51,28,27,0,0,0
21,IT,3,8.21,74.94,363,54,2,2,5,3,90,21,49,0,1,1
22,CSE,3,6.34,71.81,165,42,6,0,4,1,59,21,47,0,1,1
20,Mechanical,2,9.74,88.44,166,43,4,1,1,4,21,25,51,1,1,1
21,EEE,2,6.36,69.13,123,28,5,0,7,2,34,27,54,1,0,1
22,EEE,2,8.13,67.6,181,38,3,1,4,2,32,41,71,0,1,1
25,Mechanical,1,8.81,70.95,179,34,2,1,3,2,25,31,37,0,1,1
22,CSE,3,7.5,65.44,186,33,2,3,0,3,55,10,62,1,1,1
19,AIML,2,6.62,70.33,199,38,2,2,9,5,58,14,41,0,1,1
21,Mechanical,2,6.84,62.03,97,16,4,1,6,1,16,33,76,0,1,1
21,ECE,2,6.63,65.49,81,41,1,1,1,2,14,14,79,0,0,1
20,EEE,3,7.35,84.53,64,27,1,0,2,3,22,13,45,0,0,1
21,CSE,3,8.02,74.22,268,25,7,0,3,1,69,20,55,0,1,0
20,IT,2,7.91,75.64,214,34,3,1,2,5,66,16,57,0,1,1
19,ECE,3,7.4,64.3,157,37,4,0,4,5,32,12,65,0,0,1
21,Mechanical,3,6.16,69.14,116,38,6,0,1,2,22,8,61,1,0,1
20,Civil,3,8.8,66.3,94,39,5,0,2,2,11,23,32,0,0,1
21,EEE,2,7.35,74.26,105,45,1,3,1,1,14,24,47,0,1,1
20,Mechanical,2,7.18,63.98,143,40,3,0,5,0,26,8,46,0,1,0
22,EEE,3,7.55,83.16,99,55,2,0,4,2,19,13,46,0,0,1
20,Civil,1,9.79,83.58,853,86,9,3,1,2,70,3,61,0,1,1
23,Mechanical,2,7.45,69.07,161,32,1,1,2,1,17,8,37,0,0,1
18,AIML,1,7.57,63.04,236,75,4,0,4,3,60,18,57,0,1,1
21,AIML,2,7.35,70.14,187,52,4,3,4,5,41,12,49,0,1,1
20,Civil,2,8.54,65.52,128,36,4,2,5,1,19,30,62,0,1,1
20,EEE,2,6.44,67.93,100,46,4,1,6,2,18,13,63,0,0,1
21,ECE,1,7.72,68.26,230,68,6,2,7,2,36,12,54,1,1,1
23,Mechanical,3,6.83,79.62,177,38,4,1,3,2,31,15,38,0,0,1
23,AIML,3,7.17,58.18,181,40,3,2,3,2,51,23,50,0,1,1
20,Mechanical,1,8.46,67.66,205,36,5,1,3,2,32,17,69,1,1,1
20,ECE,3,7.24,79.07,196,53,2,0,2,3,26,19,51,0,1,1
22,Civil,2,7.27,68.83,130,45,1,2,4,2,25,32,38,0,1,1
21,EEE,3,5.35,77.59,176,7,3,0,2,4,35,12,42,0,0,0
20,AIML,2,8.17,76.23,247,42,3,0,8,2,65,34,61,0,0,1
22,Chemical,3,5.97,70.54,113,30,4,1,0,2,24,15,40,0,0,1
21,IT,1,7.35,75.6,232,35,7,1,7,4,70,23,55,1,1,1
22,Mechanical,2,6.77,74.35,112,32,0,0,3,2,19,5,53,1,0,1
21,AIML,3,5.41,65.76,225,5,0,0,1,3,81,12,37,0,1,1
21,IT,3,7.47,72.67,159,67,4,0,3,3,58,26,47,0,1,1
20,Mechanical,2,7.14,81.29,108,35,1,0,3,0,21,3,39,0,0,1
22,Mechanical,2,7.94,70.13,168,63,2,0,4,2,33,19,64,1,1,1
20,Chemical,3,7.81,76.12,130,36,4,1,3,1,22,8,39,0,0,1
22,Mechanical,3,7.87,72.28,152,23,2,1,5,2,31,28,49,0,0,1
22,IT,3,7.78,79.34,273,43,2,1,5,0,78,30,40,1,0,1
22,Civil,2,7.92,84.25,230,55,3,1,2,1,31,29,45,0,1,1
18,Chemical,3,8.16,72.38,153,35,2,0,2,3,26,19,56,1,1,1
20,Chemical,3,7.65,67.56,80,56,4,2,3,2,15,21,47,0,0,1
21,Civil,2,7.68,69.28,165,35,3,0,1,3,27,24,58,1,1,1
21,Mechanical,2,7.36,79.95,113,24,7,0,4,3,23,30,62,0,0,1
23,Mechanical,2,7.72,76.42,133,45,1,1,2,0,28,10,66,0,0,1
21,EEE,2,7.94,74.85,142,61,3,0,2,0,26,11,63,0,1,1
23,IT,2,7.92,73.96,308,69,5,3,4,2,89,24,54,0,1,1
20,Mechanical,2,7.35,68.53,176,21,1,2,6,5,28,17,67,0,1,1
21,AIML,3,9.15,85.28,199,41,7,2,7,2,60,22,36,0,1,1
19,ECE,2,8.8,79.37,162,40,2,0,3,0,34,20,38,0,1,1
22,IT,3,6.65,83.74,173,29,3,1,3,3,36,7,43,0,0,1
20,CSE,2,7.49,73.75,212,42,7,1,7,5,73,8,53,0,1,1
20,Mechanical,3,8.72,79.7,146,76,1,2,1,3,27,5,43,0,1,1
22,ECE,3,6.6,67.85,105,64,5,1,3,3,17,17,33,0,1,1
21,ECE,3,6.3,65.62,43,68,3,1,4,2,27,10,48,1,0,1
18,ECE,2,9.77,80.78,144,67,2,2,4,2,24,26,56,0,1,1
18,Mechanical,2,7.09,81.01,148,36,1,1,3,1,24,23,58,0,0,1
21,CSE,3,5.63,64.73,226,13,7,1,2,2,68,7,49,0,0,1
20,ECE,3,6.65,67.86,86,9,1,0,0,3,18,3,47,0,0,1
20,AIML,2,7.14,62.82,196,51,4,0,4,1,52,21,53,0,1,1
21,Chemical,2,8.19,93.53,136,45,3,1,0,3,26,15,65,1,1,1
20,CSE,2,7.53,69.9,244,65,3,2,6,1,71,19,54,0,1,1
21,Chemical,3,6.15,59.66,93,29,2,0,2,4,22,8,35,0,0,1
21,CSE,3,4.85,66.75,192,43,3,0,3,3,46,3,56,0,0,1
20,CSE,2,7.91,77.04,185,57,1,1,10,2,64,15,47,0,1,1
20,Civil,3,7.4,79.19,141,6,2,1,4,4,27,3,38,1,0,1
20,EEE,3,8.37,78.12,180,49,3,2,4,2,23,29,30,0,1,1
18,IT,3,6.81,59.48,164,34,4,2,3,0,55,14,57,0,0,1
20,EEE,3,7.12,67.44,65,20,4,1,6,0,14,14,56,0,1,1
23,CSE,2,7.04,79.96,241,64,5,1,5,4,49,29,52,0,1,1
23,CSE,3,6.82,78.32,182,43,6,1,5,2,54,27,53,0,1,1
21,CSE,3,7.67,77.53,214,67,6,2,3,1,48,15,45,0,1,0
21,AIML,3,6.96,82.56,269,40,4,1,1,2,91,11,62,0,1,0
21,CSE,2,6.06,67.74,203,35,4,0,4,2,63,0,48,0,1,1
23,IT,3,8.46,85.17,173,50,8,2,3,4,50,13,43,0,1,1
20,Civil,1,7.93,72.31,186,45,1,3,1,1,23,10,61,0,1,1
20,IT,2,8.05,87.9,356,57,6,2,1,1,77,15,53,0,1,0
20,IT,2,8.61,73.96,266,50,5,4,7,5,65,27,50,0,1,1
19,CSE,3,7.17,64.76,259,18,2,1,5,0,78,24,30,0,1,1
20,Chemical,2,7.32,64.97,122,64,2,2,0,2,17,19,61,0,1,1
23,CSE,3,6.43,80.28,189,22,3,0,5,4,71,11,44,0,1,0
23,IT,3,8.07,86.33,189,39,1,0,0,3,59,24,42,0,0,1
19,Chemical,3,6.03,62.7,41,30,2,1,2,0,12,20,56,1,0,1
21,ECE,3,7.52,69.28,101,18,2,2,4,3,24,17,23,0,1,1
21,IT,1,8.19,59.41,284,41,6,2,5,4,71,25,48,0,1,1
21,Mechanical,1,6.62,62.51,137,27,5,1,4,3,26,0,56,0,1,1
21,CSE,2,8.54,75.39,256,52,5,1,8,3,69,30,60,0,1,1
18,IT,3,5.66,66.1,135,43,3,0,4,2,45,18,37,0,0,1
23,EEE,3,6.22,55.18,96,12,0,0,7,1,25,22,43,0,0,1
25,Chemical,2,7.47,63.59,88,31,2,4,3,0,17,13,45,0,1,1
22,Chemical,3,7.96,88.41,98,39,2,1,2,3,22,21,41,0,1,1
22,EEE,3,6.19,77.81,271,59,1,0,4,0,43,9,46,0,1,1
21,IT,3,7.96,76.42,173,38,2,1,5,3,45,13,59,0,1,1
20,ECE,1,8.44,78.16,204,14,7,2,1,2,34,26,63,1,1,1
20,Chemical,3,7.01,72.47,86,38,1,3,0,1,14,8,52,0,0,0
21,EEE,2,7.61,73.48,210,51,2,0,2,3,33,22,46,0,1,1
19,CSE,1,8.74,78.06,277,36,6,2,4,7,73,17,46,0,1,1
23,Chemical,1,9.05,67.95,265,36,7,1,4,1,34,20,65,0,1,1
21,Civil,2,7.06,70.79,110,33,2,0,3,1,32,17,68,0,1,1
21,AIML,2,6.79,57.57,267,39,4,0,2,1,79,15,59,0,1,0
20,EEE,2,7.36,72.11,146,33,3,0,3,1,26,27,58,0,1,1
24,Civil,2,6.58,73.98,138,49,3,0,1,2,33,20,36,0,0,1
20,AIML,2,8.56,73.44,238,43,3,0,3,2,69,26,57,0,1,1
20,Chemical,1,8.17,77.89,156,57,2,2,3,3,18,11,52,1,1,1
20,CSE,3,7.35,72.76,206,29,4,1,2,2,64,17,57,0,0,1
22,IT,3,8.3,79.66,323,60,3,0,5,0,70,20,35,0,1,1
25,Chemical,2,8.16,78.58,246,29,1,2,1,5,34,22,84,1,1,1
20,Chemical,3,8.18,70.19,139,51,8,0,2,3,18,32,56,0,1,1
23,CSE,3,7.82,65.04,195,39,4,1,4,1,51,8,56,0,0,1
20,Civil,2,8.7,68.38,146,27,5,0,4,3,28,27,46,1,1,1
22,Mechanical,3,6.19,63.37,104,39,7,1,3,3,23,19,45,0,0,1
19,Civil,1,8.19,81.86,278,53,4,1,2,4,37,10,63,1,1,1
21,ECE,2,8.84,83.33,150,45,6,1,5,4,19,28,80,0,1,1
22,Chemical,3,7.08,69.33,99,49,1,2,3,5,20,12,52,0,0,1
21,Mechanical,3,6.86,69.9,135,48,3,1,1,0,25,19,57,0,0,1
20,Mechanical,2,7.19,63.64,183,35,3,1,1,1,32,14,44,0,1,1
23,ECE,3,7.35,64.62,136,35,3,1,2,2,28,10,39,0,1,1
25,IT,3,8.27,79.35,174,61,7,4,7,2,63,22,46,0,1,1
21,AIML,3,7.35,70.5,155,29,4,1,6,3,64,13,35,1,1,1
22,CSE,1,8.71,75.52,292,79,4,4,3,1,68,18,54,0,1,1
22,Civil,1,8.16,80.77,183,37,5,1,6,4,24,21,48,0,1,1
20,EEE,2,8.3,79.63,122,66,3,2,2,1,26,11,49,1,1,1
23,ECE,1,7.79,73.31,274,34,4,4,2,3,42,23,42,0,1,1
20,IT,3,7.14,81.18,188,25,2,1,4,0,52,10,58,0,1,1
22,Mechanical,1,6.62,67.45,154,45,3,1,2,0,25,13,79,0,1,1
19,IT,3,5.28,60.17,203,21,3,0,5,2,59,13,48,0,0,1
20,Mechanical,2,7.17,64.08,150,6,3,0,7,3,32,11,52,0,1,1
21,CSE,1,5.6,76.33,205,41,4,3,1,3,71,8,42,0,1,1
21,AIML,2,7.42,69.31,254,47,2,2,3,1,59,12,32,0,0,1
23,AIML,3,7.91,75.42,203,20,1,4,4,1,56,27,62,1,0,1
25,CSE,1,7.77,87.98,273,26,4,2,5,3,67,19,62,1,1,1
19,EEE,3,4.95,60.28,102,23,1,0,1,2,22,6,46,1,0,1
20,Mechanical,2,7.14,73.65,144,32,3,2,4,1,32,22,50,1,0,1
21,IT,3,7.79,75.7,254,56,5,1,6,4,88,28,53,1,1,1
21,Mechanical,1,8.81,78.53,265,55,6,4,5,2,38,27,49,1,1,1
21,Chemical,3,7.78,81.31,145,37,4,1,4,3,24,16,29,0,0,1
23,Mechanical,2,7.48,76.6,98,26,5,2,3,2,15,7,35,0,0,0
22,Mechanical,3,7.73,76.05,209,23,3,2,4,2,31,25,54,1,1,1
18,ECE,3,8.9,90.22,130,60,3,2,9,2,17,32,65,1,1,1
21,ECE,2,7.5,63.65,88,25,4,3,3,0,17,6,51,0,0,1
21,AIML,1,6.47,62.39,312,31,5,2,5,0,76,10,59,0,1,1
21,AIML,2,7.08,72.21,193,37,5,1,3,3,55,19,32,0,1,1
20,CSE,2,6.85,75.57,271,18,3,0,1,1,74,20,71,0,1,1
21,ECE,3,6.34,70.0,86,37,1,0,2,2,22,7,52,0,0,1
21,AIML,2,6.88,67.39,241,48,2,2,5,6,74,21,57,0,1,1
20,ECE,2,9.83,90.3,233,53,5,1,3,3,29,27,53,0,1,1
22,Mechanical,2,6.61,76.83,111,18,1,0,2,2,22,25,49,0,0,1
20,IT,3,6.9,67.88,172,46,2,1,3,2,66,20,43,0,1,1
21,IT,1,10.0,93.48,295,46,3,2,6,3,80,37,45,1,1,1
21,ECE,2,7.96,72.56,101,31,2,2,2,2,18,28,56,0,1,1
23,ECE,2,7.77,72.95,133,70,3,1,4,1,24,18,45,0,1,1
19,AIML,2,7.93,64.66,198,19,6,2,5,4,51,8,50,1,1,0
19,EEE,2,7.63,76.26,161,25,2,1,3,0,25,21,42,0,1,1
20,CSE,2,7.07,86.11,173,42,6,1,4,3,60,24,46,0,1,1
21,ECE,3,7.59,87.5,96,39,7,1,6,3,17,31,49,1,0,0
20,EEE,2,7.93,72.89,103,45,3,0,6,2,25,13,50,0,1,1
22,ECE,3,5.88,65.04,87,33,2,0,0,0,14,17,68,0,0,1
20,Chemical,2,7.08,72.8,153,36,3,1,2,5,27,17,60,0,0,1
19,CSE,3,5.87,78.78,161,44,2,0,2,1,61,13,73,0,1,1
21,ECE,3,6.55,72.4,104,45,2,0,2,0,32,20,40,1,0,1
22,AIML,3,7.76,80.42,213,39,7,0,4,2,57,27,53,0,1,1
23,Civil,1,7.35,78.39,150,36,3,5,2,4,23,11,54,0,1,1
22,CSE,2,7.26,81.17,198,43,4,0,2,5,62,12,56,1,1,1
21,ECE,2,5.15,72.51,236,24,2,0,1,0,29,5,60,0,0,1
22,ECE,1,6.57,66.55,126,51,2,1,3,4,23,3,57,0,1,1
22,Civil,3,6.33,71.34,60,46,5,0,6,2,19,7,43,0,0,1
20,ECE,3,5.86,65.61,141,37,4,0,2,1,28,13,48,0,0,1
21,ECE,3,7.48,80.48,101,58,4,0,3,1,18,23,63,0,1,1
22,EEE,2,7.54,77.75,110,47,2,1,1,0,22,21,56,0,1,1
20,Mechanical,3,8.03,79.62,161,45,5,1,3,1,30,28,71,1,1,1
22,CSE,3,8.43,79.53,202,46,6,1,6,1,64,7,57,1,1,1
21,AIML,3,8.52,66.62,174,49,5,2,6,3,57,22,47,0,1,1
21,AIML,3,7.65,78.39,187,61,7,2,6,4,46,5,49,0,1,1
19,IT,2,7.66,65.66,191,45,5,3,4,2,51,14,53,0,1,1
22,EEE,2,7.74,67.71,142,25,3,1,2,0,27,15,61,0,1,1
23,Civil,1,6.89,79.93,230,28,1,3,1,2,25,14,65,1,1,1
20,ECE,1,7.98,72.83,285,56,8,2,2,3,37,15,76,1,1,1
21,CSE,2,7.06,63.0,173,28,7,1,2,3,56,0,34,0,1,1
19,ECE,1,6.7,67.11,153,38,6,3,4,1,26,11,67,0,1,1
18,ECE,3,5.82,73.85,58,38,1,0,6,1,17,11,56,1,0,1
25,EEE,3,5.29,63.62,92,29,4,0,1,0,27,0,56,0,0,1
21,EEE,3,7.13,80.61,103,36,2,0,2,4,21,12,39,0,0,1
21,EEE,1,9.54,79.32,1168,95,13,2,4,2,99,19,59,0,1,1
20,Chemical,2,6.86,78.98,158,45,1,3,1,2,22,11,67,0,0,1
25,CSE,3,6.37,74.94,153,20,6,1,3,0,59,27,45,0,0,1
20,Mechanical,3,6.87,63.09,79,42,3,0,2,2,19,13,48,0,0,1
22,Civil,3,6.42,68.71,112,7,5,2,2,1,14,2,66,0,0,1
20,AIML,3,7.43,76.84,198,30,1,0,3,3,59,12,37,0,0,1
19,Mechanical,1,8.38,71.2,208,46,3,2,2,2,31,15,74,0,1,1
22,CSE,3,6.93,75.77,223,35,5,1,4,2,66,28,31,0,1,1
18,ECE,2,8.43,84.43,130,55,6,2,4,2,24,27,42,0,1,1
22,IT,2,6.84,64.0,283,12,5,0,4,3,72,7,57,0,1,1
20,AIML,2,5.86,56.09,169,20,1,1,1,3,44,9,67,0,1,1
22,EEE,3,8.51,77.9,118,32,7,0,2,2,38,24,39,1,0,1
22,IT,2,5.76,85.53,148,43,3,2,1,0,60,23,49,0,1,1
22,CSE,2,7.02,72.11,188,26,11,0,3,5,65,15,68,1,1,0
18,EEE,3,8.02,66.74,126,41,6,1,6,1,30,19,52,0,1,1
22,ECE,2,8.55,81.27,183,49,2,2,3,1,27,27,44,1,1,1
25,CSE,3,7.21,75.38,198,31,8,2,1,2,66,17,32,0,1,0
20,Civil,3,6.86,75.99,69,43,4,1,5,2,21,8,57,0,0,1
20,Chemical,1,9.53,95.83,221,44,8,2,4,2,36,25,57,0,1,1
22,IT,2,8.28,68.01,202,21,4,0,6,3,73,26,45,0,1,1
20,Chemical,1,8.66,83.02,224,34,7,2,2,3,35,15,50,0,1,1
22,Chemical,3,7.75,74.68,113,17,3,0,5,3,17,1,50,0,0,1
22,ECE,3,7.86,78.11,167,44,4,2,7,3,27,18,68,0,1,1
19,Chemical,2,7.72,69.99,102,40,4,2,2,3,25,27,66,0,0,1
21,Mechanical,3,7.24,63.4,168,35,5,0,2,1,27,9,62,0,0,1
21,Civil,2,5.92,80.56,59,37,2,1,3,2,14,0,55,0,0,1
20,CSE,2,6.36,82.95,220,41,1,1,3,1,56,15,60,0,1,1
23,Mechanical,3,7.93,89.01,207,29,3,1,3,0,32,20,42,0,0,1
20,AIML,3,8.37,71.65,192,49,7,1,6,0,62,11,47,1,1,1
21,Mechanical,2,7.65,73.46,123,27,3,1,1,2,23,7,38,1,1,1
23,AIML,3,6.41,79.09,144,12,7,1,3,2,49,21,55,0,0,1
20,Mechanical,2,7.67,73.49,108,56,4,1,3,0,16,31,60,0,0,1
23,Civil,2,7.82,70.26,92,40,3,3,4,0,17,16,51,0,1,1
19,ECE,1,6.13,72.56,129,38,5,0,5,1,24,16,72,0,1,1
21,ECE,2,8.78,69.47,130,32,1,3,3,5,29,18,44,0,1,1
19,CSE,2,8.23,63.64,316,49,8,2,5,8,76,25,50,0,1,1
22,AIML,3,6.45,87.09,150,30,2,1,3,0,58,14,54,0,1,1
22,Chemical,2,7.43,71.69,181,39,2,1,3,1,35,5,49,0,0,1
23,Mechanical,3,7.07,78.37,73,59,4,1,1,2,19,14,61,0,0,1
25,Mechanical,2,8.59,75.59,143,22,2,2,4,0,32,23,49,0,0,1
22,Mechanical,2,7.02,74.14,125,44,1,1,3,0,23,26,48,0,0,1
22,EEE,2,6.48,71.14,134,49,3,2,5,0,29,8,64,1,1,1
21,ECE,3,7.25,62.73,62,45,3,1,2,2,20,18,54,0,0,1
23,IT,2,6.61,66.95,172,48,9,3,3,5,56,6,48,0,1,1
22,CSE,2,8.32,81.68,276,35,4,1,4,4,79,0,70,1,1,1
23,Mechanical,2,7.42,76.05,109,39,2,1,3,0,20,19,50,0,0,1
20,Civil,3,6.34,70.17,143,44,3,1,0,0,17,9,40,0,0,1
21,IT,3,6.72,57.24,176,28,8,0,4,4,55,21,37,0,1,1
22,ECE,3,6.95,75.84,180,18,2,0,3,2,28,23,74,0,0,1
20,EEE,2,7.22,69.92,258,69,1,2,4,3,30,16,43,0,1,1
20,EEE,3,5.94,64.72,162,39,2,0,5,3,33,8,56,0,1,1
25,EEE,2,6.5,64.98,112,44,0,2,3,2,20,19,80,0,1,1
21,CSE,2,7.71,75.27,209,42,3,2,5,6,62,18,56,0,1,1
20,Mechanical,2,8.57,76.67,161,54,3,0,4,1,23,22,48,1,1,1
20,Mechanical,3,6.89,69.26,63,30,1,0,5,2,17,26,32,1,0,1
21,CSE,3,7.41,83.17,286,41,1,1,4,0,74,22,50,0,1,1
22,EEE,3,9.32,80.07,112,53,6,3,7,4,23,30,53,0,1,1
24,IT,1,7.94,65.19,293,48,4,3,6,3,80,22,53,1,1,1
25,Civil,2,5.83,64.2,191,25,4,1,4,1,31,18,41,0,0,1
22,Chemical,1,8.21,77.77,220,41,1,1,3,1,35,33,50,1,1,1
22,EEE,3,7.52,78.75,86,49,1,0,2,2,16,27,31,0,0,1
20,IT,1,7.36,66.61,270,43,3,1,4,2,66,23,56,1,1,1
23,Chemical,3,6.37,63.44,78,45,2,1,5,2,29,12,37,1,0,1
20,AIML,2,8.18,79.59,235,29,3,0,6,3,48,23,28,0,1,1
19,ECE,2,5.17,67.1,129,34,2,0,3,1,28,17,47,0,0,1
25,IT,3,6.97,74.89,222,24,0,2,3,2,64,33,37,0,0,0
23,CSE,3,7.03,67.73,147,56,1,1,2,2,51,0,50,0,1,1
20,Civil,3,6.73,77.36,142,36,7,3,5,2,21,23,53,0,0,1
22,AIML,2,7.39,79.06,195,39,3,0,1,3,62,30,60,0,1,1
21,Mechanical,2,6.42,74.96,63,36,1,1,1,1,5,14,65,0,0,1
20,Mechanical,2,7.95,72.23,177,48,1,1,4,1,26,33,68,0,1,1
20,EEE,3,9.82,78.06,180,66,5,2,6,2,30,39,56,0,1,1
20,CSE,2,6.72,70.2,163,51,2,2,7,1,42,15,58,0,1,1
21,IT,3,7.69,62.23,192,19,6,0,2,2,40,17,55,0,1,1
21,Chemical,3,7.47,71.03,92,37,2,0,3,2,23,11,38,1,0,1
21,IT,2,7.67,80.57,197,35,5,2,9,1,62,26,51,0,1,1
20,CSE,1,7.35,67.57,282,30,5,2,3,1,63,5,63,1,1,1
24,Mechanical,2,7.5,86.58,153,24,3,2,1,2,24,18,46,0,1,1
22,Mechanical,2,7.68,65.6,151,42,4,0,4,0,26,23,49,0,1,1
23,EEE,1,8.43,70.16,198,29,2,0,3,0,33,10,59,0,1,1
19,IT,2,8.12,70.97,216,56,8,0,3,0,68,19,46,0,1,1
22,IT,2,8.59,81.31,358,37,6,1,6,3,77,33,48,0,1,1
23,AIML,2,6.87,69.36,245,41,3,0,3,1,63,11,51,0,1,1
20,EEE,2,7.65,65.71,99,31,1,0,6,3,24,15,70,0,1,1
20,Chemical,1,7.62,77.89,159,30,5,5,2,4,30,25,64,1,1,1
20,Mechanical,3,8.07,77.47,122,38,2,0,2,2,16,27,32,0,0,0
20,EEE,3,6.02,63.68,75,19,2,0,6,0,19,0,61,0,0,1
21,ECE,2,8.43,88.88,203,60,3,2,3,2,30,23,62,0,1,1
20,Mechanical,2,7.77,79.78,144,46,2,1,2,4,16,18,54,0,0,1
20,ECE,3,8.37,80.6,117,55,7,3,2,3,20,26,43,0,1,1
22,Civil,2,7.54,69.75,136,36,4,1,3,3,24,31,61,1,0,1
19,EEE,3,7.2,65.65,119,52,4,0,3,3,11,13,67,0,0,1
20,AIML,3,6.79,81.64,219,43,4,1,4,1,55,30,32,0,0,1
22,ECE,3,7.0,66.01,93,26,3,0,3,2,22,10,54,0,1,1
20,AIML,1,6.02,72.78,269,33,1,1,1,3,68,6,62,0,1,1
20,ECE,2,7.36,79.89,87,49,2,3,7,3,15,17,49,0,0,1
20,Mechanical,2,7.05,62.57,108,31,2,0,3,1,25,5,44,0,1,0
18,Mechanical,1,7.83,73.42,179,51,1,0,3,2,29,20,72,0,1,1
21,AIML,3,6.75,64.64,185,17,1,0,7,6,49,9,64,0,1,1
19,Mechanical,3,7.65,76.89,86,39,4,1,4,5,12,22,55,0,0,1
20,CSE,3,7.23,67.24,196,33,6,2,2,1,54,4,58,1,1,0
25,EEE,2,5.94,62.66,102,50,0,1,3,1,20,12,58,0,1,1
23,IT,1,7.79,65.52,258,30,3,5,7,3,90,13,62,1,1,1
20,EEE,2,8.2,75.54,116,45,9,0,6,1,28,25,54,0,1,1
20,Civil,3,8.11,63.95,101,62,3,1,4,0,17,22,46,0,0,1
21,CSE,2,6.74,81.81,184,39,7,1,6,3,72,0,56,0,1,1
23,Mechanical,3,6.07,67.76,132,21,3,0,2,0,21,2,49,0,0,1
22,Mechanical,3,8.27,82.03,170,54,3,1,3,2,28,25,33,0,1,1
19,Mechanical,2,7.85,74.35,214,66,5,1,1,1,37,26,70,0,1,1
19,Chemical,3,6.52,72.82,92,35,5,1,3,1,15,16,46,1,0,1
21,ECE,2,6.79,62.42,162,57,2,1,1,2,26,26,57,0,0,1
23,CSE,2,7.52,77.61,229,48,7,3,4,3,55,12,44,0,1,1
23,Mechanical,2,8.23,67.74,169,70,5,1,1,1,24,19,37,0,1,1
19,ECE,1,7.46,83.16,365,47,2,2,4,1,47,12,68,0,1,1
21,Mechanical,3,6.08,65.59,67,60,1,2,0,1,17,11,62,1,0,1
20,Mechanical,3,5.73,72.9,38,24,1,0,0,2,15,14,50,0,0,1
22,Mechanical,3,6.65,62.4,107,37,3,0,4,3,15,18,65,0,0,1
23,IT,2,6.79,76.66,184,23,5,1,7,2,69,20,66,0,1,1
21,ECE,3,6.4,58.39,65,44,4,1,2,1,9,12,58,0,0,1
19,Civil,3,8.55,65.86,93,49,1,2,5,1,24,9,33,1,1,1
21,ECE,2,6.16,76.72,91,41,1,0,4,1,15,19,38,0,1,1
21,EEE,2,6.87,78.27,107,44,1,1,2,3,20,23,55,0,1,1
22,Mechanical,3,9.17,75.89,207,57,3,1,4,2,30,18,56,0,0,1
20,CSE,3,6.66,68.48,186,46,3,0,1,3,53,10,70,0,1,1
23,Mechanical,3,7.33,72.24,80,52,3,1,3,3,17,20,52,1,0,1
20,CSE,3,8.55,79.07,218,52,3,2,5,2,64,20,55,0,1,1
20,Chemical,2,7.4,80.32,122,43,2,0,4,0,32,21,66,0,1,1
20,ECE,3,7.68,71.92,125,31,8,1,1,4,20,22,31,1,1,1
19,CSE,2,6.93,60.97,187,51,5,3,5,2,60,13,47,0,1,1
20,Mechanical,2,6.76,70.77,89,25,5,0,4,3,16,25,54,0,0,1
22,Civil,2,6.13,64.19,156,30,4,2,4,1,16,0,53,0,0,1
20,AIML,3,7.17,81.77,238,39,1,1,5,1,73,11,45,0,1,1
19,CSE,3,7.67,71.63,179,24,1,2,1,4,58,21,71,0,0,1
20,ECE,2,9.15,87.36,154,34,3,2,1,3,37,23,50,0,1,1
19,EEE,3,6.89,71.51,89,27,3,0,3,0,25,10,52,0,0,1
23,CSE,2,8.51,72.44,372,53,5,1,6,4,89,32,59,0,1,1
24,ECE,2,8.29,84.5,105,50,2,0,1,1,15,4,53,0,1,1
19,ECE,2,6.87,66.27,114,29,2,2,3,0,29,39,51,0,1,1
22,Civil,1,7.77,74.6,214,60,2,4,6,2,32,17,52,1,1,1
22,Mechanical,2,7.53,71.4,104,36,4,3,7,0,30,13,45,0,0,1
25,CSE,3,6.17,63.8,211,52,4,0,1,0,66,28,53,0,1,1
20,Mechanical,3,7.14,74.73,226,34,2,0,3,3,34,21,53,0,0,1
20,ECE,3,6.63,66.77,62,26,3,1,4,3,10,17,21,0,1,1
21,ECE,2,7.3,67.25,229,74,3,1,5,1,31,10,39,0,1,1
23,CSE,3,7.21,71.54,144,12,4,2,3,2,52,5,40,0,1,1
22,Mechanical,3,7.31,68.83,105,43,2,1,7,4,18,25,36,1,0,1
21,Civil,1,7.24,69.99,218,29,2,4,1,3,34,30,62,0,1,1
20,AIML,2,6.6,69.81,300,19,5,0,6,0,90,9,35,0,1,1
22,CSE,2,5.99,73.01,182,31,6,0,3,3,60,18,54,1,1,0
23,EEE,3,8.14,72.48,161,65,5,0,5,0,19,20,45,1,1,1
21,Chemical,2,7.52,64.64,124,48,3,2,1,0,20,12,49,0,0,1
22,Mechanical,3,8.22,79.51,159,24,5,1,4,1,31,36,59,0,0,1
21,AIML,1,7.61,69.79,296,26,5,2,6,3,70,21,61,1,1,1
21,Civil,2,7.48,76.0,154,33,6,2,2,1,26,11,42,0,0,1
21,ECE,2,7.26,80.6,110,26,4,0,0,2,31,23,42,0,1,1
22,ECE,2,7.18,72.26,79,56,4,1,4,0,20,11,34,0,1,1
25,CSE,3,7.55,67.63,249,48,3,2,5,3,71,27,86,0,1,1
21,CSE,3,7.09,70.73,193,32,2,0,3,4,51,24,29,0,0,0
20,EEE,3,8.16,70.31,139,43,1,0,3,3,22,19,54,1,1,1
21,Mechanical,1,8.93,72.44,269,37,8,2,2,2,32,29,72,0,1,1
20,Mechanical,3,8.45,73.96,115,39,2,0,3,3,21,23,53,1,0,1
20,Chemical,3,8.66,68.7,211,31,0,1,5,0,37,39,44,1,0,1
19,ECE,3,6.37,62.42,61,35,2,0,4,2,15,10,65,0,0,1
21,EEE,2,8.52,81.55,176,41,8,2,3,3,25,15,40,1,1,1
20,EEE,3,7.42,74.28,96,40,4,1,2,1,30,23,55,0,0,1
20,IT,2,7.59,75.95,229,55,7,1,5,3,63,12,42,0,1,1
22,CSE,1,7.14,77.38,239,36,2,2,5,1,73,27,59,0,1,1
20,Civil,3,7.03,59.19,87,6,3,0,1,2,26,24,52,0,0,1
21,CSE,2,5.63,65.31,176,52,6,1,3,1,65,12,56,0,1,1
23,Chemical,2,7.97,85.53,122,46,2,3,2,2,16,20,55,0,1,1
21,Civil,3,7.18,84.35,91,22,2,1,7,1,24,0,55,0,0,1
20,CSE,3,6.91,66.8,159,35,4,2,3,6,44,12,30,1,1,1
20,CSE,2,8.63,70.89,271,59,4,0,5,0,67,16,62,0,1,1
21,Mechanical,2,7.51,59.1,203,36,3,1,4,3,37,25,39,0,0,1
21,ECE,3,6.56,67.52,91,34,3,0,3,1,23,11,52,0,1,1
20,EEE,2,7.48,77.38,94,38,1,3,2,1,13,20,54,0,1,1
21,AIML,2,8.96,84.34,208,70,9,1,5,3,67,18,52,0,1,1
21,Civil,2,7.39,63.87,98,71,5,1,2,0,17,22,44,0,1,1
20,ECE,2,8.19,74.22,114,57,4,1,1,3,27,16,51,0,1,1
21,ECE,2,6.89,67.68,120,59,4,0,3,2,24,19,49,0,0,1
19,Chemical,2,7.92,67.16,168,23,2,2,5,4,28,34,49,0,1,1
20,Mechanical,2,7.68,69.61,89,36,0,1,3,1,16,29,58,0,1,1
22,Mechanical,3,7.35,78.75,164,28,3,1,2,2,25,8,49,0,0,1
20,Civil,2,7.08,75.36,99,47,4,3,3,1,33,21,56,0,1,1
21,Chemical,2,7.26,75.06,92,54,2,1,2,0,22,15,53,0,0,0
21,Mechanical,3,5.75,77.07,40,27,2,0,2,2,10,0,54,0,0,1
20,Mechanical,3,5.98,67.66,121,27,5,1,2,0,27,1,46,0,0,1
23,CSE,2,6.18,68.07,164,33,3,0,4,1,70,12,54,1,1,1
20,Civil,3,6.05,71.71,73,22,2,1,2,3,21,3,41,0,0,1
20,Civil,1,7.51,66.34,316,18,1,3,3,2,42,24,61,1,1,1
23,EEE,3,6.92,77.28,88,49,3,0,2,0,22,20,48,0,0,1
22,EEE,3,6.45,74.24,84,27,3,1,2,0,14,6,22,0,0,0
22,EEE,2,8.52,79.2,134,43,2,0,4,2,30,21,53,0,0,1
19,ECE,3,7.12,67.16,115,47,1,0,1,3,25,12,53,0,0,0
20,CSE,2,8.25,80.5,251,31,4,3,6,6,55,30,57,0,1,1
22,EEE,1,6.49,82.12,228,58,2,0,2,0,34,12,80,0,1,1
20,IT,1,8.1,78.97,306,50,5,1,4,5,80,16,65,0,1,1
20,ECE,1,8.58,72.87,279,38,4,1,4,4,37,36,72,1,1,1
22,Civil,3,7.68,86.33,159,56,5,2,1,1,21,14,35,0,0,1
20,CSE,3,6.97,74.73,163,58,5,1,3,3,61,19,37,0,0,1
19,Chemical,1,7.5,85.5,195,17,3,3,1,2,22,11,54,0,1,1
19,ECE,2,7.78,67.53,105,0,2,0,2,3,20,24,60,0,1,1
21,Chemical,3,7.39,68.32,131,37,3,1,4,1,31,17,63,1,0,1
21,AIML,2,8.42,81.94,189,46,4,1,2,2,73,13,53,0,1,1
23,CSE,3,6.55,51.92,323,38,3,1,2,0,90,27,64,0,1,1
19,EEE,2,8.31,89.31,124,65,4,0,4,5,21,17,59,0,1,1
20,ECE,1,8.0,84.01,177,47,4,2,3,2,36,14,52,1,1,1
21,Mechanical,2,7.66,69.19,144,38,4,3,4,2,21,18,45,0,0,1
21,EEE,3,7.19,81.1,65,50,4,2,2,2,15,19,48,0,1,1
21,ECE,3,8.25,76.33,94,64,5,1,3,1,20,16,46,0,1,0
24,Civil,3,6.59,69.0,84,12,1,1,5,1,22,20,29,0,0,1
21,IT,2,6.52,63.61,162,50,4,3,2,6,77,22,56,1,1,1
21,AIML,2,7.52,80.8,199,36,3,0,8,1,76,28,39,1,1,1
25,Mechanical,3,6.76,76.03,45,50,3,0,1,4,17,4,54,0,0,1
19,IT,2,7.74,76.33,272,31,4,0,10,5,74,26,43,0,1,1
24,ECE,2,9.11,70.72,262,38,2,0,9,2,35,27,42,0,1,1
21,EEE,2,7.56,77.42,213,51,2,1,3,1,33,17,46,0,1,1
21,AIML,3,7.51,80.58,193,55,5,2,4,3,66,3,41,1,1,1
24,IT,2,8.84,90.2,266,67,6,2,9,5,75,34,57,1,1,1
21,CSE,2,7.82,73.69,270,22,2,1,3,2,69,17,74,0,0,1
21,AIML,3,8.25,72.44,183,50,4,2,7,6,56,5,54,1,1,1
20,IT,3,7.11,65.12,205,49,2,1,5,5,60,15,45,0,1,1
22,CSE,1,7.7,75.06,283,21,3,1,4,3,69,14,60,0,1,1
21,Civil,2,6.93,77.78,91,16,3,1,4,0,17,30,69,0,1,1
20,Civil,2,7.88,88.69,146,46,3,0,4,4,24,34,35,0,1,1
22,CSE,2,7.9,78.59,190,45,5,1,2,4,45,24,45,1,1,1
22,EEE,2,8.1,85.05,120,47,2,0,1,1,28,3,41,1,1,1
21,ECE,2,7.86,75.99,166,37,4,3,1,1,13,18,54,1,1,1
18,CSE,2,7.38,78.42,200,32,3,2,6,2,53,22,55,0,1,1
21,CSE,3,7.81,71.05,207,66,5,0,5,2,54,20,48,0,0,1
18,EEE,3,8.6,79.25,143,42,3,1,2,2,20,14,49,1,0,1
19,CSE,3,7.46,66.66,213,42,5,0,7,2,74,7,46,0,1,1
21,Civil,2,6.37,77.86,118,19,4,1,4,1,17,0,28,0,0,1
19,Mechanical,3,6.51,85.57,79,48,2,0,2,1,22,8,54,0,0,1
20,Mechanical,3,7.55,75.22,271,41,3,1,3,1,34,28,41,0,0,1
22,Civil,2,6.76,68.55,94,43,3,2,6,1,29,12,48,1,1,1
20,CSE,2,7.07,99.71,312,57,6,0,2,5,81,12,29,1,1,1
25,EEE,2,7.05,80.59,165,37,3,2,5,3,16,7,50,0,1,1
23,AIML,3,7.69,85.13,177,74,7,2,6,1,52,28,44,1,1,1
21,ECE,2,8.85,81.09,149,68,7,1,2,1,30,22,27,0,1,1
24,IT,1,6.48,63.57,252,33,6,3,3,0,73,10,40,0,1,1
23,CSE,1,8.62,76.11,258,38,6,4,7,1,83,19,53,0,1,1
20,Mechanical,2,8.33,77.26,126,32,1,2,5,1,22,23,72,0,1,1
22,IT,1,7.98,75.29,396,35,3,2,2,3,92,15,65,0,1,1
20,CSE,3,7.17,65.3,176,19,6,1,6,3,63,32,55,0,1,1
22,Civil,1,8.4,76.69,230,58,2,0,1,0,25,24,69,0,1,1
21,CSE,2,7.55,66.06,231,50,4,1,2,1,51,22,65,0,1,1
18,AIML,3,7.21,63.69,230,40,2,1,0,1,72,20,41,1,1,1
20,CSE,3,5.81,63.09,126,41,1,0,6,3,39,16,43,0,0,1
24,ECE,3,7.74,72.7,129,41,2,2,4,1,27,25,48,1,1,1
20,Civil,3,8.54,75.71,175,41,1,1,4,1,24,23,49,0,1,1
20,Civil,2,6.31,69.21,66,43,1,2,2,2,10,14,68,0,0,1
20,Mechanical,1,7.0,84.97,168,31,2,2,1,1,25,7,40,0,1,1
21,ECE,3,6.95,71.27,62,52,1,0,5,2,7,5,46,1,1,1
23,Civil,2,7.26,60.22,168,41,5,3,2,3,36,12,49,0,0,1
22,Mechanical,1,7.14,70.3,160,67,3,2,4,1,29,4,48,0,0,1
21,Civil,3,8.43,74.96,120,50,7,0,4,4,21,4,56,0,0,1
20,AIML,1,9.44,64.07,316,40,8,1,4,2,72,29,65,1,1,0
19,EEE,2,7.69,74.17,236,44,3,0,1,3,30,18,50,0,1,1
21,CSE,3,6.78,67.45,150,41,7,0,2,2,56,33,59,1,1,1
22,ECE,2,7.63,73.35,157,40,4,4,3,2,24,17,49,0,1,0
22,Civil,1,6.79,72.79,149,47,3,0,1,2,30,13,49,0,1,1
21,Mechanical,3,7.17,71.38,95,55,1,1,3,1,22,29,41,1,0,1
21,Mechanical,2,7.96,74.05,106,46,5,2,4,1,22,36,46,0,1,1
21,IT,3,7.9,71.02,237,55,9,0,3,3,58,15,48,1,1,1
21,IT,1,8.22,79.58,269,46,8,2,6,5,80,30,62,0,1,1
21,Chemical,2,7.1,69.22,115,29,2,0,3,4,24,13,48,0,0,0
22,AIML,3,7.46,77.64,255,16,5,1,4,1,64,23,31,0,1,1
21,CSE,1,7.45,65.47,247,62,3,2,5,2,83,15,56,0,1,1
24,IT,3,8.09,72.27,195,65,5,5,7,4,52,12,62,1,1,1
21,Mechanical,3,7.7,77.33,180,30,4,0,3,1,24,31,52,0,0,1
18,ECE,1,9.16,70.75,243,28,5,3,4,3,34,19,39,0,1,1
20,CSE,2,7.78,70.3,212,38,4,0,5,4,54,13,63,0,1,1
21,EEE,1,7.02,75.64,187,36,2,1,6,2,29,19,69,0,1,1
21,Mechanical,3,6.32,64.24,122,18,4,0,1,1,28,12,49,0,0,1
21,EEE,1,10.0,81.72,1059,77,9,2,1,1,86,5,46,0,1,1
22,CSE,2,5.52,67.13,205,46,3,2,3,4,56,14,23,0,1,1
20,CSE,3,7.0,69.65,181,39,4,2,4,1,41,9,70,0,0,1
22,IT,2,7.0,75.88,225,27,2,0,2,0,68,14,58,0,0,0
22,IT,3,6.66,71.2,151,42,3,2,2,3,45,30,38,0,0,1
21,CSE,2,7.62,74.01,208,36,3,2,5,2,64,9,57,0,0,1
21,Civil,1,6.87,70.04,227,24,3,5,1,1,38,18,50,1,1,1
20,Chemical,2,6.15,68.05,65,11,6,2,3,0,16,12,58,0,0,1
21,CSE,2,7.91,67.39,225,51,6,2,2,3,47,16,70,0,1,1
22,ECE,2,7.18,76.91,134,21,2,1,3,1,25,13,67,0,1,1
23,ECE,2,7.78,70.08,149,46,2,2,3,3,21,42,45,0,1,1
21,IT,3,7.49,80.26,254,67,2,0,4,3,74,25,47,0,1,0
20,EEE,3,7.8,67.81,128,53,2,1,3,6,20,7,64,0,0,1
22,ECE,2,7.68,82.15,144,43,4,2,3,3,24,21,63,0,1,1
22,ECE,2,7.99,69.6,136,62,2,0,7,1,31,12,58,0,1,1
20,CSE,3,8.78,82.67,230,64,0,2,4,3,54,24,43,0,1,0
23,Mechanical,2,7.78,71.43,102,65,3,2,4,4,22,25,50,0,1,1
19,EEE,2,7.97,76.17,169,35,4,1,3,1,18,20,53,0,0,1
18,CSE,2,7.59,69.55,170,28,1,4,2,2,49,36,47,0,1,0
19,IT,3,5.74,62.27,166,10,1,0,4,4,56,16,42,0,0,1
20,AIML,2,7.38,70.51,238,51,2,0,4,3,72,7,48,0,1,1
23,IT,2,8.64,81.53,334,62,7,2,5,4,100,14,54,0,1,1
21,CSE,3,7.76,78.72,315,10,5,3,5,3,82,17,30,0,1,0
20,EEE,3,6.94,75.35,122,52,2,0,5,1,19,14,69,0,0,1
21,EEE,3,7.66,75.57,96,47,4,1,1,3,22,30,75,0,0,1
21,EEE,2,6.55,84.8,112,25,3,0,1,2,16,22,61,0,1,1
20,IT,3,7.93,69.1,216,56,5,1,1,5,59,12,41,0,1,1
20,Mechanical,3,6.93,70.74,169,41,4,0,4,4,21,18,39,0,0,1
22,Civil,3,7.49,56.24,88,48,3,1,3,3,16,17,42,0,0,1
20,IT,3,6.48,73.06,180,21,1,2,4,3,53,9,37,1,1,1
22,ECE,2,7.68,67.83,105,29,5,2,4,5,22,15,33,0,0,1
20,Civil,2,5.46,66.6,112,28,5,1,1,2,9,6,50,0,0,1
22,EEE,2,7.13,67.16,109,35,2,1,1,3,26,16,84,0,0,1
22,ECE,3,6.7,69.72,50,32,2,1,0,2,12,13,55,0,0,1
19,Mechanical,3,6.73,71.96,70,54,4,0,2,1,20,17,48,1,0,1
19,IT,3,4.42,58.64,252,27,3,1,0,3,61,9,24,0,0,1
24,CSE,2,6.91,73.71,182,28,4,1,5,4,81,17,55,0,0,1
21,Mechanical,2,7.72,71.15,126,43,2,0,2,3,27,19,56,0,0,1
22,EEE,2,6.74,66.45,155,61,1,2,5,2,26,16,54,0,1,1
18,ECE,3,7.74,78.68,65,33,2,2,5,0,20,21,48,1,1,1
20,CSE,3,8.11,76.89,172,27,4,4,5,5,53,17,58,0,1,1
21,Chemical,3,7.6,61.62,112,38,6,0,4,0,19,8,50,0,0,1
23,Mechanical,3,7.67,71.7,227,33,1,0,5,5,34,4,50,0,0,1
20,IT,1,9.54,67.29,1059,99,14,4,4,3,69,26,53,0,1,1
22,AIML,1,8.21,84.91,270,44,5,1,3,0,79,29,48,1,1,1
22,ECE,2,6.92,66.45,78,43,2,1,0,2,21,9,55,0,1,1
19,CSE,3,6.61,66.21,156,30,2,0,5,2,49,8,74,0,1,1
20,ECE,1,7.04,72.25,174,30,1,3,2,3,28,17,41,0,1,1
20,Chemical,2,8.06,78.69,191,43,2,1,4,3,19,33,63,1,1,1
21,Mechanical,3,6.62,65.92,87,18,3,1,6,2,17,20,55,0,0,1
22,Chemical,2,7.24,73.68,90,50,1,1,1,1,19,16,24,0,0,1
21,IT,3,6.98,73.62,275,74,3,0,5,1,75,17,55,0,1,1
20,CSE,2,7.64,62.52,286,37,2,1,7,1,70,18,61,0,1,1
22,Chemical,3,7.87,77.83,199,62,3,1,2,0,29,19,37,0,0,1
21,Civil,3,7.87,71.13,113,59,3,1,2,2,10,17,58,0,1,1
21,ECE,3,5.82,60.11,35,35,0,0,1,1,21,11,54,0,0,1
21,AIML,2,7.78,86.76,340,23,5,1,1,3,75,22,60,0,1,0
20,Mechanical,2,7.45,67.3,153,22,1,2,2,2,25,8,55,0,1,1
22,CSE,3,7.49,78.62,222,24,4,0,5,4,67,18,51,1,0,1
21,Civil,2,7.2,75.74,147,19,4,0,4,0,31,16,57,0,0,1
21,Mechanical,2,6.81,59.82,103,22,1,0,4,3,16,27,38,0,0,1
20,CSE,3,8.16,70.39,225,26,3,1,4,0,61,12,34,0,0,1
21,CSE,3,7.17,64.8,165,34,5,1,6,0,74,31,54,0,1,0
21,CSE,3,8.38,82.47,303,66,5,3,4,3,82,20,45,0,1,1
20,Mechanical,3,7.31,78.26,63,23,2,0,2,0,20,12,43,0,0,1
23,CSE,3,7.33,83.87,261,33,7,2,3,3,51,5,36,0,1,0
23,ECE,3,6.75,64.29,69,31,2,0,7,4,13,17,49,0,0,1
19,IT,3,7.33,89.15,233,31,6,1,3,4,78,8,62,0,1,1
22,ECE,1,8.52,83.15,250,41,2,0,2,1,29,11,40,0,1,1
21,Mechanical,2,7.38,84.5,168,48,2,0,4,1,20,27,34,0,0,1
25,AIML,1,7.92,75.85,301,34,4,2,2,3,77,26,54,1,1,1
20,AIML,2,8.88,75.97,284,38,2,4,6,4,89,33,44,0,1,1
20,IT,3,6.32,63.88,154,37,0,1,4,0,64,3,56,1,1,1
21,Chemical,3,6.55,79.21,135,42,1,0,1,3,18,16,44,0,0,0
20,ECE,1,8.0,74.26,208,46,2,3,3,2,28,27,50,0,1,1
22,AIML,3,5.89,67.58,142,22,3,1,3,4,44,9,46,0,0,1
21,ECE,2,7.93,82.75,156,23,4,1,5,4,28,14,53,0,1,1
20,CSE,3,6.67,76.58,164,15,3,0,2,1,49,17,35,0,0,1
21,Mechanical,3,6.96,70.45,126,24,2,1,1,2,28,17,56,1,0,1
23,IT,2,8.22,76.88,227,51,3,2,2,3,65,21,54,0,1,1
22,Chemical,2,6.43,72.18,104,42,4,0,1,2,31,13,55,0,0,0
21,EEE,2,5.8,68.68,143,32,2,0,2,1,27,20,37,0,0,1
20,EEE,2,5.7,76.06,101,25,2,2,2,0,22,16,51,0,1,1
20,AIML,3,7.59,77.59,282,30,5,0,7,1,68,24,47,0,0,1
23,CSE,2,8.21,73.78,191,31,5,1,3,1,56,35,48,0,1,1
22,CSE,2,6.59,79.72,218,32,8,1,4,8,67,33,71,0,1,1
21,Civil,2,8.4,72.31,105,46,5,2,5,1,24,32,53,0,1,1
23,Chemical,1,7.69,73.61,155,43,3,1,4,4,25,23,56,1,1,1
19,AIML,2,7.53,72.19,172,34,3,1,6,1,55,20,57,0,1,1
22,Chemical,2,8.28,73.47,239,41,6,2,3,0,37,26,51,1,1,1
20,EEE,3,5.83,66.2,79,32,2,0,0,2,20,0,39,0,0,1
19,Mechanical,3,7.89,81.66,74,43,2,0,4,1,16,31,47,0,0,1
21,Chemical,2,5.92,69.16,109,25,1,0,1,3,30,14,51,0,1,1
21,Chemical,3,5.95,80.76,122,31,1,1,2,0,22,15,58,0,0,1
24,ECE,2,6.24,66.19,142,56,2,1,4,1,26,9,43,0,0,0
20,ECE,2,7.98,71.17,93,24,2,1,1,4,30,14,43,0,1,1
22,Mechanical,2,8.03,66.41,191,54,5,0,3,1,20,27,57,0,1,1
22,AIML,2,8.21,66.97,298,46,3,4,5,3,64,18,58,0,1,1
22,IT,3,7.27,67.73,268,35,4,0,2,1,56,27,57,0,0,1
24,Civil,2,7.13,67.0,107,37,2,0,3,2,28,9,54,0,0,1
21,CSE,1,8.12,71.8,323,26,4,3,2,1,77,13,67,1,1,1
21,ECE,2,7.32,74.31,83,22,3,0,5,0,23,10,65,1,0,1
20,IT,1,7.87,69.33,338,41,5,2,2,2,88,9,62,0,1,1
20,EEE,3,7.23,84.52,177,63,0,0,2,0,29,25,49,0,1,1
23,CSE,2,7.39,72.77,174,28,2,1,2,2,60,17,49,1,1,1
21,Chemical,1,9.42,85.61,343,50,3,4,2,1,43,20,63,1,1,1
20,Mechanical,2,8.21,69.97,146,56,5,3,2,1,21,29,56,1,1,1
20,CSE,2,7.85,72.21,204,28,1,1,8,2,60,8,46,1,0,1
21,IT,3,6.97,74.24,179,29,6,2,3,3,51,22,44,0,1,1
22,CSE,3,7.34,76.25,226,38,0,2,9,1,73,15,51,0,1,1
20,CSE,3,8.13,82.02,204,40,7,5,2,1,60,23,22,0,1,1
22,ECE,2,7.6,65.04,112,51,4,0,3,3,24,21,61,1,0,1
22,IT,3,6.95,90.47,155,57,8,2,4,3,40,24,39,1,0,1
22,ECE,1,6.28,81.12,129,19,4,1,3,2,26,18,52,0,1,1
20,AIML,2,7.13,74.23,197,34,7,5,6,2,61,22,53,1,1,1
22,IT,3,7.87,77.45,179,55,6,2,3,2,52,25,49,0,1,1
20,Chemical,2,6.37,71.75,69,61,3,0,3,0,14,6,66,0,0,1
21,Civil,3,8.54,70.47,126,59,2,0,2,2,20,13,60,1,0,1
22,CSE,3,7.5,64.33,246,40,5,2,5,0,73,4,48,0,1,1
22,EEE,2,8.63,69.47,118,58,3,2,6,3,27,15,48,0,1,1
20,CSE,3,7.22,64.07,218,36,11,1,7,2,64,20,34,0,0,1
23,Mechanical,3,5.42,79.01,56,42,2,0,4,2,25,2,49,0,0,1
19,Civil,3,6.95,68.71,132,36,1,0,2,2,36,26,67,0,1,1
21,EEE,2,6.87,79.59,131,31,3,0,1,1,24,5,44,1,1,1
25,Mechanical,3,6.56,69.16,64,40,3,3,0,1,23,20,51,0,0,1
21,Civil,2,7.84,74.1,158,36,0,3,3,2,29,17,60,1,1,1
22,CSE,1,6.91,70.33,283,52,5,1,5,2,81,14,73,0,1,1
21,Mechanical,2,6.21,65.69,151,49,2,1,2,1,30,6,55,0,1,1
22,CSE,2,6.89,84.18,202,40,6,1,2,2,65,31,58,0,1,1
22,CSE,2,8.13,76.83,300,52,9,2,8,0,77,9,63,0,1,1
22,EEE,3,7.05,82.25,104,41,2,1,2,5,17,19,48,0,0,1
20,AIML,2,6.65,72.8,168,18,3,1,7,1,71,7,73,0,1,1
22,CSE,1,7.32,83.25,361,50,2,2,5,2,85,20,45,0,1,1
20,CSE,2,8.34,77.27,214,23,3,1,2,5,64,18,42,0,0,1
25,Chemical,3,7.68,72.6,122,57,2,1,6,1,28,24,48,0,0,1
20,AIML,2,7.87,64.79,200,40,5,0,5,0,44,24,79,1,1,1
20,IT,3,7.67,79.64,172,28,7,0,8,4,57,20,42,0,0,0
23,AIML,1,6.26,80.69,284,33,4,0,6,2,84,19,74,0,1,1
20,Chemical,2,7.31,80.27,88,51,2,0,1,2,21,4,59,0,1,1
21,CSE,3,8.12,72.92,209,59,4,2,3,3,56,14,41,0,1,1
22,ECE,3,5.4,72.8,70,42,2,1,2,1,23,2,50,0,0,1
20,ECE,3,5.61,60.45,166,19,4,1,1,2,23,0,57,0,0,1
20,Mechanical,1,6.74,64.43,167,23,3,3,4,0,30,19,53,1,1,0
21,Civil,1,7.02,67.57,191,33,5,0,5,0,22,23,65,1,0,1
20,CSE,2,7.44,69.0,234,38,2,0,8,2,71,25,54,0,1,1
20,CSE,3,6.15,73.77,238,32,7,2,5,1,65,10,50,0,0,1
18,IT,1,8.08,81.61,272,25,6,4,5,2,72,29,68,1,1,1
21,IT,3,9.15,76.37,283,50,5,2,4,6,79,29,31,0,0,0
20,Civil,3,6.77,82.77,55,44,3,1,2,1,15,24,37,0,0,1
19,AIML,3,6.06,65.78,136,25,5,1,2,2,57,12,44,0,0,1
22,Civil,2,7.04,80.69,124,38,4,1,3,3,22,9,57,0,1,1
22,CSE,1,8.12,73.39,294,58,4,2,8,2,76,22,51,0,1,0
19,CSE,2,7.54,74.19,235,23,5,2,4,5,74,17,48,0,0,1
20,Mechanical,2,8.03,76.18,150,48,1,1,4,3,25,19,54,0,1,1
23,Mechanical,3,7.02,78.32,127,13,4,1,2,1,23,24,39,0,0,1
21,CSE,3,7.54,72.7,191,24,3,0,5,1,54,15,70,0,0,1
21,Chemical,2,9.59,68.92,272,75,6,1,2,3,21,41,58,0,1,1
21,CSE,3,6.92,77.51,200,27,1,2,2,3,57,15,41,1,1,1
20,Civil,3,7.25,73.14,73,41,6,0,0,4,17,24,43,0,0,1
22,CSE,2,7.79,87.11,206,23,3,3,5,3,63,11,53,1,1,1
23,CSE,2,9.53,71.43,238,48,7,3,6,4,69,16,89,0,1,1
23,Civil,3,7.99,74.1,133,48,3,1,2,1,30,13,59,0,0,1
20,CSE,3,7.35,62.23,157,48,3,3,1,1,65,9,45,0,1,1
20,ECE,3,6.87,72.68,119,43,4,0,2,3,25,7,62,0,1,1
20,Civil,3,8.4,77.6,93,43,5,1,5,1,29,29,57,0,0,1
20,CSE,2,7.33,83.28,236,50,4,2,6,2,59,29,64,0,1,1
20,Mechanical,3,8.55,80.76,175,49,3,3,2,1,29,29,31,0,0,1
22,ECE,1,7.43,70.23,223,18,1,4,3,1,32,18,50,0,1,1
20,AIML,3,6.75,72.22,162,32,5,0,5,1,35,24,40,1,0,0
23,CSE,2,6.17,76.61,309,19,4,2,4,1,74,12,62,0,1,1
19,AIML,2,7.84,62.78,220,28,4,0,5,1,59,16,40,0,1,1
18,ECE,3,5.72,72.08,33,29,3,0,2,5,16,0,22,0,0,1
23,IT,1,8.72,72.9,370,35,4,3,2,5,86,12,62,0,1,1
22,Mechanical,2,6.19,67.24,95,39,1,0,4,2,15,13,60,0,0,1
21,IT,2,5.86,68.87,178,39,3,2,6,3,64,13,36,0,1,1
21,IT,1,7.62,63.75,261,8,0,0,3,3,69,27,67,0,1,1
20,Mechanical,2,8.22,65.75,138,57,2,0,2,1,25,26,51,1,1,1
20,ECE,2,7.31,77.94,180,38,9,0,1,1,25,24,46,0,1,1
21,Chemical,3,7.91,72.33,166,48,2,1,7,0,26,19,68,1,1,1
21,EEE,2,7.68,74.3,179,54,3,1,3,2,29,18,68,1,1,1
21,Chemical,1,8.24,77.94,252,29,4,2,2,4,33,16,52,1,1,1
20,Civil,2,8.75,69.29,166,48,5,0,4,0,27,25,38,0,0,1
22,IT,3,6.66,66.1,167,43,6,1,2,4,48,7,41,0,0,1
22,EEE,2,7.54,67.85,111,42,1,1,0,2,23,25,56,0,1,1
20,CSE,2,5.75,52.11,163,51,0,0,5,1,48,3,56,0,0,1
19,ECE,3,8.42,75.56,150,35,3,1,1,10,26,24,43,0,1,1
21,ECE,3,6.97,71.15,89,37,3,2,3,1,22,12,58,0,0,1
22,ECE,1,7.71,77.98,201,41,2,1,2,2,44,21,54,0,1,1
22,CSE,2,7.13,75.29,236,60,5,0,1,2,78,16,37,0,1,1
22,Civil,2,6.83,59.72,112,42,4,3,4,0,23,9,60,0,1,1
21,CSE,3,7.9,63.29,221,43,5,2,9,3,52,3,55,1,1,1
20,Mechanical,2,7.89,70.9,99,70,2,0,1,5,17,15,69,1,1,1
21,Chemical,3,6.79,73.18,139,47,2,1,0,3,24,17,50,0,0,1
20,CSE,2,8.88,74.8,207,41,3,1,8,1,54,19,76,1,0,1
22,ECE,2,8.14,70.56,117,43,2,1,5,3,28,26,58,0,1,1
20,EEE,3,8.63,86.83,104,58,2,2,5,2,22,17,38,0,1,1
20,Chemical,2,5.82,72.65,63,19,4,0,4,2,10,10,67,0,0,1
21,Civil,2,6.88,76.95,147,48,4,0,3,2,31,15,28,0,0,1
21,IT,3,8.09,78.3,204,60,7,3,2,2,72,17,72,0,1,1
21,Chemical,2,6.37,62.63,95,41,1,1,5,4,22,16,68,0,0,1
21,IT,1,7.31,78.51,273,32,5,3,2,2,77,15,43,1,1,1
23,IT,2,6.54,88.57,180,30,6,0,3,2,59,2,64,0,1,1
23,ECE,3,7.6,78.58,78,49,5,1,2,5,21,21,27,1,0,0
23,Mechanical,3,6.97,71.6,125,43,3,0,2,1,22,11,47,0,0,1
22,CSE,3,6.41,59.74,143,65,6,3,3,3,60,13,55,0,0,1
22,Mechanical,3,8.74,72.67,91,38,4,1,1,2,24,11,49,0,1,1
21,CSE,2,7.97,80.37,275,52,5,0,5,4,77,14,59,0,1,0
21,AIML,3,7.8,79.5,220,39,3,0,6,3,58,31,28,0,1,1
20,Chemical,2,7.59,67.05,229,10,2,1,2,6,29,16,66,0,1,1
21,EEE,1,8.4,80.24,187,62,2,1,2,3,31,28,31,1,1,1
18,ECE,3,7.74,68.01,112,39,4,0,0,4,18,18,52,1,0,1
18,Mechanical,2,5.88,74.85,99,48,2,0,2,1,12,12,47,0,0,1
23,ECE,3,8.94,82.85,123,60,2,1,4,2,13,19,46,0,1,1
19,CSE,3,8.8,85.0,184,59,1,1,4,2,63,31,62,0,1,1
21,ECE,2,7.07,69.18,185,33,1,0,2,2,28,6,37,0,1,1
21,Chemical,1,6.3,75.23,189,26,3,0,3,0,23,28,63,0,0,1
20,AIML,3,6.39,71.24,153,62,1,2,4,3,46,26,49,1,1,1
23,CSE,3,6.41,73.3,309,39,2,1,4,0,93,31,53,0,0,1
20,Mechanical,2,7.72,75.15,238,69,3,1,3,1,22,9,66,0,1,1
23,ECE,2,7.12,66.72,142,39,5,3,2,3,20,10,81,0,0,1
22,IT,3,6.8,74.04,149,42,5,1,2,6,48,15,54,0,1,1
20,ECE,2,8.0,78.77,206,52,4,3,2,1,31,21,60,0,1,1
20,Chemical,1,7.62,66.67,168,57,4,2,3,3,26,11,72,0,1,1
20,AIML,2,8.29,80.51,378,16,1,1,5,6,100,13,63,0,1,1
21,AIML,1,7.68,78.2,275,37,3,1,6,3,77,14,41,0,1,0
20,ECE,3,8.77,73.32,107,56,5,1,4,3,22,20,49,0,1,1
25,ECE,2,9.38,81.88,243,72,3,1,5,1,33,17,38,1,1,1
20,CSE,3,7.53,69.8,166,53,5,1,6,2,59,19,67,1,1,1
23,EEE,3,7.06,76.7,89,33,1,3,5,0,23,15,58,0,1,1
20,EEE,2,7.43,67.55,213,47,4,1,5,0,38,20,57,0,1,1
25,EEE,1,8.63,86.89,238,83,1,0,4,1,27,18,58,0,1,1
20,IT,2,8.22,85.21,321,49,4,1,5,4,92,23,51,0,1,1
21,AIML,2,5.86,74.48,202,29,5,0,3,2,45,9,36,1,1,1
21,IT,1,8.2,89.9,264,56,2,2,3,4,81,35,57,0,1,1
19,Civil,3,7.0,82.4,139,36,3,0,6,2,26,21,39,1,0,1
22,EEE,3,7.57,80.77,168,45,1,0,0,0,26,31,48,0,0,1
20,IT,2,7.48,84.88,246,48,1,1,3,3,81,24,62,0,1,1
21,EEE,1,7.39,72.79,155,33,4,1,2,0,17,20,67,0,1,1
21,IT,1,6.31,66.33,222,27,1,1,1,4,59,18,68,1,1,1
21,Civil,3,5.98,76.01,131,57,2,0,8,1,24,19,56,1,1,1
19,Mechanical,3,7.09,71.94,59,25,2,0,3,1,18,24,56,0,0,1
20,CSE,2,7.37,80.02,273,28,3,0,4,1,75,13,57,0,1,1
20,CSE,2,7.43,68.37,178,42,3,1,3,4,63,29,49,0,1,1
20,CSE,2,7.71,70.05,236,31,6,1,3,3,62,23,72,0,1,1
20,CSE,3,6.63,61.02,201,44,5,1,8,1,64,11,52,0,1,1
24,ECE,3,6.14,61.88,87,37,2,0,2,1,16,20,34,0,0,1
21,CSE,2,8.32,79.03,216,56,4,3,2,6,68,26,68,1,1,1
22,Mechanical,3,7.81,65.12,100,58,1,2,3,2,29,9,41,0,0,1
21,ECE,2,6.89,65.11,138,43,2,3,2,2,7,16,49,0,0,1
20,CSE,2,8.22,70.71,232,61,4,0,5,2,54,23,48,0,1,1
21,CSE,3,6.48,67.88,291,12,6,1,3,1,85,25,47,0,0,1
20,CSE,2,7.68,75.18,184,42,2,2,2,4,49,28,68,1,1,1
20,ECE,1,7.94,89.12,206,20,4,0,5,1,45,28,58,1,1,1
21,EEE,1,7.2,78.59,209,44,5,2,2,0,37,12,51,1,1,1
21,IT,2,7.91,71.17,307,61,3,2,6,4,72,31,53,0,1,1
25,CSE,2,6.38,70.58,316,18,3,1,5,3,64,33,49,0,1,1
20,Chemical,3,7.31,69.64,125,15,1,2,7,0,22,9,40,0,0,1
21,IT,3,7.32,79.61,182,31,4,0,4,5,46,29,38,0,0,1
20,ECE,2,6.55,74.89,86,46,0,0,3,2,17,25,70,0,0,1
20,IT,3,7.88,71.41,287,46,6,2,7,2,81,8,53,0,1,1
22,CSE,2,8.44,79.72,285,39,8,2,5,2,74,21,53,0,1,1
20,Mechanical,1,7.69,77.78,152,45,2,3,2,2,22,9,60,0,0,1
21,EEE,2,7.56,74.57,314,22,2,1,3,1,42,6,49,0,0,1
21,CSE,2,7.25,75.95,230,42,4,2,4,2,65,15,30,0,1,0
19,AIML,1,7.66,78.56,296,33,3,3,5,1,72,20,49,1,1,1
24,ECE,3,6.9,87.0,61,48,3,1,2,2,8,20,52,0,0,1
21,IT,2,7.49,82.37,178,22,3,0,3,1,56,20,39,0,1,1
22,Chemical,2,7.27,66.52,111,41,5,1,2,1,22,11,48,0,0,1
21,ECE,3,8.72,79.68,134,44,3,0,5,4,30,26,60,0,0,1
24,Civil,3,7.14,87.75,109,52,0,2,4,2,26,35,45,0,0,1
20,AIML,3,6.52,73.41,158,25,3,1,6,4,57,20,48,1,1,1
21,ECE,3,5.86,81.66,52,5,2,0,3,0,13,10,39,1,0,1
22,IT,1,8.58,95.81,286,55,2,5,4,3,75,27,52,0,1,1
20,Chemical,2,8.7,71.34,249,31,3,0,5,1,34,31,55,0,1,0
21,ECE,2,6.48,70.24,157,33,2,0,0,1,30,20,71,0,1,1
25,EEE,2,7.99,76.09,284,49,2,0,2,0,44,14,56,0,1,1
21,CSE,3,7.77,65.74,171,13,2,1,3,3,49,22,43,0,1,1
22,ECE,3,7.33,83.21,262,25,4,0,5,1,39,26,58,0,1,1
22,EEE,2,6.52,73.28,97,49,5,3,4,1,27,15,59,0,1,0
23,AIML,3,7.75,63.24,218,54,6,3,7,4,47,30,50,1,1,1
23,Mechanical,2,8.59,79.76,188,46,7,0,5,1,40,27,64,0,0,1
21,ECE,3,8.52,71.74,117,33,1,1,3,2,19,21,52,0,1,1
20,ECE,3,7.76,74.69,85,76,5,0,5,5,23,18,58,1,0,1
18,IT,2,8.21,58.84,295,49,3,3,7,2,84,21,48,0,1,1
21,Mechanical,2,5.93,67.69,102,42,2,0,2,0,22,15,45,1,0,1
23,CSE,2,7.99,81.47,252,35,6,2,4,5,72,15,50,0,1,1
21,ECE,2,8.0,72.66,181,30,5,0,3,3,27,36,53,0,0,1
20,Civil,2,7.2,60.61,84,52,3,1,3,2,21,17,67,0,1,1
20,AIML,3,7.41,73.29,191,37,5,1,6,5,65,13,66,1,1,1
21,Civil,2,7.03,71.09,100,41,3,0,5,2,22,18,51,0,0,1
23,Civil,3,6.01,80.21,110,29,4,0,4,1,13,12,58,0,0,1
20,AIML,2,8.0,78.7,265,62,5,2,2,2,58,22,51,0,1,1
21,CSE,2,9.09,77.47,246,47,1,3,4,1,57,16,61,0,1,1
22,Mechanical,2,6.74,63.16,64,43,4,2,1,1,23,4,77,1,1,0
24,Chemical,1,7.8,74.64,229,44,1,0,3,1,45,26,68,1,0,1
19,AIML,2,6.36,83.9,195,15,1,0,3,3,61,12,41,0,1,1
24,Civil,2,7.68,77.23,133,31,4,0,2,2,24,39,38,0,1,1
21,AIML,3,6.79,76.34,195,40,3,1,2,3,62,12,58,1,0,1
22,IT,3,7.22,55.78,191,33,2,1,0,1,59,5,52,0,1,1
19,Civil,1,8.58,83.88,302,44,6,1,2,2,38,23,45,0,1,1
21,IT,2,7.74,75.42,326,61,6,3,4,1,93,14,53,1,1,1
22,Mechanical,3,7.24,73.33,101,35,3,1,0,1,28,12,51,0,0,1
20,CSE,3,6.55,72.17,191,63,2,0,2,1,60,8,43,0,0,1
21,IT,3,7.93,76.79,211,40,5,3,3,6,69,25,53,1,0,1
21,Chemical,3,6.4,68.66,83,26,1,1,5,2,20,21,65,0,0,1
21,AIML,2,8.62,74.13,201,67,4,2,3,3,61,23,48,1,1,1
19,Mechanical,3,7.44,63.98,156,44,4,1,1,1,27,21,58,0,0,1
21,Civil,3,6.47,68.11,68,52,2,2,4,2,16,24,56,0,0,0
20,Mechanical,3,6.06,77.18,63,16,1,0,3,1,22,26,59,1,0,1
23,Chemical,3,7.07,68.71,171,11,6,0,1,2,20,11,61,0,0,1
25,Chemical,2,7.19,78.59,197,4,5,0,1,4,35,11,60,0,0,1
20,CSE,2,7.89,67.74,223,24,6,1,6,3,73,18,52,1,1,1
20,EEE,2,6.63,61.72,158,17,4,1,4,3,38,19,48,0,0,1
20,ECE,3,8.02,72.65,81,50,2,1,4,3,8,13,37,0,0,1
21,Mechanical,2,5.35,73.58,99,25,1,0,1,2,20,14,37,0,0,1
23,Mechanical,1,7.82,64.73,215,38,4,2,2,2,42,14,53,0,1,1
21,AIML,2,6.88,84.45,297,19,4,1,2,3,70,18,58,0,0,1
19,Mechanical,3,7.43,88.73,191,51,4,1,1,1,26,13,47,1,0,1
19,IT,3,8.37,81.75,177,54,7,2,4,2,55,10,45,0,1,1
20,EEE,2,8.27,72.7,237,24,6,2,2,1,30,4,53,1,1,1
23,ECE,3,7.63,71.11,122,36,3,3,2,0,28,26,44,0,1,1
22,IT,2,8.63,72.79,213,36,7,1,5,3,51,30,61,0,0,1
21,Mechanical,2,8.66,72.9,133,70,2,2,4,3,22,11,45,1,0,1
20,ECE,2,8.81,76.65,168,51,4,1,3,2,28,21,57,0,1,1
24,Civil,3,6.83,59.07,96,36,4,0,2,5,4,17,41,0,0,1
20,Mechanical,3,7.98,77.99,96,46,2,5,7,1,18,23,47,0,1,0
23,Civil,3,8.0,67.68,86,46,2,2,1,0,20,28,39,0,1,1
23,Mechanical,2,7.51,68.0,149,44,3,0,1,0,31,12,73,0,0,1
21,Civil,2,8.38,71.48,111,18,1,0,2,2,15,24,51,0,1,1
23,CSE,3,7.38,76.15,286,39,4,1,3,2,83,23,45,1,1,1
20,EEE,3,6.08,77.21,35,70,0,0,5,0,19,13,51,0,0,1
22,CSE,3,8.43,69.86,265,33,2,3,6,3,78,18,61,1,1,1
19,ECE,3,6.83,80.28,67,48,2,2,2,2,11,6,49,1,0,1
21,Civil,3,5.86,60.88,45,38,2,0,1,1,22,18,52,1,1,1
20,Mechanical,2,10.0,76.9,170,54,4,5,4,5,31,14,48,1,1,1
19,EEE,2,6.58,77.33,70,22,1,1,5,1,21,6,68,0,0,1
18,Mechanical,3,7.89,63.63,137,49,4,2,0,1,29,21,35,0,1,1
20,CSE,2,6.6,67.26,184,30,4,0,2,1,56,25,46,0,1,1
21,Chemical,2,7.14,66.35,149,37,2,2,2,0,33,23,37,0,1,1
21,AIML,1,7.16,69.69,315,44,5,2,6,3,67,28,72,0,1,1
20,CSE,2,6.65,66.49,186,23,7,1,4,1,50,18,45,0,1,1
25,CSE,2,8.24,64.17,191,40,5,1,4,5,40,12,60,1,1,1
24,Chemical,2,9.43,84.43,166,61,2,2,2,0,33,16,55,1,1,1
19,ECE,3,7.35,75.96,142,39,1,2,4,0,27,6,31,0,0,1
21,ECE,3,5.84,74.95,133,6,2,1,2,1,30,16,56,1,0,1
22,IT,3,6.46,67.82,145,39,6,2,2,1,64,13,41,0,1,1
22,CSE,2,6.79,71.07,170,43,3,1,6,1,49,9,64,0,1,1
21,CSE,3,7.44,80.04,195,48,3,1,1,2,52,0,34,1,0,0
22,CSE,2,7.15,74.44,200,35,5,1,5,4,51,23,49,0,1,1
19,ECE,2,9.3,86.1,150,38,4,0,4,2,22,13,42,0,1,1
20,CSE,2,7.42,79.57,243,24,2,0,5,4,68,21,52,1,1,1
22,IT,2,8.19,76.51,200,39,5,1,9,1,54,19,41,1,1,1
22,ECE,2,7.35,74.2,107,49,1,1,4,1,23,17,40,0,0,1
23,ECE,2,7.47,73.41,167,31,5,3,3,2,21,10,44,0,1,1
19,Civil,2,7.19,73.7,173,62,5,3,4,0,25,7,67,0,1,1
20,CSE,1,7.75,70.96,267,34,4,2,5,1,71,18,43,0,1,1
19,ECE,3,6.93,74.55,85,55,5,0,6,2,25,14,46,0,0,1
20,CSE,2,7.53,75.39,223,45,4,0,2,6,56,18,46,0,1,0
18,Chemical,3,6.88,67.79,240,29,2,1,1,2,30,13,56,0,0,1
21,Civil,1,9.68,83.68,248,38,4,4,2,1,40,27,72,1,1,1
21,CSE,2,7.83,83.7,337,49,3,1,4,3,70,22,71,0,1,1
22,CSE,1,8.24,76.43,268,43,2,2,5,3,61,22,43,0,1,1
21,CSE,3,7.21,73.54,157,29,3,0,2,5,65,18,38,0,0,0
18,CSE,3,6.1,70.8,191,32,8,0,5,1,67,6,35,0,0,1
22,CSE,3,6.2,56.51,147,35,2,0,4,2,57,15,53,1,1,1
19,CSE,2,7.35,70.98,212,28,4,0,2,1,73,29,49,0,1,1
23,CSE,2,7.32,89.64,181,40,1,1,7,3,59,29,55,1,1,1
18,CSE,3,7.68,74.88,377,13,6,1,4,0,100,22,31,0,1,1
21,IT,2,7.66,68.22,255,23,3,0,5,6,80,8,50,0,1,1
23,AIML,1,7.35,73.25,256,51,1,2,4,1,66,16,59,0,1,1
21,IT,2,9.75,77.26,235,48,3,5,4,1,57,26,39,0,1,1
21,Civil,3,7.65,75.65,90,49,3,0,3,1,29,26,48,0,0,1
22,IT,1,7.37,74.88,230,46,4,1,4,2,63,20,35,1,1,1
19,AIML,1,7.43,73.34,283,52,3,2,6,2,83,17,79,0,1,1
22,Civil,2,8.11,82.2,158,52,3,0,3,2,20,26,49,0,1,1
23,IT,2,7.31,64.91,227,50,4,1,0,4,60,21,36,1,1,1
25,CSE,2,8.31,78.91,220,25,6,1,9,4,84,20,77,0,1,1
21,EEE,2,7.43,81.08,89,61,8,2,2,1,15,16,47,1,1,1
20,AIML,3,7.02,70.53,212,45,5,1,4,3,47,29,52,1,1,1
22,ECE,1,6.53,76.57,239,66,5,0,2,1,39,19,65,1,1,1
21,Mechanical,3,8.23,74.74,212,42,2,0,0,1,32,19,35,1,0,1
20,ECE,2,6.58,63.4,154,23,2,0,4,0,16,17,46,1,1,1
20,Mechanical,2,8.14,62.73,194,58,5,1,10,2,26,18,64,0,1,1
20,IT,3,6.84,68.01,190,47,3,1,3,2,69,24,39,0,0,1
21,CSE,3,8.08,73.65,292,21,3,2,10,3,75,24,37,0,1,1
20,IT,3,8.44,92.36,327,45,3,1,2,2,89,18,52,0,1,1
18,IT,2,6.86,72.27,214,28,2,2,7,3,56,15,48,0,1,1
19,Mechanical,3,6.64,67.29,48,28,2,1,3,1,13,16,71,0,0,1
24,Mechanical,3,9.24,83.27,211,51,4,1,3,4,35,27,39,1,1,1
19,IT,2,7.89,72.52,230,30,4,1,6,3,60,17,29,0,0,1
19,Chemical,2,8.11,83.2,219,58,3,1,6,2,26,15,36,1,1,1
21,AIML,2,6.35,81.12,148,23,3,1,5,3,45,12,51,0,1,1
20,Chemical,3,6.48,71.88,112,23,3,1,1,2,24,23,68,1,0,1
24,CSE,2,7.68,62.11,237,25,2,2,3,3,50,16,73,0,1,1
23,Mechanical,2,7.18,72.26,125,42,1,1,1,1,20,19,45,0,0,0
21,EEE,3,6.5,69.66,216,19,1,1,3,4,31,26,43,0,0,1
21,EEE,2,7.74,86.21,122,49,3,1,7,1,26,25,34,1,1,1
21,Mechanical,1,6.3,73.28,130,47,1,0,1,2,13,6,68,0,1,1
19,EEE,3,7.61,71.61,81,34,2,1,1,1,14,5,52,0,0,1
20,EEE,2,6.73,81.34,132,54,0,2,1,0,24,15,66,0,0,1
19,Civil,2,8.1,75.1,132,40,4,2,1,0,28,19,53,0,1,1
19,CSE,2,7.59,73.38,198,56,4,2,4,0,52,22,79,0,1,1
21,ECE,2,7.95,71.93,170,53,3,2,2,3,25,9,49,0,1,1
19,Mechanical,2,8.64,85.76,169,39,7,1,6,3,19,28,62,0,1,1
19,IT,2,6.93,68.42,187,38,3,0,5,4,53,16,58,0,1,1
21,AIML,3,6.52,75.41,142,37,3,0,6,2,40,22,42,0,0,1
21,CSE,2,8.52,80.07,252,35,3,2,3,3,70,25,46,0,1,1
20,AIML,3,8.79,78.6,263,33,6,2,2,8,63,19,36,0,1,1
18,EEE,3,8.44,83.39,82,38,4,0,4,2,23,19,54,0,0,1
20,EEE,3,5.37,77.97,91,18,1,0,1,3,14,13,68,0,0,1
20,CSE,2,8.01,67.02,259,11,2,2,6,0,76,29,58,0,1,1
22,ECE,2,6.71,70.32,75,63,2,1,7,4,25,7,61,1,1,1
23,AIML,3,8.11,74.25,189,37,3,3,7,5,57,13,41,0,1,1
21,Chemical,3,7.14,73.58,63,55,4,0,0,2,23,30,42,0,0,1
21,Mechanical,3,7.06,68.55,102,45,4,1,4,1,28,16,46,0,1,1
22,CSE,2,7.17,65.74,274,28,4,1,6,1,74,30,42,0,1,1
22,AIML,3,6.84,71.13,177,47,2,5,2,4,46,24,57,0,1,0
20,Civil,2,6.41,77.64,76,22,3,1,2,2,20,10,54,0,1,1
19,ECE,2,7.17,71.54,122,63,2,1,2,2,19,11,56,0,1,1
21,IT,3,7.46,76.79,192,31,4,0,3,1,61,15,32,0,0,1
21,EEE,2,8.77,88.78,141,38,3,2,3,1,22,31,61,0,1,1
20,IT,1,8.19,77.36,310,60,5,0,7,4,77,28,51,0,1,1
20,Civil,3,7.1,79.66,112,37,2,0,4,2,23,22,42,0,0,1
20,Civil,3,7.04,80.11,123,58,2,0,1,2,26,18,55,0,1,1
20,CSE,3,4.81,74.09,151,12,3,0,4,2,50,1,47,0,0,1
21,Mechanical,2,7.17,87.51,192,65,4,0,1,3,29,24,34,1,0,1
22,Civil,2,7.61,73.47,143,26,2,0,3,2,25,17,41,1,0,1
21,AIML,3,6.83,78.25,214,43,3,1,7,2,69,32,44,1,1,1
20,Civil,3,6.9,73.61,110,27,4,3,3,0,15,13,48,0,1,1
19,IT,3,5.24,70.26,117,26,1,0,6,5,46,9,54,0,0,1
23,IT,2,6.32,73.1,229,50,4,1,3,5,54,21,62,0,1,1
21,Chemical,2,6.56,79.36,123,24,1,1,1,1,23,28,31,0,1,1
19,Mechanical,2,6.89,68.48,117,59,6,1,1,5,28,29,51,0,1,0
20,AIML,2,4.92,68.48,181,34,3,0,2,3,59,24,40,0,0,0
22,ECE,3,7.19,64.11,93,14,3,1,5,3,18,7,47,0,0,1
22,EEE,2,7.42,68.17,143,35,2,0,1,4,36,20,62,1,1,1
23,Mechanical,2,7.85,71.08,316,44,5,0,3,0,42,12,74,0,1,1
21,AIML,3,6.98,76.5,218,39,3,1,1,0,53,21,60,0,0,1
21,EEE,2,8.2,79.18,132,31,4,3,5,0,20,21,56,1,1,1
21,Civil,3,8.87,88.17,153,40,0,3,4,1,23,26,57,0,1,1
20,Mechanical,1,6.55,77.88,171,18,5,2,2,1,31,11,65,0,1,1
22,AIML,2,6.44,70.5,228,54,7,0,7,1,78,23,54,0,1,1
21,Chemical,1,8.03,96.79,331,20,9,2,6,2,44,31,55,0,1,1
20,CSE,2,8.0,76.92,328,20,5,3,4,2,80,26,62,1,1,1
23,Mechanical,3,6.31,60.41,108,22,6,1,1,1,21,11,47,0,0,1
21,IT,3,8.78,69.25,243,40,8,2,4,2,55,25,60,0,1,1
19,Chemical,2,6.7,76.32,95,27,2,0,2,3,21,9,58,0,0,0
20,Civil,2,7.29,62.39,121,36,3,0,6,3,15,19,56,0,1,1
23,Civil,1,8.32,77.89,297,60,2,1,5,2,33,20,66,1,1,1
23,AIML,2,8.72,75.56,201,36,3,1,4,2,74,15,62,0,1,1
21,Mechanical,2,6.65,84.65,141,27,0,1,2,1,25,13,53,0,1,1
24,IT,1,8.38,68.64,289,54,5,0,2,4,72,19,56,1,1,1
23,ECE,3,7.26,80.19,176,59,3,1,4,2,19,25,49,0,0,1
23,Civil,3,6.1,67.09,110,42,1,0,3,1,28,16,44,0,0,1
23,Mechanical,3,6.83,68.78,82,8,1,1,4,1,11,17,41,1,1,1
21,EEE,2,6.48,81.39,73,35,3,1,1,3,10,14,53,0,0,1
22,CSE,2,8.08,72.25,217,60,2,0,4,4,74,12,32,0,1,1
21,ECE,2,6.29,63.83,96,6,1,0,3,3,20,1,62,0,0,1
22,CSE,3,7.72,71.42,306,41,10,1,4,3,81,15,45,0,0,1
20,CSE,2,7.49,66.9,214,36,5,1,9,2,53,17,57,0,1,1
22,Chemical,1,8.03,64.99,158,71,5,0,3,4,33,27,44,1,1,1
24,EEE,3,7.34,68.04,111,44,6,0,2,2,21,21,60,0,0,1
20,CSE,2,6.75,60.32,183,43,4,1,4,2,52,16,52,0,1,1
25,ECE,2,7.82,68.98,111,57,7,1,2,2,20,19,37,0,0,1
21,AIML,3,7.45,67.63,204,4,5,0,5,1,68,33,39,0,1,1
20,CSE,3,6.91,73.84,200,44,2,0,8,1,58,16,46,0,0,1
19,Mechanical,2,9.67,71.9,178,43,4,2,5,3,20,29,59,0,1,1
22,CSE,3,6.34,74.45,190,18,4,3,4,4,45,7,40,0,1,1
21,CSE,2,7.93,60.25,258,37,4,2,5,1,72,20,63,0,1,1
20,AIML,2,8.0,69.1,234,40,6,2,3,1,77,27,61,0,1,1
21,Mechanical,3,7.1,71.22,89,42,3,2,2,0,24,22,43,0,0,1
20,CSE,2,7.71,71.83,175,52,4,4,5,6,56,23,65,0,1,1
21,IT,1,8.13,76.39,288,64,4,1,10,1,69,17,52,0,1,1
23,Civil,3,7.28,63.89,94,28,4,0,1,0,20,13,53,0,0,1
22,ECE,2,7.02,85.77,118,37,1,0,2,2,26,9,68,0,1,1
22,CSE,2,7.43,85.11,195,5,5,2,3,3,69,36,60,1,1,1
21,Civil,1,7.23,54.96,145,27,1,1,2,1,29,29,45,0,1,1
25,ECE,3,8.51,81.46,107,52,3,0,4,4,20,26,39,0,0,1
20,Civil,3,8.09,73.41,149,54,6,1,5,3,25,19,42,1,0,1
20,CSE,3,7.41,72.84,179,75,3,2,1,2,43,6,51,0,1,0
19,CSE,2,6.86,71.24,188,33,5,1,3,5,67,13,52,1,1,1
21,CSE,1,7.48,68.33,283,29,7,0,9,4,80,9,64,1,1,1
21,ECE,3,6.85,71.07,84,34,3,0,1,0,6,18,46,0,0,1
22,IT,2,7.41,84.38,190,37,5,0,2,2,73,13,35,0,1,1
20,IT,3,5.98,81.87,188,17,6,1,6,0,44,12,51,0,0,1
18,IT,2,7.02,71.61,179,43,2,1,3,1,62,6,45,0,1,1
22,ECE,2,6.56,59.59,76,17,2,3,2,0,16,18,55,1,0,1
25,IT,2,6.9,70.25,164,42,5,2,6,3,50,34,40,1,1,1
20,CSE,2,9.05,76.75,264,51,4,3,8,4,76,32,70,0,1,1
20,ECE,3,7.07,82.65,98,42,1,0,2,1,22,9,37,0,0,1
20,Civil,3,7.51,65.54,191,49,1,0,1,1,17,14,42,0,1,1
21,Chemical,1,7.56,60.95,229,60,6,2,4,2,41,11,69,0,1,1
20,CSE,3,7.88,70.21,174,43,2,2,7,4,74,19,66,0,1,1
20,IT,3,7.01,76.98,196,38,4,0,0,3,61,16,53,0,1,1
22,AIML,3,6.88,65.35,195,41,4,0,4,6,58,24,47,0,0,1
20,ECE,2,6.91,70.27,118,32,1,2,2,2,22,20,60,0,0,1
21,IT,3,6.72,76.6,284,50,4,1,4,3,68,7,37,1,1,1
19,Civil,3,8.63,66.69,90,29,7,2,2,4,10,20,61,0,1,1
23,Chemical,1,9.54,74.16,1198,90,6,4,7,0,64,33,48,0,1,1
21,IT,2,6.97,73.87,176,33,6,3,6,0,64,8,46,0,1,1
20,IT,2,8.21,80.65,246,52,10,2,4,7,51,14,59,0,1,1
19,ECE,3,8.33,73.6,99,35,5,1,6,2,14,26,63,1,0,1
22,EEE,2,6.89,82.69,91,65,2,1,3,1,19,9,57,0,0,1
23,Mechanical,3,7.1,69.14,65,46,1,0,4,1,10,31,47,1,0,1
19,CSE,3,7.36,79.05,181,35,6,5,3,4,52,10,48,0,1,0
20,CSE,3,6.7,79.15,161,38,6,1,3,8,49,13,56,0,1,1
20,Mechanical,1,7.33,55.46,227,41,3,2,6,2,34,20,52,1,0,1
21,ECE,2,7.08,83.3,92,44,2,0,1,0,19,19,52,0,1,1
24,Mechanical,3,7.22,65.36,76,39,1,0,3,1,20,15,56,0,0,1
21,IT,2,10.0,78.8,259,70,5,5,7,4,67,36,57,0,1,1
20,CSE,1,6.98,79.85,244,1,6,5,2,2,74,1,50,0,1,1
22,CSE,2,6.25,66.81,174,24,4,1,4,9,71,1,62,0,1,1
22,Mechanical,2,8.33,75.93,161,46,3,1,4,3,22,18,55,0,1,1
20,IT,3,7.51,80.35,180,22,3,0,0,3,56,13,59,0,1,1
20,CSE,3,7.09,73.73,212,43,6,0,5,2,60,13,44,0,0,1
21,AIML,2,8.24,69.17,211,56,4,1,10,5,55,11,65,0,1,1
22,Civil,3,6.31,78.4,149,58,4,1,1,1,24,6,59,0,0,1
22,ECE,3,7.62,76.65,230,53,2,2,1,2,27,6,58,1,1,1
22,Civil,3,7.19,61.93,129,45,1,1,1,1,24,14,71,0,0,1
23,Chemical,1,7.78,73.93,223,50,3,2,1,1,39,23,76,0,1,1
20,CSE,3,7.39,75.87,281,34,1,3,5,5,86,14,63,0,1,1
20,Chemical,3,9.38,77.06,108,44,7,1,2,1,16,23,62,0,0,1
19,IT,1,7.32,61.88,284,40,2,1,4,4,84,11,70,1,0,1
23,Mechanical,3,6.63,61.4,111,43,2,2,2,2,21,10,57,0,0,1
21,IT,2,7.96,70.63,201,32,4,0,5,4,73,18,52,1,1,1
20,EEE,3,8.22,78.68,99,57,5,0,2,3,20,26,53,0,1,0
19,EEE,3,6.2,77.84,38,37,4,0,3,1,18,27,53,0,0,1
22,CSE,3,7.68,64.6,294,46,4,1,4,3,68,29,45,0,0,1
22,ECE,1,6.76,67.4,168,26,2,2,3,2,29,20,48,0,1,1
22,AIML,3,6.2,54.98,127,35,6,1,5,2,54,19,72,0,1,1
20,CSE,2,7.31,72.99,202,57,4,3,4,3,53,14,69,0,1,1
23,EEE,2,6.94,82.6,120,50,2,0,1,2,19,22,69,0,1,1
22,Mechanical,1,6.65,78.29,141,40,1,2,3,1,24,7,75,0,1,1
22,AIML,2,6.78,69.61,155,27,3,1,5,1,55,23,35,1,0,1
22,CSE,3,6.91,69.59,161,32,3,0,5,0,70,24,56,1,0,1
23,Chemical,2,8.03,72.97,141,43,3,2,0,1,21,4,46,0,1,1
24,ECE,2,6.67,69.05,121,31,2,1,3,2,18,13,58,1,1,1
21,EEE,3,7.41,73.7,123,51,5,1,3,0,24,19,60,0,1,1
21,CSE,2,5.93,66.24,169,8,1,2,4,2,48,5,66,0,1,1
21,EEE,2,7.31,73.15,180,29,1,3,2,0,35,35,47,0,1,1
22,Mechanical,3,7.97,67.42,223,45,3,2,2,2,29,29,30,1,1,1
22,CSE,2,7.09,75.63,208,25,3,3,3,1,51,10,30,0,0,1
19,ECE,2,7.95,79.59,131,29,6,0,1,2,31,22,70,1,1,1
20,CSE,1,6.12,86.78,205,41,3,0,2,2,65,14,42,0,1,1
23,CSE,3,6.4,73.76,229,27,2,0,4,2,81,9,47,0,0,1
23,EEE,3,7.83,73.79,152,27,2,0,2,1,29,28,35,0,0,1
24,EEE,2,8.04,86.78,108,36,6,0,2,0,10,29,47,0,0,1
21,ECE,3,8.94,88.27,111,40,6,3,6,2,26,44,37,0,1,1
22,ECE,1,8.35,71.55,270,67,3,3,3,2,38,43,68,0,1,1
23,ECE,2,8.49,89.18,185,30,3,2,9,3,22,23,54,0,1,1
20,ECE,3,6.53,73.16,76,42,2,0,1,2,17,5,64,0,0,1
20,IT,3,7.35,63.59,230,54,2,0,2,3,58,12,46,0,0,1
25,AIML,3,6.18,64.59,196,30,4,1,2,7,72,13,30,1,0,1
19,AIML,3,8.27,72.04,193,28,1,0,7,2,70,25,58,0,0,1
21,Civil,3,7.1,83.06,94,54,3,2,4,2,20,12,47,0,0,1
22,AIML,1,8.16,77.3,318,44,9,3,2,1,89,28,58,1,1,1
22,IT,2,5.55,68.41,176,31,1,2,6,3,67,0,65,0,1,1
20,ECE,3,5.21,66.22,34,13,1,0,5,2,13,20,41,1,0,1
22,Mechanical,3,8.85,92.14,154,48,5,1,2,3,24,15,53,0,1,1
20,Mechanical,3,10.0,80.51,229,43,4,1,5,4,42,23,60,0,1,1
23,Mechanical,2,7.8,72.01,193,13,0,0,2,2,26,20,53,0,1,1
20,IT,2,8.82,86.49,261,30,1,1,8,3,70,27,50,0,1,1
22,CSE,3,6.72,72.65,258,12,6,1,2,5,59,4,44,0,1,1
22,Mechanical,2,6.16,79.56,164,34,2,1,3,1,26,12,62,1,0,1
20,Civil,2,8.9,75.55,144,40,3,5,8,5,29,17,41,0,1,1
20,Civil,1,7.64,75.65,143,59,0,2,4,1,28,22,62,0,1,1
22,Civil,2,7.32,85.97,111,46,1,0,1,0,26,26,55,0,0,0
19,IT,3,8.76,74.53,230,51,7,2,6,3,61,2,55,1,1,1
20,CSE,2,7.21,79.85,245,61,4,0,3,7,68,2,64,0,1,1
21,Mechanical,3,6.35,59.45,40,14,3,0,6,1,7,13,55,0,0,1
24,EEE,3,6.17,74.88,105,60,0,2,3,2,29,18,51,1,0,1
21,AIML,2,7.5,69.39,269,28,6,3,3,4,59,15,42,0,1,1
21,EEE,3,8.09,82.06,118,60,3,2,0,5,29,23,29,0,0,1
25,Chemical,2,7.26,65.31,95,20,2,1,3,2,24,24,50,0,0,1
21,CSE,2,7.4,80.8,228,42,2,1,7,3,77,16,39,1,1,1
21,IT,2,6.84,71.36,323,54,6,2,0,4,90,9,33,1,1,1
21,IT,2,7.06,75.37,208,45,5,0,4,2,64,30,59,0,1,1
20,AIML,3,8.69,78.55,210,48,2,1,5,6,64,22,24,0,1,0
20,Mechanical,3,7.23,72.31,66,64,2,1,7,1,14,7,59,0,1,1
22,Mechanical,2,6.84,67.16,114,20,2,1,1,0,22,16,47,0,0,1
19,AIML,1,9.15,72.42,375,51,6,1,7,3,96,1,59,0,1,1
22,Civil,3,7.11,77.52,116,22,3,0,2,0,25,12,70,0,0,1
20,ECE,3,7.2,64.95,123,37,0,3,6,1,18,13,57,0,0,0
21,ECE,2,7.28,72.07,84,26,0,3,1,2,18,10,44,1,1,1
20,Mechanical,3,5.96,61.86,65,29,1,0,0,2,17,18,44,0,0,1
21,Civil,3,6.99,69.81,118,27,2,0,5,2,19,7,73,0,0,1
22,AIML,2,7.67,61.22,227,32,1,1,3,6,70,13,65,1,1,1
21,EEE,2,7.13,80.93,190,35,2,1,0,2,33,21,55,0,0,1
20,Mechanical,1,8.58,82.33,209,54,2,2,3,3,28,23,49,1,1,1
20,Civil,2,6.64,70.75,145,28,1,3,3,0,18,24,43,0,1,1
22,Mechanical,2,7.73,75.88,169,35,4,2,3,2,19,18,59,0,1,1
20,Civil,2,7.05,80.66,95,28,3,3,1,1,13,19,46,0,1,1
22,CSE,2,8.28,72.61,242,41,7,0,5,2,52,12,38,0,1,0
20,ECE,1,9.04,87.97,203,19,6,2,10,3,41,32,56,0,0,1
20,IT,2,8.53,72.21,250,39,6,3,4,4,82,34,78,1,1,1
22,ECE,3,7.4,73.28,146,45,3,0,1,4,30,15,50,0,1,1
21,Mechanical,3,7.31,63.53,242,18,3,1,6,2,32,18,61,0,0,1
19,ECE,3,7.25,82.71,128,42,4,3,3,2,26,18,54,0,0,1
24,CSE,2,6.57,68.91,252,53,2,1,2,2,70,7,52,0,1,1
20,Mechanical,2,8.25,78.66,166,46,2,2,2,2,31,34,45,0,1,1
21,CSE,2,5.68,62.67,173,27,5,2,4,6,59,22,69,0,1,1
21,CSE,2,7.15,71.31,170,52,2,4,2,1,54,10,65,1,1,1
21,Mechanical,3,8.71,70.7,137,49,3,0,3,1,32,18,70,0,1,1
22,Civil,2,6.1,63.45,201,47,0,0,3,4,29,24,45,0,0,1
18,IT,2,7.89,63.7,244,36,5,3,7,4,66,29,63,0,1,1
24,ECE,2,8.13,74.03,119,65,5,2,2,1,31,35,69,0,1,1
22,ECE,1,7.25,68.05,250,38,2,1,3,1,38,3,45,0,1,1
24,CSE,1,6.85,87.18,269,45,3,3,4,2,77,7,48,0,1,0
22,ECE,1,6.3,62.07,136,35,6,0,1,0,30,5,74,1,1,1
24,CSE,3,6.93,67.06,192,51,2,2,3,5,59,19,48,0,0,1
21,Mechanical,3,6.66,76.37,64,58,4,1,3,2,22,0,46,0,0,1
21,Mechanical,1,6.5,63.55,149,31,4,2,3,1,28,0,49,0,1,1
21,AIML,2,8.33,75.31,252,34,3,4,5,4,74,0,62,1,1,1
22,AIML,2,6.74,76.22,256,11,3,0,4,2,68,18,63,1,1,1
21,CSE,2,7.87,79.28,302,43,7,1,7,1,80,17,46,0,1,1
22,Chemical,2,6.74,71.44,157,36,2,3,4,2,18,27,68,0,1,1
19,Civil,3,7.79,73.77,159,61,1,0,1,3,19,11,21,0,0,0
23,Civil,2,7.66,80.76,248,47,2,1,0,1,27,22,60,0,1,1
20,ECE,2,8.36,84.77,101,20,1,2,4,1,21,18,56,0,1,1
24,Mechanical,2,6.12,69.55,119,25,1,0,5,3,19,12,56,0,0,1
20,EEE,2,6.83,74.94,82,32,0,0,0,3,14,9,72,1,1,1
19,AIML,2,8.26,72.27,426,44,4,2,2,4,98,12,56,1,1,1
22,ECE,1,7.18,80.45,242,45,2,2,6,2,32,20,51,1,1,0
22,IT,3,7.0,77.26,161,30,5,1,8,3,49,16,56,0,1,1
22,IT,2,7.95,72.62,240,54,5,3,4,1,63,12,43,0,1,1
24,AIML,3,7.08,68.42,177,56,7,2,5,3,38,19,47,0,1,1
20,IT,2,7.58,86.33,189,29,2,2,5,2,52,15,39,0,1,1
23,EEE,2,7.38,69.52,128,72,5,0,3,3,16,29,39,0,1,1
21,CSE,3,7.04,70.52,331,48,5,0,6,2,79,21,48,0,0,1
21,CSE,2,6.31,60.89,200,28,1,1,3,1,55,14,49,0,0,1
21,Mechanical,3,6.93,78.82,159,27,1,0,5,3,29,15,53,0,0,1
18,ECE,3,7.79,70.78,164,53,6,1,3,1,21,10,60,0,1,1
21,IT,2,7.21,72.69,211,57,5,2,8,0,65,6,54,0,0,1
22,Civil,2,7.9,74.28,149,45,3,1,5,0,27,7,47,0,0,1
20,ECE,2,7.2,89.1,126,55,3,0,5,0,26,18,57,0,1,1
24,IT,1,8.14,88.1,259,67,6,2,4,1,73,21,69,1,1,1
21,AIML,1,7.21,74.87,238,57,3,3,4,2,76,32,57,0,1,1
20,IT,3,6.34,65.31,161,52,1,0,4,3,45,20,45,0,0,1
22,AIML,3,8.07,76.3,171,42,2,1,4,3,66,25,56,0,1,1
20,Civil,3,6.4,69.59,71,29,2,0,2,0,22,6,47,0,0,1
19,Civil,2,6.89,82.79,248,31,5,1,4,3,39,4,52,1,1,1
22,IT,1,7.74,92.42,322,36,5,1,6,2,68,14,57,1,1,1
19,AIML,2,5.95,70.98,200,23,5,1,4,2,64,0,46,1,0,1
19,CSE,3,6.84,77.14,190,18,4,3,4,1,51,9,46,0,1,1
22,Mechanical,2,6.92,85.54,130,64,3,2,4,1,24,8,66,1,1,1
19,Civil,2,7.25,76.55,129,30,0,0,1,1,21,9,63,0,1,1
22,IT,3,7.13,66.86,302,35,1,1,5,5,68,25,35,0,1,1
22,Civil,3,6.93,71.11,136,36,5,0,3,4,21,18,61,0,0,1
20,AIML,2,7.33,73.15,255,38,2,5,6,2,64,7,71,1,1,1
21,EEE,3,8.57,72.09,188,43,4,1,4,1,18,42,67,1,1,1
19,CSE,2,9.48,80.39,330,57,8,3,6,1,74,24,70,0,1,1
22,ECE,3,7.76,63.93,84,46,3,0,4,3,23,17,41,0,1,1
19,EEE,2,7.2,58.96,95,44,1,1,2,3,28,12,49,0,0,1
24,EEE,1,6.96,71.63,246,30,6,2,3,3,30,9,57,0,1,1
20,Mechanical,3,6.7,69.68,75,28,4,0,3,1,21,24,56,0,0,1
22,CSE,2,7.28,85.6,197,57,4,2,3,1,68,27,35,0,1,1
19,AIML,3,8.29,73.03,233,53,3,3,4,3,61,21,52,0,1,0
20,Mechanical,2,6.61,73.12,208,43,5,0,3,2,34,6,52,0,0,1
21,EEE,2,7.78,71.84,186,43,2,2,4,3,34,13,49,0,1,1
21,Chemical,2,7.03,59.55,183,33,4,0,1,0,27,19,62,0,0,1
25,Mechanical,3,8.14,75.6,97,63,3,1,5,2,23,20,61,0,0,1
18,ECE,1,7.41,75.18,164,50,5,1,0,5,28,27,29,0,1,1
18,ECE,3,6.68,67.47,71,55,1,2,4,0,17,19,69,1,1,1
21,EEE,2,6.89,70.58,93,28,4,1,1,1,16,14,42,0,1,1
21,CSE,2,8.95,85.2,332,53,7,2,4,1,84,13,54,0,1,1
23,IT,1,7.68,72.64,315,45,6,3,1,4,88,18,63,0,1,1
23,CSE,1,8.65,86.57,268,50,6,0,4,6,85,18,61,0,1,1
23,AIML,2,7.77,76.35,299,56,8,3,3,2,84,27,52,1,1,1
20,Civil,3,7.84,82.47,124,23,5,0,2,3,30,26,32,0,0,0
21,ECE,2,7.15,83.97,166,5,2,0,5,4,31,17,60,1,1,1
22,Civil,1,7.63,68.08,234,55,5,3,3,1,24,25,61,0,1,1
20,Civil,2,6.57,78.55,142,35,4,3,3,2,21,10,68,1,1,1
22,Mechanical,3,6.47,79.94,115,48,2,1,5,3,14,6,56,0,1,1
20,Mechanical,3,7.12,80.29,183,37,3,1,1,2,24,21,70,0,1,1
20,CSE,2,7.18,71.11,295,24,4,2,2,2,63,27,53,0,1,1
23,AIML,2,7.35,54.23,196,39,3,1,6,4,51,20,55,0,0,1
20,Mechanical,2,8.13,93.15,236,41,1,1,4,1,33,22,57,0,1,1
24,IT,2,9.05,67.95,222,44,4,1,6,3,72,32,41,1,1,1
20,IT,3,6.48,84.7,166,56,4,2,0,2,60,17,39,0,1,1
18,Chemical,2,7.79,66.77,141,49,3,1,1,2,24,26,41,0,0,0
20,Mechanical,3,6.82,63.02,56,27,0,1,2,5,16,0,72,0,0,1
20,CSE,3,5.91,69.47,203,26,4,1,5,3,50,16,38,0,1,1
21,Mechanical,2,9.47,79.85,181,67,2,1,4,3,30,24,54,0,1,1
19,Mechanical,3,7.26,88.51,68,35,5,1,4,1,19,17,41,0,0,1
22,Civil,3,6.99,67.81,116,43,2,1,2,4,26,24,57,0,0,1
23,Mechanical,2,8.22,82.74,102,59,1,3,2,1,17,19,54,0,0,1
21,CSE,3,9.36,83.53,214,79,6,0,5,1,73,16,63,0,1,0
20,Mechanical,3,7.58,68.05,87,33,3,2,4,3,14,14,42,0,0,1
21,EEE,2,9.62,84.73,157,65,5,1,3,2,33,34,56,0,1,1
22,ECE,3,7.3,72.86,128,40,3,0,1,3,21,17,56,0,0,1
21,Mechanical,1,8.59,85.77,266,50,0,3,2,1,41,27,44,0,1,1
19,ECE,3,6.63,69.75,137,38,2,0,1,2,26,19,60,0,1,1
21,Chemical,3,6.64,81.7,57,42,0,0,3,2,24,4,49,0,0,1
21,Chemical,2,7.74,77.41,103,68,6,1,4,2,18,15,53,0,1,1
20,AIML,1,8.85,69.91,316,51,5,4,3,2,78,2,51,0,1,1
19,ECE,3,6.9,59.68,142,51,1,1,3,1,28,15,40,1,1,1
25,CSE,2,8.27,89.33,249,40,2,2,5,3,56,34,47,0,1,1
20,IT,1,8.05,75.42,334,47,5,3,4,2,77,26,87,0,1,1
20,AIML,2,7.25,72.8,188,13,5,3,6,3,43,16,64,0,1,1
20,ECE,1,8.35,78.54,179,14,7,1,7,2,29,6,48,0,1,1
21,CSE,2,6.81,71.58,252,68,8,1,2,4,68,14,37,1,1,1
21,Mechanical,2,8.36,77.63,163,60,1,2,0,3,29,25,62,0,1,1
20,CSE,2,7.3,61.97,225,29,4,2,7,3,64,24,46,0,1,1
21,AIML,2,8.11,82.56,212,50,3,3,6,3,34,20,52,0,1,1
22,CSE,3,7.53,75.34,225,51,2,1,7,1,70,14,31,1,1,0
20,IT,1,7.83,79.99,297,51,4,3,4,4,62,3,74,0,1,1
23,CSE,3,4.47,60.48,143,0,2,0,3,2,56,0,42,0,0,0
20,Civil,3,6.87,71.97,76,21,1,1,2,1,17,0,69,1,0,1
20,IT,3,6.5,60.82,140,30,1,1,3,1,51,16,33,0,0,1
24,Chemical,2,7.97,83.34,141,32,1,0,5,3,33,34,50,0,0,1
22,CSE,3,7.15,72.1,285,33,2,3,4,2,86,11,57,0,1,1
20,CSE,3,5.93,52.2,196,16,2,0,3,5,49,14,42,0,0,1
23,Civil,2,7.98,73.07,206,54,5,0,5,2,35,31,33,0,1,1
21,ECE,3,7.21,75.8,184,41,3,3,3,0,22,26,46,0,1,1
20,CSE,2,7.45,84.22,218,30,4,2,6,1,66,24,63,0,1,1
23,CSE,2,7.89,65.06,234,39,6,1,3,0,65,19,61,0,1,1
22,Civil,2,7.71,83.89,101,43,1,3,4,1,34,17,68,1,1,1
20,AIML,2,9.21,84.5,216,70,4,2,7,2,68,30,62,1,1,1
21,IT,3,8.12,72.89,215,37,2,0,6,2,72,23,61,1,1,1
21,Civil,3,7.41,80.02,113,44,5,0,2,2,26,14,42,1,0,1
18,EEE,3,7.63,76.66,108,30,3,0,1,1,21,9,39,0,0,1
24,Mechanical,2,7.32,69.56,156,20,0,1,1,1,18,28,49,0,0,1
21,ECE,3,6.94,79.98,169,61,1,1,3,1,17,22,39,0,0,1
21,Mechanical,2,8.25,86.21,144,34,2,2,3,1,16,7,62,0,1,1
21,EEE,2,8.87,68.57,191,31,3,1,4,1,25,28,55,0,1,0
21,CSE,2,7.36,76.12,190,43,5,2,4,2,36,21,54,0,1,1
20,EEE,2,7.96,74.4,247,31,3,0,4,5,36,20,50,0,0,1
25,Chemical,3,6.58,74.37,67,39,1,1,1,1,20,19,40,0,0,1
22,IT,2,8.05,73.48,245,28,7,1,7,2,68,5,48,0,0,1
22,ECE,2,6.71,82.1,81,53,3,1,2,1,29,23,54,0,0,1
21,IT,2,7.67,61.43,191,35,5,1,6,6,60,35,55,0,1,1
20,Mechanical,2,7.88,76.48,144,39,5,1,3,1,32,24,42,1,1,1
19,EEE,2,8.62,73.9,160,60,2,2,3,4,24,15,53,1,1,1
21,ECE,3,5.6,66.29,35,40,1,1,2,5,11,14,44,0,0,1
20,CSE,3,8.72,64.37,262,52,2,1,5,4,75,27,50,0,1,1
22,AIML,3,8.38,85.75,191,68,3,1,4,4,56,17,48,1,1,0
23,IT,3,7.8,65.15,239,47,5,1,4,5,73,20,54,0,1,1
20,Mechanical,3,7.09,75.87,129,16,2,2,1,0,19,12,40,0,0,1
20,IT,2,8.41,73.02,233,46,2,2,7,2,67,37,68,1,1,1
22,IT,2,9.11,77.2,259,49,3,2,7,2,75,21,55,0,1,1
20,ECE,3,7.13,76.91,63,21,3,2,2,0,20,17,42,0,0,1
24,ECE,3,8.59,86.14,139,55,5,2,5,2,29,16,52,0,1,0
21,Mechanical,2,8.34,67.41,249,27,1,0,2,2,34,14,48,0,0,1
19,Mechanical,2,8.57,74.52,179,43,2,2,6,2,29,36,49,0,1,1
20,Mechanical,2,8.17,78.09,122,32,3,0,4,1,21,16,47,0,1,0
24,AIML,2,7.52,73.76,209,51,10,2,4,2,55,17,51,1,1,1
20,Mechanical,3,6.35,76.27,164,12,2,1,2,1,30,21,47,1,0,1
22,AIML,2,7.1,83.25,183,42,3,1,4,2,59,14,58,0,1,1
20,CSE,2,8.09,71.21,211,60,6,3,3,3,62,32,51,0,1,1
20,EEE,2,7.34,67.62,204,25,3,2,2,0,31,14,60,0,0,1
23,CSE,3,5.74,72.22,167,32,2,0,4,5,54,9,58,0,1,1
20,CSE,3,6.85,63.61,182,15,3,1,4,3,61,5,63,1,1,1
18,CSE,1,6.81,75.13,233,24,11,0,4,2,77,3,59,1,1,1
21,EEE,2,7.72,74.35,163,29,3,1,1,2,28,7,39,1,1,1
23,AIML,2,8.24,75.21,212,72,4,3,0,6,83,13,37,0,1,1
20,Mechanical,3,7.54,79.09,132,29,2,1,4,1,22,7,64,0,0,1
19,IT,1,6.5,67.38,222,25,1,4,3,2,60,13,65,0,1,1
25,IT,2,7.18,95.97,217,40,3,0,3,2,69,15,64,0,1,1
22,ECE,2,6.62,69.11,209,26,4,2,0,3,29,3,47,0,0,1
23,Mechanical,3,7.24,67.96,118,52,2,1,2,1,24,12,52,0,0,1
22,Mechanical,3,8.01,91.53,141,44,3,0,4,3,25,31,64,1,0,1
22,AIML,2,7.59,74.12,188,38,5,3,4,4,52,16,59,0,1,1
21,Mechanical,2,7.54,66.67,131,36,3,1,3,5,30,21,42,0,1,1
20,ECE,2,8.86,77.18,253,34,3,2,2,2,31,21,66,0,1,1
22,Chemical,1,7.0,85.19,194,53,0,0,0,2,37,24,66,0,1,1
22,ECE,2,8.47,78.87,162,54,4,0,2,2,29,25,46,0,0,1
24,AIML,1,7.51,67.6,257,64,1,2,4,4,72,11,51,1,1,1
21,Mechanical,3,9.5,87.07,139,65,2,1,2,2,23,19,62,0,1,1
20,CSE,3,7.6,78.75,232,34,1,0,4,1,62,6,67,0,1,1
21,Mechanical,1,6.23,74.18,152,25,0,0,1,2,29,14,64,0,1,1
21,ECE,3,7.04,61.07,112,59,1,0,5,1,24,3,55,0,0,1
21,CSE,2,6.43,63.2,276,31,2,0,3,2,55,25,66,0,0,1
22,CSE,1,9.58,69.81,309,53,8,3,8,3,85,30,69,1,1,1
21,CSE,1,7.16,70.5,267,35,3,0,3,3,62,10,77,0,1,1
18,CSE,1,8.82,88.46,314,48,6,2,3,2,76,15,78,0,1,1
21,ECE,2,8.32,63.59,129,48,4,4,3,3,24,21,55,0,1,1
22,Mechanical,2,6.52,62.5,83,51,1,0,4,2,18,0,56,0,0,1
23,CSE,2,6.22,57.86,171,68,1,1,5,2,70,21,58,1,1,1
21,CSE,3,8.2,81.7,269,42,5,4,6,3,70,8,48,0,1,1
21,Mechanical,2,7.22,86.18,177,36,1,1,5,2,31,35,43,1,0,1
21,AIML,2,7.52,75.83,279,40,5,0,8,3,78,28,31,1,1,1
21,Civil,3,7.49,77.29,98,48,2,1,3,4,15,14,51,0,0,1
19,CSE,2,5.02,65.79,167,22,5,0,0,3,64,18,52,0,0,1
23,Civil,3,7.29,72.04,131,19,4,0,3,1,25,13,56,0,1,1
23,Mechanical,3,8.33,81.51,173,25,5,0,5,0,29,18,50,0,1,1
21,CSE,3,5.86,62.33,229,51,4,0,2,4,76,28,60,0,1,1
21,IT,2,8.19,80.68,255,37,5,1,4,8,64,15,60,0,1,1
19,IT,3,7.17,70.71,170,25,3,0,1,1,43,26,58,0,1,1
21,CSE,1,6.78,71.4,230,66,8,2,1,4,52,0,68,1,1,1
21,IT,2,7.79,70.99,236,50,3,1,6,2,78,15,72,0,1,1
22,Mechanical,3,7.34,58.65,161,33,3,0,3,1,26,14,30,0,0,0
19,Mechanical,3,8.51,82.4,354,30,2,0,9,2,37,4,60,1,0,1
22,AIML,3,6.88,71.13,204,54,5,0,5,1,80,18,29,0,0,0
20,Mechanical,3,8.45,76.52,90,28,3,0,5,2,27,22,67,1,1,1
22,AIML,3,7.32,86.65,174,20,1,1,2,6,64,24,60,0,1,1
22,CSE,2,7.87,76.11,253,48,5,1,3,3,57,28,64,1,1,1
20,CSE,2,7.2,67.77,252,23,2,1,7,4,64,4,64,1,1,1
21,IT,3,6.53,60.02,197,19,9,1,6,2,56,23,47,1,0,1
23,CSE,2,8.3,74.25,240,51,4,1,6,4,64,14,60,0,1,1
21,CSE,2,7.46,76.69,199,44,3,5,4,3,48,19,43,0,1,1
19,IT,3,7.07,62.41,238,17,3,2,0,3,56,21,58,0,1,1
21,Chemical,2,8.35,84.2,240,53,1,1,7,3,40,14,61,0,1,1
20,EEE,3,8.62,74.71,136,24,3,1,3,3,22,24,61,1,0,1
22,Chemical,2,7.05,71.28,184,40,3,1,2,0,22,8,65,1,0,1
21,CSE,3,8.75,77.75,369,31,6,1,2,1,88,19,56,0,1,1
18,Civil,2,6.84,61.78,67,42,4,0,4,1,18,13,54,0,0,1
21,CSE,3,7.53,70.3,159,41,5,1,4,1,73,2,36,0,1,1
22,AIML,3,8.08,78.6,193,36,3,2,9,2,57,13,55,1,0,1
22,CSE,3,4.42,63.45,117,12,2,1,2,3,53,10,36,0,0,0
19,IT,2,6.67,67.72,202,36,1,0,6,1,48,15,53,0,1,1
20,AIML,2,7.13,70.36,194,30,5,5,5,1,71,22,30,0,1,1
21,Mechanical,1,7.98,79.25,252,32,2,0,1,0,40,16,74,0,1,1
20,Mechanical,1,7.75,84.5,178,38,1,1,6,1,26,18,73,0,1,1
21,AIML,2,5.4,65.89,162,37,2,2,4,3,49,11,61,0,1,1
19,Mechanical,2,7.16,66.59,87,20,1,1,2,2,17,10,55,0,0,1
19,CSE,3,6.02,86.31,131,23,3,2,9,3,67,7,56,0,1,1
22,CSE,3,6.82,78.82,167,51,3,0,4,7,42,18,49,0,1,0
20,CSE,3,7.05,71.59,201,31,3,1,5,1,52,21,36,0,0,1
22,AIML,3,7.52,69.75,194,71,6,1,1,0,61,18,33,0,1,1
19,CSE,2,7.11,84.67,208,53,2,2,1,3,59,36,54,1,1,1
21,CSE,3,7.37,67.51,180,32,6,0,3,2,56,27,55,0,1,1
21,IT,2,7.03,72.48,195,25,2,2,2,2,61,19,66,0,1,1
22,Civil,2,7.77,79.62,118,51,1,1,5,0,32,24,56,0,0,1
22,Civil,3,6.23,71.24,223,61,3,1,3,0,33,16,49,0,0,1
21,Chemical,2,7.43,67.04,108,27,2,0,0,3,27,24,60,0,1,1
22,CSE,3,6.37,67.5,127,54,4,0,3,5,50,12,70,1,1,1
20,CSE,2,7.15,72.71,192,51,9,2,6,3,59,13,68,1,0,1
21,ECE,2,7.66,66.27,98,29,5,0,3,0,23,16,53,1,1,1
19,EEE,1,6.97,71.01,154,56,5,3,2,0,17,25,43,1,1,1
21,AIML,3,7.23,83.34,189,38,2,2,8,5,63,14,52,1,1,1
20,Mechanical,3,7.03,85.09,126,44,2,1,3,2,18,10,44,0,0,1
23,Chemical,3,9.08,77.44,149,49,4,1,2,2,28,12,43,0,1,1
21,IT,2,7.78,74.4,188,19,2,0,3,3,45,3,48,0,1,1
21,Chemical,3,7.76,73.33,156,31,2,0,2,5,22,10,19,0,0,0
21,CSE,1,6.99,57.56,267,44,3,1,5,1,57,19,59,1,1,1
20,ECE,2,5.35,70.21,66,42,1,0,1,3,29,4,48,1,0,1
20,CSE,3,6.81,73.53,217,30,9,2,4,3,65,26,40,0,0,1
23,EEE,3,5.95,76.16,85,23,1,0,0,0,21,8,65,0,0,1
22,CSE,3,7.52,81.37,199,57,3,0,6,2,61,26,37,0,0,1
20,ECE,3,7.56,78.4,172,68,2,0,3,1,36,12,43,1,1,1
22,CSE,2,7.65,78.78,239,52,3,0,6,4,65,10,51,0,1,1
21,IT,3,7.26,65.88,179,36,2,2,4,3,70,0,53,0,1,1
18,Mechanical,2,6.72,72.63,172,44,1,0,1,1,32,1,46,1,1,1
21,IT,3,6.7,61.49,187,42,4,1,3,3,55,19,48,0,0,1
20,ECE,2,7.83,72.25,171,51,4,1,0,1,24,22,53,0,1,1
20,Chemical,2,9.17,90.63,135,63,2,2,9,7,20,13,68,0,1,1
22,Civil,3,7.53,77.67,191,48,7,1,2,1,28,10,35,1,0,0
20,Chemical,3,7.64,76.37,164,66,2,2,5,0,27,24,38,0,1,1
23,CSE,3,8.94,78.26,232,53,5,1,6,2,55,25,48,0,0,1
22,ECE,2,7.46,73.62,96,31,3,2,2,4,24,4,55,0,1,1
23,Mechanical,1,6.93,73.21,198,50,4,2,5,1,31,0,47,1,1,1
21,Chemical,2,7.8,75.44,122,43,4,1,4,1,23,6,55,0,0,1
23,AIML,1,9.14,83.75,324,57,2,0,10,3,98,30,74,1,1,1
21,Chemical,3,8.09,90.03,345,55,6,0,6,2,47,32,69,0,1,1
21,ECE,3,7.52,84.07,73,54,2,0,4,2,21,25,59,1,0,1
21,Mechanical,1,6.11,66.41,157,10,4,2,0,2,23,13,64,0,1,1
23,ECE,2,6.18,65.41,112,39,2,1,4,3,19,10,38,0,1,1
20,AIML,3,7.63,70.68,304,33,4,1,5,4,83,13,65,1,1,1
21,CSE,1,7.45,69.35,307,39,1,2,5,3,75,0,45,0,1,1
22,CSE,2,7.42,61.5,435,11,4,1,2,4,100,26,50,1,1,1
21,EEE,1,8.58,78.2,185,57,3,0,5,2,26,18,51,0,1,1
23,ECE,2,6.43,67.68,81,44,2,0,2,2,11,5,67,0,0,0
21,ECE,2,6.97,72.08,157,50,2,1,3,1,36,22,51,0,1,1
20,EEE,2,8.52,73.73,127,49,4,1,4,1,21,33,50,0,1,1
21,ECE,3,6.28,70.5,132,20,0,1,3,3,18,19,64,0,0,1
21,CSE,2,8.49,72.52,434,24,5,1,6,5,95,16,72,1,1,1
18,AIML,1,8.05,71.26,260,56,5,3,6,4,70,24,66,1,1,1
19,ECE,3,7.24,87.13,174,49,0,0,4,1,25,18,60,0,1,1
20,IT,2,7.62,65.8,209,41,2,3,3,4,66,26,47,0,1,1
22,Civil,3,7.66,96.34,63,40,6,2,4,1,7,19,48,0,0,1
23,Chemical,2,8.06,66.27,132,56,2,2,9,1,24,25,52,0,1,1
21,ECE,2,5.77,62.63,74,14,4,2,2,2,22,3,53,0,1,1
19,AIML,1,8.83,69.39,343,43,3,3,5,1,96,15,52,1,1,1
21,Mechanical,3,7.56,71.44,140,58,5,1,3,3,24,23,54,0,0,1
23,CSE,2,8.48,53.4,221,26,6,1,0,6,67,22,60,0,1,1
22,ECE,3,7.73,81.6,127,52,1,0,6,1,14,9,50,1,0,1
20,Chemical,2,9.36,74.15,188,39,3,1,3,2,34,27,47,0,1,1
19,Civil,3,6.74,73.78,187,28,2,0,2,1,20,21,45,1,0,0
23,Chemical,2,8.87,90.47,144,46,3,1,2,1,18,13,65,0,1,1
23,CSE,3,6.62,67.51,219,39,4,0,1,1,71,8,71,0,1,1
19,ECE,2,7.96,78.2,175,44,3,1,4,1,34,19,49,0,1,1
23,Mechanical,2,8.4,70.46,192,52,0,2,3,0,33,23,48,0,1,1
19,CSE,3,7.37,79.37,192,48,3,1,5,0,55,16,45,0,1,0
19,Mechanical,2,5.84,71.12,142,19,1,2,1,1,19,26,49,0,1,1
22,IT,3,7.46,65.08,298,36,5,2,4,4,69,22,47,0,1,1
21,Civil,3,6.95,81.73,71,33,2,0,1,2,20,17,61,0,0,1
21,IT,3,8.12,75.21,225,57,3,2,4,1,79,25,33,1,1,1
23,AIML,3,6.59,69.91,143,30,2,2,4,3,49,21,25,0,0,1
23,Civil,1,7.29,78.13,220,22,4,0,1,1,28,1,54,0,1,1
19,Mechanical,2,6.93,79.37,116,31,4,1,1,3,22,24,45,0,1,1
21,ECE,3,7.08,65.42,114,51,2,0,2,3,20,3,66,0,1,1
22,Chemical,2,7.57,80.73,111,45,4,3,2,2,17,24,52,0,1,0
21,EEE,3,7.84,75.35,134,48,6,1,5,2,16,21,21,0,1,1
25,EEE,3,7.77,73.14,256,27,1,0,2,1,27,20,45,0,0,1
22,IT,3,6.26,65.5,185,51,2,0,3,0,51,0,48,0,0,1
19,Civil,2,6.76,73.21,147,43,4,3,2,5,29,24,43,1,1,1
20,EEE,3,6.85,62.03,116,41,4,0,5,3,22,26,70,0,0,1
23,EEE,2,7.2,67.21,338,34,5,0,2,1,43,13,63,0,1,1
25,Chemical,3,6.61,59.38,64,54,3,0,4,5,24,6,42,0,0,1
19,AIML,2,6.86,77.81,215,17,7,3,11,2,54,16,76,0,1,1
19,Mechanical,3,8.45,78.21,236,25,1,2,0,2,33,14,44,1,0,1
22,Mechanical,2,7.76,76.49,121,34,3,1,2,1,20,20,49,0,0,1
19,CSE,2,6.56,67.75,205,30,6,1,3,2,65,1,49,0,1,1
19,Mechanical,1,8.09,74.52,165,44,5,0,6,3,28,10,51,0,0,1
23,Civil,3,7.0,71.05,72,42,1,1,4,1,18,9,29,0,0,1
22,ECE,3,8.92,80.91,192,62,3,0,4,0,31,21,48,0,1,1
23,CSE,2,6.96,61.55,204,37,3,4,3,1,50,21,43,0,1,1
22,CSE,3,6.93,72.83,155,31,1,0,0,2,50,21,70,1,0,1
20,CSE,3,7.1,75.89,161,35,2,0,5,1,56,27,47,0,1,1
23,IT,3,6.41,73.96,206,44,2,1,7,2,57,22,66,0,1,1
20,EEE,3,7.74,88.8,123,35,0,2,4,1,30,26,67,0,0,1
20,EEE,3,7.39,75.51,125,38,2,3,3,1,23,13,55,0,1,1
23,ECE,3,7.64,80.54,89,34,5,0,2,1,23,0,53,0,1,1
22,IT,2,7.52,80.74,245,48,7,1,5,3,59,15,55,0,1,0
23,Mechanical,1,7.91,70.11,204,51,1,3,4,2,31,21,55,0,1,1
20,Civil,2,8.88,83.95,197,61,2,0,3,1,20,26,53,0,1,1
24,Civil,2,7.97,62.05,161,41,5,1,1,0,36,33,53,0,1,1
21,Mechanical,1,6.22,64.23,145,32,2,1,1,3,21,15,50,1,0,1
22,AIML,3,7.62,79.22,162,27,0,3,7,1,56,20,53,1,1,1
23,Chemical,3,8.34,68.85,96,24,3,1,4,1,20,22,53,0,1,1
21,Civil,3,5.38,74.84,81,22,1,0,1,2,24,7,38,0,0,1
22,Chemical,2,6.51,78.16,115,31,0,0,2,0,23,22,49,1,0,1
22,EEE,2,8.01,78.71,136,41,1,3,3,1,25,11,28,1,1,1
22,IT,3,8.18,78.26,219,57,9,0,4,4,45,14,54,0,1,1
23,ECE,2,7.65,72.89,89,24,6,2,3,0,22,16,57,0,0,1
22,IT,2,7.87,76.55,186,22,5,1,3,2,80,16,56,0,1,1
19,IT,3,8.51,84.48,260,24,4,1,2,2,73,16,63,1,1,1
20,ECE,3,6.91,80.28,221,31,1,1,4,3,31,24,54,1,1,1
24,Chemical,2,6.7,72.22,178,56,5,2,3,1,21,19,74,0,0,1
24,ECE,2,7.29,64.03,200,55,2,1,1,3,36,26,67,0,1,1
24,IT,2,7.65,72.53,319,55,8,3,3,2,92,28,58,0,1,1
19,EEE,3,7.62,76.26,164,34,2,0,5,0,21,6,60,0,0,1
21,AIML,2,8.16,81.77,198,29,4,2,8,3,46,15,42,1,1,1
22,CSE,2,8.92,81.6,245,54,5,2,6,1,77,24,60,0,1,1
22,Mechanical,2,7.66,83.62,156,63,0,1,8,0,28,21,50,0,1,1
19,IT,3,6.29,65.42,167,30,3,0,4,5,49,6,42,0,0,1
21,AIML,1,7.09,68.04,262,27,6,1,5,2,90,19,73,1,1,1
20,ECE,3,7.47,80.94,80,33,1,0,4,1,25,17,57,0,0,1
21,CSE,1,8.99,72.42,270,44,6,2,2,5,59,16,62,0,1,1
20,AIML,2,8.06,68.59,200,66,5,2,2,4,66,20,42,0,1,1
19,ECE,3,6.59,71.57,177,33,3,1,3,1,29,11,42,0,1,1
19,Chemical,3,6.8,77.09,173,51,6,1,3,0,34,13,51,0,0,1
23,AIML,3,7.1,74.33,149,46,2,2,4,2,52,19,32,1,0,1
22,ECE,2,7.56,55.9,82,48,1,1,3,2,15,7,53,0,1,1
24,ECE,3,7.12,71.83,147,53,1,1,2,0,35,26,59,0,0,1
21,Mechanical,2,6.76,66.46,89,52,4,0,3,0,20,14,52,0,0,1
21,ECE,2,6.86,80.35,78,33,1,2,4,0,21,5,52,0,1,1
21,Mechanical,2,7.44,63.05,158,25,6,0,4,3,25,8,49,1,0,1
21,Civil,2,7.68,78.6,108,38,1,3,3,0,23,26,37,0,0,1
21,AIML,2,6.67,71.49,294,30,2,1,7,3,87,14,51,0,0,1
22,Civil,2,7.77,76.74,202,60,3,0,6,3,30,23,40,0,1,1
22,AIML,2,9.04,84.54,214,55,6,3,6,2,40,24,40,0,1,1
23,Mechanical,2,7.68,73.14,126,20,3,1,5,3,27,9,38,0,0,1
20,EEE,3,7.58,74.95,147,30,4,1,7,3,17,28,33,0,0,1
21,ECE,2,6.33,82.46,108,26,2,0,3,0,23,15,52,1,0,1
20,ECE,2,8.13,83.03,132,54,3,1,0,2,23,9,67,0,1,1
19,ECE,3,6.86,78.47,83,29,3,0,4,2,26,31,48,0,0,1
22,AIML,3,8.26,82.73,211,59,6,1,7,3,45,20,45,0,1,1
21,ECE,2,9.03,92.22,196,34,7,1,3,0,29,22,56,0,1,1
22,EEE,2,6.92,76.24,83,11,7,0,3,2,15,0,41,0,0,1
19,IT,2,6.95,73.13,181,39,2,0,3,1,56,11,26,0,0,1
25,IT,3,7.8,79.43,162,18,3,1,1,2,45,22,59,0,1,1
25,IT,3,6.27,66.19,144,29,2,0,3,4,55,9,32,0,0,0
21,Mechanical,3,7.43,79.74,88,42,1,1,1,3,14,7,42,0,0,1
23,IT,1,7.5,81.22,311,54,2,5,3,4,93,22,55,0,1,1
20,EEE,2,7.43,71.49,114,50,5,3,2,4,15,10,50,0,0,1
22,Chemical,3,5.63,67.14,61,13,0,1,2,1,13,17,58,0,0,1
23,CSE,2,7.93,77.86,252,29,8,1,5,3,65,24,57,0,1,1
22,AIML,1,9.84,77.08,403,38,10,2,6,2,94,34,53,0,1,1
22,Chemical,2,7.15,65.66,89,30,2,1,3,2,24,20,64,0,1,1
21,Mechanical,3,6.13,67.95,51,49,4,1,2,0,17,10,40,0,0,1
22,IT,2,8.18,76.71,200,82,4,1,5,4,43,14,58,0,1,1
22,CSE,2,6.76,76.32,165,39,7,0,3,1,53,2,43,0,1,1
20,ECE,2,7.53,78.0,169,38,5,0,2,0,27,12,36,0,1,1
19,Mechanical,2,6.9,71.78,146,32,0,2,3,1,30,11,57,1,0,1
22,ECE,3,6.14,73.68,99,22,3,1,4,1,25,27,56,0,0,1
22,Civil,2,7.76,71.2,137,16,3,2,7,2,25,45,45,1,1,1
21,AIML,3,6.76,61.12,150,52,4,0,7,2,60,12,72,0,1,1
23,ECE,1,6.39,69.06,251,39,1,3,4,2,40,14,57,1,1,1
22,CSE,3,7.6,76.07,293,37,4,2,1,1,74,26,49,1,1,1
21,ECE,2,9.94,77.77,285,60,9,3,3,2,43,40,72,0,1,1
21,Civil,2,8.36,66.54,296,50,2,0,2,2,45,20,38,0,0,1
21,CSE,2,7.47,67.85,207,53,5,2,8,1,58,18,41,0,0,0
22,EEE,2,10.0,73.58,206,59,2,1,7,0,26,13,41,0,1,0
21,IT,3,5.86,59.2,187,28,3,0,1,1,48,4,45,0,0,1
21,IT,3,7.84,75.5,179,43,6,2,4,1,51,23,46,0,1,1
22,CSE,2,9.06,87.33,307,39,8,2,2,2,68,18,56,0,1,1
22,ECE,2,6.63,71.54,73,22,3,0,5,3,14,11,43,0,1,1
23,Chemical,1,8.01,83.88,173,54,5,1,2,3,33,22,37,0,1,1
19,CSE,1,7.21,54.86,276,63,6,4,4,3,69,13,68,1,1,1
22,AIML,2,7.21,74.48,182,27,6,0,3,1,58,30,64,0,0,1
21,AIML,2,7.85,79.08,276,21,4,0,5,5,67,19,52,1,0,1
19,ECE,3,5.85,63.4,274,11,1,0,1,2,35,8,47,1,0,1
22,CSE,3,6.49,64.6,169,27,2,1,3,3,46,11,61,1,0,1
22,Chemical,2,7.53,71.64,101,31,6,0,3,1,19,14,58,0,1,1
21,Mechanical,1,6.26,76.3,134,44,1,1,1,2,28,16,65,0,1,1
22,EEE,3,7.04,64.3,67,52,4,1,4,2,17,19,61,0,0,1
20,CSE,2,6.21,64.13,220,55,3,3,2,2,67,5,41,0,1,1
20,ECE,2,6.26,60.87,86,50,1,0,3,2,17,21,38,0,0,1
21,Mechanical,2,8.28,80.75,124,52,3,2,2,6,25,11,55,0,0,1
21,ECE,2,7.58,69.37,82,27,7,0,3,1,19,14,43,0,1,1
22,Mechanical,2,7.31,72.73,104,42,3,3,4,1,23,26,42,0,1,0
23,Mechanical,2,7.13,76.15,136,29,1,1,1,1,38,8,48,0,0,1
22,Chemical,2,7.77,71.38,133,13,2,1,3,1,19,13,55,0,1,1
20,IT,3,6.94,61.96,150,36,4,2,4,3,58,25,51,1,1,1
21,Civil,2,6.86,75.49,121,29,8,3,4,2,27,24,46,1,1,0
20,AIML,3,8.24,80.42,230,29,4,1,4,2,66,14,45,0,1,1
22,ECE,2,6.98,83.56,105,30,3,0,6,1,24,15,50,0,0,0
20,EEE,2,8.64,79.82,268,72,1,1,6,2,30,27,37,1,1,1
21,ECE,2,7.03,73.01,87,50,2,2,2,1,19,19,53,0,0,0
22,CSE,3,7.99,77.51,173,67,3,0,4,4,65,14,35,0,0,1
22,ECE,2,7.72,73.43,158,43,2,0,3,2,29,13,51,0,1,1
20,CSE,1,8.23,76.1,342,23,4,2,3,5,80,16,61,0,1,1
20,ECE,3,7.6,70.12,81,17,1,0,4,3,14,16,45,1,0,1
22,CSE,2,8.11,77.8,211,27,2,4,2,4,68,23,55,0,1,1
21,ECE,2,8.74,79.95,135,77,2,2,2,2,25,18,53,0,1,1
19,IT,2,6.75,70.46,237,38,3,3,5,4,67,10,63,1,1,1
23,CSE,1,9.02,72.26,315,53,4,4,8,6,95,22,59,1,1,1
21,EEE,2,7.25,62.81,178,38,5,2,2,2,27,24,55,0,1,1
21,IT,2,5.96,65.34,177,36,4,2,2,4,44,15,37,1,1,1
20,EEE,2,8.08,71.4,156,28,6,1,5,0,32,15,47,1,1,1
21,Civil,3,8.06,73.01,163,38,5,0,3,1,30,4,31,0,1,1
20,Civil,2,7.93,72.14,264,18,6,0,3,2,42,36,39,1,1,1
20,ECE,2,7.21,85.09,99,43,3,1,2,4,32,28,46,0,0,0
21,ECE,3,6.55,68.24,40,41,3,1,1,2,12,15,56,1,0,1
21,ECE,2,7.05,63.23,130,27,2,2,3,2,13,17,64,0,1,1
23,IT,3,7.49,74.1,227,13,3,3,6,5,59,16,66,0,1,1
24,AIML,2,7.27,70.58,220,34,2,2,3,1,78,27,57,1,1,1
20,CSE,2,6.61,84.17,220,47,7,2,4,2,59,13,34,1,1,1
19,Civil,3,7.13,74.9,64,21,4,1,5,4,21,16,51,0,0,1
22,CSE,2,6.79,78.02,230,23,2,1,5,1,55,16,87,0,1,1
25,IT,2,6.93,72.38,321,35,4,1,3,2,80,23,50,0,1,1
23,CSE,3,7.97,76.84,258,44,4,0,3,6,84,21,37,0,1,1
18,CSE,2,6.49,67.03,156,41,2,2,2,1,51,17,41,0,1,1
20,CSE,2,7.78,74.54,258,61,0,0,5,5,66,19,72,0,1,1
19,ECE,3,6.89,65.73,77,25,4,1,2,3,17,18,29,0,1,1
23,ECE,3,7.58,71.18,81,25,1,2,1,1,26,20,51,0,0,1
21,Civil,2,6.71,73.69,209,29,6,1,4,1,32,10,44,0,1,1
21,Mechanical,2,7.31,76.1,119,25,4,0,0,2,27,4,43,0,0,1
21,Mechanical,2,6.77,73.19,174,24,4,1,6,2,24,9,48,0,0,1
20,ECE,3,7.6,70.03,121,39,4,3,3,0,17,17,45,0,1,1
21,AIML,3,5.8,84.06,162,21,6,1,4,2,52,16,53,0,0,1
19,Civil,2,7.42,73.08,166,54,3,1,2,5,28,19,54,1,1,1
22,ECE,2,6.37,72.09,89,17,4,0,2,0,22,20,49,0,0,1
22,Mechanical,3,6.79,80.56,129,34,0,0,6,0,22,0,45,1,0,1
22,CSE,2,7.21,66.54,233,18,2,2,7,3,55,26,47,0,0,0
20,ECE,3,7.95,74.19,162,46,2,1,3,3,26,18,56,0,1,1
23,IT,2,6.06,82.23,354,35,3,1,1,4,91,5,60,0,1,1
22,AIML,2,5.9,72.08,189,56,1,1,0,1,51,9,74,0,1,1
19,Mechanical,2,8.44,82.58,137,59,4,3,5,7,26,27,51,0,1,1
20,Civil,3,7.05,69.94,119,16,2,1,3,2,19,17,50,1,0,1
22,Civil,2,6.01,66.35,81,38,1,0,0,1,21,15,56,0,0,1
20,Mechanical,2,7.13,65.28,112,35,2,3,0,3,31,21,50,1,0,1
19,Mechanical,2,7.08,86.67,113,45,0,3,2,1,18,14,61,0,0,1
20,Civil,3,6.85,68.77,97,26,4,1,4,2,22,0,75,1,1,1
20,Mechanical,3,7.53,64.65,62,51,2,1,1,1,26,21,57,1,0,1
21,Mechanical,1,6.29,78.38,199,32,1,3,4,1,34,21,80,0,1,1
21,AIML,2,7.52,69.4,225,33,3,1,3,2,56,8,34,0,1,1
20,Chemical,2,7.09,77.61,78,24,0,1,2,0,13,34,48,0,1,1
22,ECE,3,7.28,78.01,176,22,1,0,1,2,28,25,34,1,0,1
20,AIML,2,8.24,83.62,337,33,3,0,3,2,90,28,50,0,1,1
20,ECE,3,8.19,66.43,116,39,2,1,5,3,20,20,45,1,0,1
20,Civil,3,8.68,80.4,114,59,3,1,5,3,25,16,44,0,1,1
22,Mechanical,3,5.71,60.65,88,46,4,0,2,2,27,10,49,1,0,0
24,CSE,3,7.63,74.83,246,26,3,1,6,0,80,16,65,0,1,1
21,ECE,2,8.13,82.03,123,37,3,3,4,3,25,14,52,0,1,1
19,Mechanical,2,6.98,60.33,105,25,2,2,4,1,17,23,55,0,0,1
20,Mechanical,2,7.45,70.76,205,21,3,1,4,3,32,13,44,0,0,1
20,CSE,2,8.6,70.91,330,48,5,1,9,1,77,25,54,0,1,1
23,Mechanical,1,7.55,75.28,177,54,2,3,2,3,31,8,79,0,1,1
19,Mechanical,3,8.42,69.14,115,56,2,0,1,2,16,30,56,0,0,1
24,AIML,2,7.43,78.54,189,41,2,2,0,3,55,32,42,1,0,0
21,IT,1,8.11,74.21,302,47,4,3,4,6,76,21,58,0,1,1
21,IT,2,8.26,76.04,207,38,3,2,5,1,70,22,71,0,1,1
23,Mechanical,2,6.54,72.54,159,35,2,3,2,2,31,3,45,0,0,1
18,Chemical,1,8.08,56.32,188,30,5,2,7,3,39,27,52,0,1,1
22,Chemical,3,6.91,64.64,62,58,1,1,2,1,22,21,34,0,0,1
19,Mechanical,3,8.35,86.95,88,65,4,0,1,2,19,29,42,0,1,1
23,IT,2,7.21,64.46,191,30,2,0,5,1,47,16,64,0,0,1
21,CSE,3,7.05,65.18,168,45,2,0,7,1,63,12,40,0,1,0
19,EEE,1,7.02,69.93,162,41,3,2,5,1,23,27,49,0,1,1
23,ECE,3,7.29,78.8,112,45,6,0,2,2,21,17,63,0,0,1
18,Mechanical,2,7.95,65.74,169,35,2,2,4,0,35,15,50,0,1,1
20,Chemical,3,7.4,71.83,179,20,1,1,4,1,26,13,50,0,0,1
22,CSE,2,9.37,88.54,244,66,7,2,3,5,58,24,50,1,1,1
21,IT,2,7.11,74.99,216,52,4,0,2,3,81,4,37,0,1,1
23,EEE,2,6.76,64.68,144,32,2,1,1,1,23,15,58,1,1,1
22,IT,2,7.39,80.88,232,15,0,1,8,7,68,30,50,0,1,1
22,CSE,3,7.64,72.12,363,25,4,0,3,2,90,14,61,0,1,1
20,EEE,2,6.42,73.74,101,41,2,0,2,3,24,23,41,0,0,1
20,CSE,3,8.46,71.61,198,45,7,3,4,3,59,11,37,0,1,1
24,IT,3,7.13,79.74,245,29,8,3,3,5,58,18,46,1,1,1
19,Chemical,2,8.94,76.31,128,46,2,3,3,1,32,21,50,0,1,1
21,ECE,3,8.48,78.71,132,39,3,3,2,3,23,14,59,0,1,1
20,CSE,2,8.06,63.01,303,64,4,2,3,2,74,9,62,0,1,1
20,Civil,1,7.73,85.22,156,16,3,1,5,2,26,24,42,0,1,1
21,CSE,3,6.49,79.92,187,43,4,1,5,6,64,6,43,0,0,1
22,AIML,2,6.96,64.01,191,33,4,1,1,0,52,13,53,0,1,1
22,Chemical,1,6.84,82.61,159,42,8,1,2,1,29,8,48,0,0,1
23,Mechanical,2,6.55,61.58,80,33,2,3,2,0,18,22,48,1,0,1
20,IT,3,7.59,65.45,221,49,5,0,4,6,62,21,50,0,1,1
21,EEE,2,7.78,73.43,98,51,1,5,5,1,22,17,68,0,1,1
18,ECE,3,6.03,70.58,106,14,2,0,2,1,18,13,51,1,0,1
22,Civil,3,6.94,78.41,56,39,1,2,0,0,15,9,42,0,0,1
20,ECE,3,6.66,70.69,128,25,2,2,3,1,21,7,38,0,0,1
21,EEE,3,8.59,70.06,117,23,2,0,7,1,18,32,23,0,0,0
20,CSE,2,5.72,75.81,164,42,0,1,4,7,44,7,47,1,1,1
22,AIML,2,9.13,78.0,280,73,6,1,7,2,55,29,61,0,1,1
22,CSE,3,7.84,79.59,280,40,4,3,7,7,61,15,52,0,1,1
23,EEE,2,5.32,73.72,116,12,2,0,1,2,22,0,45,0,0,0
19,ECE,3,6.8,67.88,110,49,4,0,3,3,17,27,64,0,0,1
25,IT,3,7.73,73.0,232,28,9,1,4,7,61,12,48,0,1,1
20,AIML,3,6.77,76.24,216,13,5,2,2,0,49,10,40,0,1,1
20,ECE,2,7.27,80.02,100,23,1,0,3,1,23,18,54,0,0,1
20,CSE,2,9.43,75.94,268,79,9,0,6,4,84,24,56,0,1,1
20,Civil,3,6.99,72.16,189,53,0,0,0,3,26,7,68,0,0,1
21,Civil,2,6.58,61.37,89,46,0,0,3,1,9,17,59,1,0,1
20,EEE,3,8.13,73.2,103,38,1,0,5,1,23,13,43,0,0,1
21,Civil,2,6.31,80.59,73,15,3,2,1,3,23,19,59,0,1,1
22,EEE,2,8.1,63.12,241,36,2,2,1,2,33,11,37,0,1,1
23,ECE,3,7.85,87.84,142,45,0,0,5,1,22,17,39,0,0,1
22,EEE,3,8.9,91.4,153,69,6,1,2,0,28,23,51,0,1,1
21,CSE,2,7.85,66.78,212,40,3,2,3,5,55,28,47,0,1,1
20,AIML,2,7.3,66.03,210,40,6,1,4,6,63,29,48,1,1,0
22,ECE,2,7.48,74.06,235,25,1,1,2,2,40,13,44,0,0,1
19,CSE,2,9.32,76.99,231,35,2,0,5,2,69,33,53,0,1,1
20,Mechanical,3,7.4,81.13,83,17,6,1,4,2,16,20,44,0,0,1
19,CSE,3,7.17,78.4,194,3,5,2,4,3,59,18,50,0,1,1
22,IT,3,7.29,72.83,239,43,3,1,4,0,57,11,55,0,0,1
21,ECE,2,7.9,66.11,170,76,3,0,6,2,28,9,66,0,1,1
22,CSE,1,7.43,71.94,292,57,4,0,2,2,76,19,54,0,1,1
20,AIML,3,6.47,88.57,216,41,2,1,5,2,60,22,48,0,0,0
21,ECE,2,6.93,73.85,146,48,1,0,4,0,25,10,41,0,0,1
21,CSE,3,6.6,81.28,225,36,3,0,4,1,62,16,41,1,0,1
19,CSE,2,7.37,76.32,231,47,5,0,5,3,64,0,59,0,1,1
21,CSE,3,6.83,84.13,192,47,7,0,5,0,51,15,49,0,0,1
22,ECE,2,7.35,73.18,168,40,4,0,2,0,33,15,29,0,1,1
21,Civil,3,7.22,81.73,111,13,2,1,1,3,23,22,46,0,0,1
19,Mechanical,2,7.72,81.66,109,54,3,1,1,1,30,19,42,1,0,0
22,IT,1,6.93,72.92,286,27,4,0,4,5,72,21,46,0,1,1
20,Mechanical,2,8.95,79.4,183,38,3,1,2,2,29,28,36,0,0,1
18,Chemical,2,8.56,67.25,145,43,2,0,2,1,25,34,61,0,1,1
20,ECE,2,7.96,72.96,235,43,4,1,2,1,41,29,52,0,1,1
21,Civil,2,8.13,93.6,136,55,9,1,5,5,16,28,69,0,1,1
20,Mechanical,2,6.53,83.64,141,51,1,0,1,0,23,29,33,0,0,1
22,CSE,2,7.0,71.98,223,42,4,0,2,1,65,22,43,0,1,1
20,ECE,2,7.1,66.92,107,49,2,0,4,2,20,19,71,0,1,1
22,Chemical,2,6.29,78.97,75,33,2,0,2,1,22,26,51,0,0,1
20,CSE,2,7.18,75.19,239,25,3,1,2,4,68,22,35,1,1,1
22,CSE,1,9.68,84.51,364,72,2,2,5,3,92,22,53,1,1,1
22,AIML,1,7.84,73.17,366,26,8,0,6,3,94,27,52,1,1,1
21,CSE,2,8.8,88.83,227,32,3,3,7,2,61,34,65,1,1,1
19,CSE,1,8.99,80.79,279,48,2,2,5,4,85,33,50,1,1,1
21,ECE,3,6.55,75.54,42,32,2,0,2,0,13,14,37,0,0,1
25,Mechanical,2,7.53,66.92,173,42,4,1,1,1,29,22,62,0,1,1
24,AIML,1,7.41,68.45,322,62,4,3,2,4,75,17,56,0,1,1
20,Civil,2,8.29,68.68,171,41,2,1,4,2,29,30,48,0,0,1
22,Chemical,1,8.15,79.37,190,31,1,1,2,3,28,7,57,0,1,1
20,ECE,3,8.77,78.78,186,53,6,1,4,1,30,32,51,0,1,1
20,Chemical,2,7.68,65.36,132,64,5,2,4,2,35,13,36,0,1,1
22,EEE,2,8.2,78.57,96,56,4,1,2,2,14,11,55,0,1,1
21,CSE,3,6.8,72.77,173,38,3,1,3,6,57,18,50,1,0,1
21,CSE,2,6.25,57.02,303,31,3,1,2,2,63,20,48,0,1,1
23,ECE,2,8.07,70.82,152,55,4,2,4,3,26,0,42,0,1,1
20,Chemical,3,7.48,75.7,75,23,4,2,1,0,11,24,57,0,0,1
22,CSE,2,7.97,68.32,223,37,4,1,2,4,76,17,63,0,1,0
21,EEE,2,8.7,76.05,249,35,3,2,3,1,32,39,39,0,1,1
19,Mechanical,2,7.79,69.7,120,64,2,0,0,4,31,28,36,0,0,0
21,Chemical,3,8.06,64.72,115,72,1,0,3,2,22,16,43,0,1,1
24,Civil,2,8.37,61.95,226,64,8,1,2,4,31,12,60,0,1,1
21,CSE,2,7.37,65.34,216,36,3,0,5,3,78,17,41,0,0,1
19,CSE,2,6.99,86.27,270,16,5,0,1,5,77,8,55,1,0,1
22,AIML,2,9.18,70.7,240,52,3,1,4,0,57,31,59,0,1,1
24,AIML,1,8.08,74.62,296,35,7,1,4,0,67,18,55,0,1,1
23,Civil,1,7.99,75.1,186,43,5,3,1,3,35,18,64,0,1,1
21,EEE,2,6.66,84.89,69,37,3,2,4,2,23,23,58,0,1,1
21,Chemical,2,7.71,60.15,126,60,5,0,4,2,20,22,63,1,0,1
21,IT,2,7.77,69.81,196,43,6,2,4,4,40,2,71,0,1,1
22,IT,2,6.7,73.44,190,40,4,1,0,1,59,16,61,0,0,1
23,AIML,3,7.98,74.6,190,61,5,0,5,7,48,22,51,0,1,1
22,ECE,2,7.28,70.24,176,43,4,1,1,5,35,16,39,0,1,1
21,Mechanical,3,5.47,71.28,64,21,0,0,2,1,15,4,37,1,0,1
19,Mechanical,2,7.05,57.65,218,23,4,1,4,3,25,18,58,0,0,1
21,Mechanical,2,8.32,74.43,121,51,6,3,6,1,24,19,59,1,1,1
20,Civil,2,6.74,67.39,147,46,2,1,4,1,19,13,48,0,0,1
19,CSE,2,9.56,86.59,308,58,7,1,5,3,61,24,66,0,1,1
21,AIML,2,7.91,60.26,186,49,7,2,3,2,55,22,68,0,1,1
22,EEE,1,9.65,79.12,249,77,5,1,5,1,33,30,70,1,1,1
23,ECE,1,6.81,70.34,159,39,11,2,3,1,27,13,59,0,1,1
22,CSE,2,6.47,67.42,191,32,2,0,3,3,67,7,55,0,1,1
23,CSE,2,7.3,68.9,205,56,2,2,6,1,57,8,54,0,1,1
22,Chemical,3,6.27,68.78,93,33,5,0,7,3,26,9,58,0,0,1
22,Civil,2,7.11,80.08,100,35,5,0,3,3,24,17,59,0,0,1
18,IT,1,9.1,83.3,270,60,6,3,6,2,83,30,65,1,1,1
22,EEE,1,7.49,68.55,297,29,3,1,5,1,40,10,53,1,0,1
19,CSE,3,6.0,63.73,145,10,1,0,5,1,55,10,47,0,0,1
19,CSE,3,7.61,66.29,195,52,5,1,4,1,65,11,23,1,0,1
20,IT,3,8.47,83.75,219,71,6,0,2,2,57,20,43,0,1,1
23,AIML,3,5.76,63.8,152,56,1,3,2,3,39,6,42,1,1,1
22,Chemical,3,6.2,60.78,136,24,5,1,2,2,33,7,56,0,0,1
24,CSE,3,7.4,73.79,199,38,9,1,7,3,61,11,77,0,1,1
25,ECE,2,6.48,72.15,68,10,1,1,2,0,18,16,73,0,0,1
23,Civil,3,7.21,70.53,108,36,3,0,3,2,22,17,52,0,0,1
20,CSE,1,8.97,78.93,317,88,6,1,7,1,87,16,76,0,1,1
23,ECE,3,7.03,70.71,97,30,1,2,5,2,26,20,52,0,1,1
23,IT,1,8.14,78.99,270,70,3,2,4,2,64,28,65,1,1,1
23,AIML,3,7.8,76.25,170,24,3,1,4,1,55,24,36,1,1,1
20,AIML,2,6.83,66.75,189,39,6,2,5,2,44,6,53,1,1,1
19,Mechanical,2,6.6,75.05,153,37,3,2,4,1,25,15,55,0,0,1
24,ECE,3,8.2,69.63,152,58,3,2,3,2,39,31,42,0,0,1
20,CSE,2,7.54,66.0,317,35,2,2,3,1,72,28,39,1,1,1
21,IT,3,7.53,74.65,194,16,4,0,7,2,47,13,52,0,0,1
21,Mechanical,2,7.47,75.93,97,60,1,1,3,1,24,27,47,0,1,1
19,Mechanical,2,7.39,79.04,172,27,1,1,4,2,32,12,62,0,0,1
18,Chemical,3,7.51,86.4,171,27,1,1,1,1,27,14,44,0,1,1
25,Mechanical,2,6.55,57.52,87,27,3,1,2,1,21,8,44,0,1,1
23,CSE,2,7.83,70.35,200,26,1,4,4,2,59,15,56,0,1,1
23,CSE,2,6.65,71.55,201,22,1,0,1,1,67,14,16,0,1,1
20,ECE,3,9.33,91.08,199,50,6,3,7,2,25,25,53,0,1,1
20,ECE,2,8.02,72.3,168,55,5,2,3,1,30,24,51,1,1,1
21,ECE,2,7.74,62.68,185,38,5,0,2,3,29,41,58,0,1,1
21,Mechanical,1,6.84,63.64,197,20,5,2,0,1,37,21,58,0,1,1
18,AIML,2,8.44,74.99,275,26,4,3,7,4,82,20,46,0,1,1
22,Chemical,2,7.1,74.84,260,51,3,1,1,1,32,15,61,0,1,1
25,ECE,3,7.86,89.98,187,30,6,0,6,0,36,35,41,0,0,1
21,Mechanical,3,6.78,66.51,68,42,2,0,3,2,7,16,29,0,0,1
21,IT,3,5.72,71.44,135,25,4,1,7,3,43,7,41,1,0,1
21,Mechanical,3,8.66,84.37,167,53,3,1,3,3,33,14,29,0,0,1
19,Chemical,3,7.84,70.45,93,51,1,0,3,4,22,9,49,1,0,1
20,CSE,1,7.42,84.78,344,44,1,2,3,1,88,3,51,0,1,1
21,ECE,3,9.02,74.14,178,42,3,0,1,3,25,5,54,1,0,0
21,Mechanical,1,7.73,66.83,249,42,5,1,4,3,39,3,48,0,1,1
21,Civil,1,8.78,88.21,210,42,3,1,3,2,28,28,62,0,1,0
23,EEE,1,6.36,69.36,148,48,3,2,3,1,31,11,69,0,1,0
20,AIML,3,7.07,64.1,157,44,7,2,7,2,52,9,40,1,0,1
18,EEE,3,7.1,68.97,109,17,2,1,3,5,22,7,45,1,1,1
19,EEE,2,6.66,65.6,113,46,1,1,4,1,17,12,67,1,1,1
20,CSE,3,6.6,66.53,152,39,4,2,5,4,60,21,42,0,1,1
21,EEE,3,7.48,74.47,143,11,3,0,3,1,26,29,69,0,0,1
22,ECE,3,7.2,69.92,113,29,0,0,5,0,16,9,50,0,0,1
23,AIML,3,7.18,86.7,240,53,3,0,2,2,69,9,64,0,1,1
22,AIML,2,7.07,69.39,186,41,4,2,7,1,50,12,62,0,0,1
21,Mechanical,2,8.37,75.0,178,62,3,1,4,1,33,27,43,0,1,1
20,CSE,2,6.44,80.26,229,41,5,0,3,1,86,14,48,0,1,1
21,AIML,1,7.8,82.95,251,46,6,1,0,1,53,11,44,1,1,1
20,Mechanical,3,6.97,76.84,278,44,2,1,0,0,36,11,31,1,0,1
23,AIML,2,7.05,69.04,183,32,4,3,2,4,53,13,66,0,1,1
21,CSE,2,5.65,77.46,153,42,3,0,3,3,52,17,49,1,1,1
20,Chemical,2,7.47,70.47,237,41,2,0,3,1,28,20,51,0,1,1
20,ECE,2,6.98,64.17,134,40,0,1,4,2,20,10,72,1,0,1
20,AIML,2,7.74,69.86,345,59,2,1,3,2,88,1,61,0,1,1
23,CSE,3,9.96,86.76,357,67,6,2,8,5,78,22,32,0,1,1
19,CSE,3,7.5,71.44,286,46,2,0,4,2,68,25,49,0,1,1
18,Mechanical,3,7.75,75.48,187,33,6,1,5,0,31,22,39,1,0,1
20,IT,3,6.68,63.81,155,30,5,3,6,2,56,19,56,0,0,1
22,CSE,3,7.5,79.04,168,40,5,2,4,3,41,21,59,0,0,1
21,Civil,2,7.4,67.81,99,17,0,1,4,1,21,1,54,1,0,1
22,Mechanical,2,6.8,64.85,83,45,4,1,6,2,11,23,57,0,0,1
21,Mechanical,3,6.58,68.85,62,30,2,1,4,1,12,6,64,1,0,1
19,EEE,3,7.75,64.97,160,46,3,3,6,1,31,15,27,0,0,0
23,Civil,2,6.93,65.0,188,28,0,0,0,2,28,22,37,0,0,1
20,IT,2,6.7,64.63,269,55,3,2,3,3,61,25,64,1,1,1
19,CSE,1,8.87,79.29,372,31,3,1,3,6,87,33,50,0,1,1
21,CSE,3,8.65,71.99,229,14,3,1,5,4,53,18,40,0,1,1
19,CSE,2,6.71,72.86,234,49,1,2,5,4,65,24,63,0,1,1
19,Civil,1,8.65,75.84,259,27,0,2,5,0,33,21,76,0,1,1
22,EEE,3,5.96,65.05,119,18,3,1,0,2,28,23,51,1,0,1
21,CSE,3,6.54,78.87,164,8,3,0,5,2,56,18,52,0,1,1
20,CSE,2,6.47,58.46,172,48,3,0,6,2,59,8,33,0,1,1
20,Mechanical,2,7.07,76.23,157,48,3,0,3,3,27,22,52,0,0,1
22,IT,2,7.5,65.34,207,52,11,3,1,6,78,21,49,0,1,1
19,Mechanical,1,6.68,64.96,121,51,2,1,1,3,22,19,62,0,1,1
19,Chemical,1,7.38,69.87,139,50,4,3,2,5,21,14,62,0,1,0
21,Mechanical,2,6.69,69.1,162,30,5,1,3,1,34,17,51,0,0,1
21,CSE,3,7.55,73.06,179,43,3,1,5,1,54,12,37,0,1,1
25,EEE,1,7.85,75.13,172,53,3,1,5,3,38,21,64,0,1,1
21,EEE,3,8.53,72.99,103,51,1,2,2,3,27,30,44,0,1,1
19,Civil,2,6.01,51.83,129,22,2,0,0,2,21,7,38,0,0,1
21,AIML,1,8.71,72.0,323,48,5,4,0,4,92,15,64,0,1,1
22,Mechanical,2,8.46,82.14,114,48,4,0,5,1,27,14,45,1,0,1
20,EEE,1,7.29,76.47,151,51,6,1,2,0,18,10,58,1,1,1
21,ECE,2,7.18,76.34,100,41,4,0,1,1,17,15,43,0,1,1
20,AIML,2,7.78,72.35,196,45,5,0,2,5,62,20,64,0,1,1
23,CSE,2,8.35,79.29,310,35,2,3,3,7,65,34,60,0,1,1
23,Mechanical,2,5.75,64.3,45,35,2,0,6,1,20,7,69,0,0,1
21,CSE,1,7.35,70.11,314,34,3,1,6,0,75,10,65,0,1,1
24,IT,1,8.12,71.04,255,51,3,0,1,3,70,19,54,1,1,1
25,ECE,3,7.41,79.59,83,38,5,1,4,1,7,22,61,0,0,1
19,IT,3,7.37,54.65,169,29,7,1,2,1,50,16,38,0,1,1
21,EEE,2,6.11,69.53,81,29,3,0,4,2,27,0,60,0,0,1
21,IT,3,6.92,72.12,152,29,4,0,6,3,46,18,49,0,1,1
19,ECE,2,7.17,73.47,136,33,6,0,2,3,26,8,60,0,1,1
21,CSE,3,6.59,69.62,141,33,1,2,3,1,30,8,54,1,0,1
20,ECE,2,8.44,84.77,148,45,2,1,7,3,20,8,35,0,0,0
24,EEE,2,7.18,72.37,72,18,7,0,1,2,17,16,56,1,0,1
21,Civil,2,6.77,69.28,96,52,3,0,4,0,18,0,56,0,0,1
22,CSE,2,9.16,82.99,298,43,2,1,3,2,96,11,50,0,1,1
21,IT,3,7.73,62.71,202,62,5,1,2,4,55,33,37,1,1,1
20,AIML,1,7.89,69.24,334,49,6,0,5,2,90,19,54,0,1,1
23,CSE,3,7.24,79.65,246,24,3,2,5,2,71,6,43,0,0,1
18,IT,2,6.93,73.22,194,25,4,0,7,3,71,0,58,0,1,0
19,Civil,2,6.79,61.03,185,40,2,0,1,3,26,17,71,0,0,1
21,IT,2,6.5,88.28,213,21,2,0,4,1,59,19,45,0,0,1
22,AIML,3,7.06,70.57,239,51,6,0,5,5,60,26,44,0,1,1
20,Chemical,2,6.21,63.64,135,40,2,2,2,1,28,11,67,0,0,1
19,Mechanical,2,8.26,65.55,154,74,7,0,3,2,29,19,49,0,1,1
20,IT,3,6.78,80.29,158,42,4,2,4,0,51,24,53,0,0,1
20,Mechanical,2,8.23,68.9,232,32,2,1,7,2,28,5,57,0,0,1
18,EEE,2,6.79,68.14,110,45,3,2,3,2,21,9,56,0,1,1
21,Civil,1,8.08,77.28,188,45,3,1,4,3,29,23,58,1,0,1
19,CSE,3,6.16,54.77,169,32,2,1,4,3,41,23,47,0,0,1
20,ECE,3,6.81,76.65,79,42,1,0,1,0,14,16,62,1,0,1
22,Mechanical,1,7.31,66.23,169,28,3,0,2,0,33,4,37,0,0,1
22,Chemical,3,7.56,80.88,266,47,1,1,2,0,35,20,65,0,1,1
20,EEE,1,6.68,72.51,241,43,1,0,2,2,29,10,46,0,1,1
20,CSE,3,8.58,84.61,194,51,4,1,5,4,77,16,55,0,1,1
20,Chemical,1,7.73,75.32,202,16,3,0,4,4,32,17,64,0,1,1
24,ECE,2,7.44,80.16,127,41,3,0,0,2,24,22,53,0,1,1
20,ECE,3,6.11,71.91,130,13,2,0,2,2,30,27,44,0,0,1
20,AIML,2,7.76,73.58,206,25,3,0,6,3,63,22,62,0,1,1
21,Mechanical,3,8.28,78.05,143,30,5,0,7,1,14,26,47,1,0,1
20,ECE,3,6.56,50.0,74,32,2,0,2,6,18,6,42,0,0,1
20,Chemical,2,6.99,67.72,96,33,5,0,2,3,6,28,48,0,0,0
19,ECE,1,7.53,81.53,152,60,5,0,1,1,27,21,78,1,1,1
22,CSE,3,7.08,62.87,155,49,3,1,3,1,41,14,40,1,1,1
21,Mechanical,2,6.69,66.49,100,51,3,0,5,1,17,15,50,0,0,1
22,CSE,2,7.84,63.63,234,53,6,0,6,2,65,21,63,1,1,1
22,AIML,2,8.5,63.95,250,31,4,3,8,4,65,24,60,1,1,1
20,Chemical,2,7.44,70.24,105,30,4,2,4,6,27,21,71,0,0,1
23,Chemical,2,6.73,73.56,130,1,3,0,5,1,18,17,47,0,0,1
22,Mechanical,3,6.4,67.62,39,33,0,1,1,2,13,10,68,0,0,1
22,AIML,2,9.56,70.85,289,72,3,5,8,4,93,24,64,1,1,1
22,Mechanical,3,6.97,63.1,80,38,3,1,3,0,9,11,58,0,1,1
21,EEE,2,7.93,67.63,126,28,2,1,1,2,17,17,63,0,1,1
20,ECE,1,6.33,67.2,146,22,0,0,4,2,33,16,63,0,1,1
21,ECE,3,6.71,63.8,61,41,3,0,3,2,11,11,60,0,0,1
19,ECE,3,8.26,83.13,94,38,6,1,1,0,21,19,51,0,1,1
21,IT,3,6.6,65.11,191,47,5,0,2,3,51,19,53,1,0,1
19,ECE,2,6.8,67.32,80,46,0,1,4,0,20,9,46,1,0,1
18,CSE,2,7.8,77.67,213,39,4,2,4,6,61,25,71,1,1,1
24,Civil,1,7.19,57.75,165,24,1,0,5,3,20,21,56,0,1,1
22,Civil,3,7.81,84.59,125,49,5,0,4,2,29,21,49,0,0,1
21,IT,3,6.79,76.5,208,27,6,4,6,1,59,24,58,0,1,1
20,Chemical,2,7.41,78.32,266,46,2,0,0,3,44,10,53,0,1,1
21,Mechanical,2,8.05,69.58,225,51,3,0,0,2,24,26,58,1,1,1
23,Civil,3,6.96,65.21,101,30,2,2,2,2,28,26,53,0,0,1
22,Civil,2,6.43,65.3,61,54,1,0,5,2,20,19,48,0,0,1
21,IT,2,7.13,69.08,229,34,5,3,5,2,49,6,62,0,1,1
21,Mechanical,2,6.65,79.16,81,48,1,1,1,1,30,19,45,0,0,1
20,CSE,2,7.08,58.0,265,48,4,1,4,2,75,14,61,1,0,1
22,Chemical,2,7.5,82.15,112,36,4,1,2,1,15,16,58,0,0,1
25,EEE,2,7.5,71.53,85,25,3,3,2,3,17,23,48,1,1,1
21,Mechanical,2,8.27,83.01,312,45,2,4,8,3,38,16,56,1,1,1
21,IT,2,6.83,73.58,200,46,4,2,7,7,60,25,62,1,1,1
21,CSE,2,7.48,77.45,317,37,4,0,4,3,70,17,53,1,1,1
21,CSE,3,8.51,82.94,198,42,9,1,6,4,66,11,35,1,1,1
25,CSE,2,7.78,73.07,237,48,4,0,8,2,80,10,48,0,1,1
22,ECE,1,8.55,69.75,232,50,4,3,3,2,31,18,74,1,1,1
21,AIML,2,7.45,66.54,194,30,4,0,2,4,62,7,49,0,1,1
21,Chemical,2,8.18,81.96,133,25,3,2,1,0,24,25,46,1,1,1
21,Civil,2,7.34,83.33,107,47,8,3,4,3,15,26,47,1,0,1
19,ECE,3,6.15,63.63,187,22,2,1,3,3,35,18,65,0,0,1
21,Civil,3,7.9,82.12,182,36,3,1,4,0,31,22,66,1,0,1
22,EEE,2,7.81,80.82,128,56,4,0,2,1,23,12,53,0,0,1
22,Chemical,2,7.53,62.6,104,75,2,0,5,0,23,26,45,0,0,1
20,Mechanical,2,6.69,76.99,86,62,4,2,6,1,17,17,69,0,1,1
22,Mechanical,1,9.07,73.92,245,50,7,2,6,4,28,31,66,0,1,1
22,AIML,1,8.42,86.65,328,65,4,0,1,1,91,27,66,0,1,1
20,Mechanical,2,6.96,73.12,92,19,1,2,2,3,22,9,39,0,1,1
22,Mechanical,1,8.96,95.34,223,45,2,0,4,1,40,33,59,0,1,1
21,CSE,2,8.66,76.75,235,42,7,0,4,1,80,12,61,0,1,1
23,CSE,1,7.58,69.19,277,33,6,4,9,2,84,26,54,1,1,1
20,Civil,3,6.62,74.23,81,37,6,0,1,1,13,25,40,0,0,1
20,Chemical,2,7.9,80.03,100,47,3,0,5,3,24,17,50,1,0,1
21,EEE,3,7.18,76.35,67,33,3,0,2,3,11,10,44,0,0,1
19,CSE,3,9.64,77.58,198,55,5,0,5,2,54,25,32,0,1,1
21,ECE,3,6.47,75.56,77,22,3,0,0,2,16,19,53,0,1,1
22,CSE,3,8.68,68.95,217,11,5,2,2,2,66,29,36,0,1,0
20,Civil,3,7.0,55.93,73,39,4,0,2,1,16,13,45,0,0,1
21,CSE,2,7.3,75.32,217,44,3,2,5,1,52,23,34,0,1,1
25,IT,2,6.78,86.76,180,48,2,1,5,4,51,6,33,0,0,1
21,ECE,2,7.6,78.07,114,24,5,1,4,2,14,19,41,0,0,1
21,Mechanical,2,6.76,65.65,79,17,0,0,4,1,15,28,60,0,0,1
21,Civil,2,7.3,70.55,96,12,5,0,2,2,25,11,49,0,0,1
20,ECE,1,6.68,70.83,196,40,3,2,2,1,26,21,33,0,1,1
20,CSE,1,6.05,62.47,286,22,5,2,1,9,64,10,73,0,1,1
22,CSE,2,7.31,65.9,216,30,4,2,6,2,63,18,57,0,1,1
21,EEE,3,8.46,79.15,144,53,5,2,3,2,26,15,59,0,1,1
20,CSE,3,7.56,76.65,216,59,5,1,1,0,60,20,47,0,0,1
19,EEE,2,7.35,66.45,105,32,5,0,5,2,21,28,35,0,0,1
23,ECE,3,9.57,70.42,173,64,1,0,7,1,30,32,40,0,0,1
19,IT,3,5.37,65.07,193,34,3,0,2,4,46,9,65,0,0,1
22,AIML,3,7.58,70.63,182,60,4,2,1,3,65,20,30,0,1,1
21,Civil,3,6.6,74.9,111,39,0,0,1,2,26,11,39,0,1,1
21,Mechanical,3,7.38,67.66,77,31,4,1,3,2,24,17,34,0,0,1
20,ECE,3,6.68,72.91,79,27,4,0,6,2,14,20,40,0,0,1
20,ECE,2,6.92,74.28,93,56,2,3,3,2,12,25,49,1,0,1
21,IT,3,7.57,79.03,196,66,4,0,4,1,58,4,72,0,0,1
22,IT,2,7.33,72.15,235,27,4,1,3,2,56,9,62,0,1,1
20,Civil,3,6.72,65.95,86,12,4,0,2,0,9,21,37,0,0,0
21,ECE,3,6.2,66.98,109,38,3,0,0,1,19,0,62,0,0,1
21,CSE,2,8.14,73.95,213,28,1,3,0,2,49,12,49,0,1,1
20,Chemical,2,7.29,86.47,150,22,3,2,1,1,29,18,46,0,0,1
21,EEE,1,6.69,66.94,157,24,0,0,3,0,25,23,58,1,1,1
20,CSE,2,6.05,81.81,183,24,7,0,4,1,41,5,45,0,0,1
21,CSE,3,7.57,73.8,161,19,2,1,6,2,34,32,61,1,1,1
19,IT,2,7.23,69.55,203,48,4,1,5,7,64,16,57,0,1,1
21,EEE,3,7.48,68.48,73,37,1,2,5,2,13,20,28,1,0,1
20,Chemical,3,9.5,72.04,153,58,3,3,3,1,21,19,45,1,1,1
21,CSE,3,8.03,73.6,201,34,2,1,4,4,50,21,33,0,1,1
21,IT,3,7.31,72.11,276,41,3,1,4,3,66,15,34,0,1,1
23,AIML,2,6.06,68.67,235,30,5,1,2,4,68,19,55,0,1,1
21,ECE,2,8.87,93.04,368,55,4,1,6,1,48,26,74,0,1,1
22,Mechanical,2,7.56,83.03,310,26,1,0,3,0,39,26,41,0,1,1
20,CSE,2,9.57,80.42,282,64,8,1,2,1,60,36,64,0,1,1
21,Chemical,1,7.05,68.88,142,37,4,2,6,2,30,11,54,1,1,1
19,AIML,2,6.4,59.75,206,24,3,2,5,2,59,21,67,1,1,1
21,Mechanical,3,8.56,78.4,127,49,2,3,1,1,22,18,49,0,1,1
22,EEE,3,7.56,80.27,206,55,1,1,2,2,37,12,54,0,1,1
23,ECE,2,8.55,85.68,144,56,0,1,5,1,17,23,62,0,1,1
21,Civil,2,6.46,65.9,126,45,4,3,4,0,16,5,51,1,0,1
22,EEE,2,6.45,60.29,104,34,1,1,2,2,20,24,49,0,1,1
20,Mechanical,1,6.87,71.21,140,25,5,0,6,1,24,6,56,1,1,1
19,EEE,1,5.39,69.76,123,25,3,1,2,1,20,1,67,0,1,1
22,Mechanical,3,6.91,68.93,100,37,4,0,5,0,22,15,39,0,0,1
20,CSE,3,5.76,70.88,148,43,4,0,1,4,47,22,43,0,1,1
19,EEE,3,7.41,72.07,73,29,5,0,2,1,26,20,41,1,0,0
24,Civil,3,7.27,73.5,144,53,5,1,2,1,25,11,59,0,1,1
24,EEE,1,6.99,73.17,163,50,7,2,6,3,30,14,67,0,1,1
21,Mechanical,2,7.93,74.03,229,60,1,1,4,3,32,24,57,0,1,1
21,Chemical,2,7.64,64.61,144,51,1,1,2,0,16,7,46,0,1,1
23,CSE,1,8.88,86.04,292,48,4,2,9,3,54,28,54,1,1,1
20,Mechanical,2,9.07,74.02,146,42,3,2,0,0,23,23,60,0,1,1
21,Civil,3,7.46,56.68,87,58,1,1,2,3,21,8,51,1,0,1
21,CSE,2,7.87,73.45,352,49,5,1,8,3,78,31,56,0,1,0
23,CSE,3,7.85,76.72,175,22,3,1,2,4,56,28,55,0,0,1
23,AIML,1,9.39,85.66,272,67,4,1,5,1,89,31,60,0,1,1
22,Civil,3,6.15,70.11,44,32,4,0,1,3,25,9,76,1,0,1
19,Chemical,2,7.02,71.97,111,42,3,1,2,2,25,7,39,1,1,1
21,Civil,3,6.18,69.8,122,57,2,1,1,0,23,3,51,0,0,1
20,ECE,2,6.97,66.32,157,35,3,1,3,2,35,21,66,1,1,1
23,EEE,1,7.42,70.32,237,14,2,2,2,1,32,20,51,1,1,1
20,CSE,2,6.75,76.73,179,38,5,2,5,5,66,13,49,1,1,1
19,Chemical,2,7.85,70.56,103,35,9,2,2,2,38,22,66,0,1,1
22,Chemical,2,7.93,75.34,127,39,4,2,7,2,18,17,64,0,1,1
21,EEE,2,7.49,69.99,135,31,0,0,3,0,28,10,71,0,0,1
23,CSE,3,7.62,68.97,169,20,3,1,5,5,76,14,57,1,1,1
19,Chemical,3,8.86,76.05,153,57,2,0,2,2,35,23,55,0,1,1
22,Civil,1,8.06,73.6,241,63,6,3,3,4,34,32,63,0,1,1
19,Chemical,2,6.37,68.41,118,40,3,1,4,1,26,15,52,1,1,1
18,ECE,2,6.83,72.8,120,25,4,3,3,2,23,9,69,0,1,1
21,IT,1,7.01,58.1,275,36,2,3,3,3,83,21,45,0,1,1
20,IT,2,8.7,73.94,220,81,1,1,8,3,74,32,56,0,1,1
21,ECE,3,6.92,75.04,63,45,0,0,2,0,19,11,46,0,0,1
18,Civil,2,6.62,79.97,178,36,1,0,2,3,23,22,48,0,0,0
19,CSE,2,6.53,61.5,297,18,4,0,5,2,82,17,64,0,1,1
22,EEE,3,6.86,63.29,138,38,5,0,5,2,27,12,43,1,1,1
20,Civil,3,6.83,72.37,57,31,0,0,2,3,17,2,50,1,0,1
22,AIML,2,6.85,78.02,240,46,1,1,3,1,47,8,45,0,0,1
22,ECE,1,8.49,70.84,312,45,2,0,7,1,36,15,60,0,1,1
19,Mechanical,2,9.94,59.02,949,95,13,4,2,1,71,5,56,0,1,1
22,ECE,3,7.28,73.94,84,57,4,0,4,2,20,0,69,0,1,1
20,ECE,3,7.99,68.51,181,21,5,0,3,3,29,25,36,0,1,1
21,Mechanical,1,8.45,87.08,194,52,4,1,5,2,20,12,65,1,1,1
19,CSE,3,6.83,69.99,200,56,2,0,7,1,59,21,61,0,1,1
23,Mechanical,2,8.52,68.06,239,60,5,2,5,2,35,24,50,0,1,1
21,Civil,1,7.73,67.45,278,12,5,0,2,1,44,20,64,0,1,1
21,CSE,1,7.25,73.15,237,63,3,0,3,4,52,23,49,0,1,1
24,CSE,1,8.52,73.87,333,27,3,3,4,3,84,16,52,1,1,1
20,CSE,1,8.08,75.5,303,20,6,3,11,2,69,19,36,1,1,0
23,Mechanical,2,7.75,94.18,134,19,3,0,5,0,23,9,61,0,1,1
22,IT,3,7.04,64.13,157,45,4,1,1,0,31,28,54,0,1,1
24,ECE,3,7.35,77.72,131,27,2,0,0,1,27,13,34,0,0,1
23,Mechanical,3,6.73,79.73,70,25,3,1,4,2,12,18,42,0,0,1
25,ECE,3,7.17,80.22,224,31,4,2,6,6,29,33,55,0,1,1
20,EEE,1,7.39,65.53,147,55,5,1,3,2,26,7,49,0,1,1
22,Civil,2,7.71,74.32,115,50,3,1,4,3,24,28,54,0,0,1
22,ECE,1,9.06,67.82,229,32,3,2,7,2,29,17,73,1,1,1
22,Civil,3,7.2,77.48,119,28,1,0,5,3,21,15,42,0,0,1
20,ECE,2,8.17,71.82,98,23,4,2,3,3,10,22,65,0,1,1
24,IT,3,7.46,75.12,349,30,3,1,5,1,94,20,42,0,1,1
20,AIML,2,8.48,85.64,241,51,6,1,3,2,60,18,79,0,1,1
21,Mechanical,3,8.8,78.76,119,44,2,0,1,2,22,37,24,0,0,1
21,EEE,3,6.91,72.61,77,21,1,0,1,0,12,19,36,0,0,0
20,Mechanical,2,6.05,66.75,96,43,1,1,2,2,28,2,51,0,0,1
22,ECE,3,6.29,77.88,159,33,3,1,2,0,26,18,56,0,0,1
19,Civil,2,8.34,71.78,111,33,4,1,4,1,24,24,54,0,0,1
22,AIML,1,8.02,77.64,310,63,3,0,4,2,79,29,49,0,1,0
23,Mechanical,2,6.67,74.38,91,39,1,0,5,1,24,19,35,1,0,0
20,IT,2,8.86,82.67,223,47,7,2,7,5,54,30,56,1,1,1
22,CSE,3,7.08,73.89,179,43,2,0,4,0,50,25,36,0,0,1
20,ECE,2,7.19,65.1,100,19,4,0,6,3,20,13,74,0,0,1
23,AIML,2,7.25,72.27,392,19,4,0,2,1,100,27,56,0,1,1
24,CSE,2,8.58,64.89,294,37,5,4,6,2,69,11,62,0,1,1
20,IT,3,6.7,68.8,173,46,3,1,5,0,48,0,38,0,1,1
22,Chemical,2,8.59,81.11,211,38,4,0,3,3,31,32,46,1,1,1
21,Civil,1,8.23,82.42,219,39,3,2,4,3,38,29,59,0,1,1
21,Chemical,3,8.51,71.92,151,72,6,2,2,3,32,28,63,0,0,1
22,CSE,3,8.0,89.1,263,22,6,0,4,4,78,28,51,0,1,1
21,CSE,3,7.65,62.85,174,52,7,1,3,4,30,20,49,0,1,1
21,AIML,2,8.09,78.33,287,28,5,0,3,3,71,17,65,0,1,1
20,Mechanical,3,7.43,76.9,154,52,1,0,5,1,22,23,55,0,0,1
21,Chemical,2,6.9,75.33,217,27,2,1,4,1,23,3,41,1,0,1
23,IT,3,7.91,77.33,420,41,2,1,4,4,96,18,64,0,1,1
19,EEE,1,7.69,74.42,212,29,4,1,6,2,29,14,69,0,1,1
21,CSE,2,8.57,88.53,216,28,1,2,6,4,60,14,42,0,1,1
20,EEE,3,8.39,68.85,137,31,2,0,4,2,25,16,55,0,0,1
23,Civil,1,8.25,73.37,178,42,2,0,2,1,29,15,59,0,1,1
21,EEE,2,8.34,76.79,108,38,4,1,4,1,23,7,69,0,1,1
21,EEE,3,7.77,73.15,159,26,2,1,3,3,33,33,43,0,0,1
20,ECE,3,7.78,67.65,142,47,3,1,6,1,32,33,33,0,1,1
21,ECE,2,6.96,75.83,155,12,0,3,2,1,24,12,63,0,0,1
24,IT,3,7.57,75.27,230,42,5,0,2,1,65,6,44,0,1,1
21,Civil,3,7.73,85.81,171,34,2,0,4,2,32,15,65,0,1,1
21,EEE,3,7.66,79.54,97,48,5,4,2,1,20,28,46,0,1,1
22,AIML,2,7.73,81.67,308,59,1,1,4,5,78,20,53,0,1,1
21,ECE,3,7.53,80.75,79,32,1,2,2,3,22,15,72,0,0,1
21,CSE,2,9.27,71.92,267,46,3,5,9,6,72,29,48,1,1,1
20,CSE,1,7.87,72.23,297,49,6,3,9,1,75,11,71,0,1,1
20,CSE,1,8.38,74.08,410,46,4,3,3,1,85,26,70,0,1,1
22,Civil,2,7.53,81.39,95,50,1,2,5,2,21,22,64,0,0,1
23,AIML,2,7.79,75.64,220,31,2,3,4,3,78,21,29,1,1,1
23,Chemical,1,9.9,72.28,1030,92,6,3,3,1,63,17,51,0,1,1
23,IT,2,7.02,71.75,220,39,5,0,3,0,50,20,45,0,1,1
21,IT,3,6.95,79.5,176,41,7,0,6,4,50,28,61,0,1,1
20,Mechanical,1,6.58,63.87,155,28,2,1,1,0,14,10,26,0,1,1
22,AIML,3,7.47,73.96,228,35,5,1,3,3,52,14,44,0,1,1
24,Civil,2,6.76,81.86,101,23,1,2,3,1,25,14,52,0,1,0
22,EEE,2,6.6,74.52,154,41,0,1,1,3,34,9,59,0,1,1
21,CSE,3,9.2,76.66,209,51,7,3,3,2,56,20,49,0,1,1
22,Chemical,1,8.75,79.75,168,48,3,1,2,3,36,25,56,0,0,1
22,AIML,2,9.27,69.34,277,38,5,3,10,2,57,25,35,0,1,1
23,AIML,3,7.32,68.58,176,45,2,1,5,6,71,20,37,0,0,1
22,Civil,2,7.28,70.94,148,23,7,1,3,0,38,18,62,0,0,1
21,IT,1,8.13,68.14,285,52,6,3,5,4,71,17,71,0,1,1
20,Mechanical,2,7.87,79.77,107,21,5,0,4,2,22,28,51,1,1,1
21,CSE,1,7.51,65.64,292,65,7,1,3,6,74,15,44,0,1,1
20,Chemical,2,6.9,80.24,113,73,0,1,3,5,22,9,53,0,1,1
24,IT,2,8.06,79.38,198,55,3,1,3,3,55,32,52,0,1,1
21,CSE,3,6.06,64.65,205,31,2,2,2,2,56,2,50,1,0,1
21,Chemical,3,7.9,71.54,131,32,3,0,3,0,26,14,41,0,0,0
20,Mechanical,2,7.3,73.13,170,27,2,4,4,1,26,30,70,1,1,1
22,Mechanical,3,8.06,81.93,86,40,3,0,2,1,22,3,49,1,1,1
21,ECE,3,8.31,75.97,84,53,3,3,5,4,16,25,54,0,1,1
19,Mechanical,2,8.04,82.56,138,43,1,2,3,2,14,16,58,0,1,1
23,AIML,3,6.41,70.27,344,74,4,1,2,1,89,26,47,0,1,1
21,ECE,2,6.27,74.41,118,27,1,1,1,1,22,19,72,0,0,1
21,IT,1,6.46,80.63,237,29,3,1,7,3,75,19,42,0,1,1
20,ECE,2,7.12,74.13,97,36,2,0,5,1,24,18,53,1,1,1
21,CSE,3,6.13,62.11,263,35,3,2,5,2,67,20,43,1,0,1
22,Mechanical,3,7.34,71.99,137,30,3,2,1,3,30,25,46,0,1,1
23,AIML,1,7.01,85.84,291,48,7,0,2,5,68,29,48,0,1,1
19,ECE,2,7.03,68.8,139,15,2,2,2,1,25,6,60,0,0,1
25,EEE,2,7.51,61.06,87,58,1,2,5,1,19,24,63,0,1,1
22,CSE,3,7.7,67.84,201,44,4,0,3,1,65,22,41,1,0,1
20,IT,2,6.83,70.05,214,30,1,2,8,1,52,11,59,1,1,1
20,AIML,1,7.4,76.9,371,56,6,2,6,3,88,25,46,0,1,1
20,CSE,1,8.06,83.63,249,49,8,1,4,7,53,12,61,1,1,1
23,Mechanical,2,7.4,67.85,350,28,3,4,1,4,51,4,46,0,1,1
20,ECE,2,7.38,82.75,148,31,2,0,1,1,27,12,38,0,1,1
21,ECE,3,7.94,80.26,76,35,1,0,3,2,17,17,43,0,0,1
22,CSE,3,6.59,78.35,237,41,1,0,1,1,64,12,41,0,1,0
23,ECE,2,8.21,83.0,221,51,1,4,4,2,24,12,57,1,1,1
22,AIML,3,9.3,76.92,207,46,4,3,4,4,70,31,58,0,1,1
22,CSE,2,7.74,87.22,203,43,4,2,3,5,45,37,57,1,1,1
20,ECE,1,7.37,82.62,268,81,5,3,4,1,37,20,64,0,1,1
23,Mechanical,1,6.52,71.39,296,20,3,2,5,1,39,0,85,0,1,1
20,CSE,2,7.08,82.38,216,34,8,0,2,4,74,0,37,0,1,1
19,CSE,2,7.81,93.29,279,49,2,1,5,2,53,22,54,0,1,1
25,Mechanical,3,7.25,80.07,95,56,2,0,3,0,16,8,43,0,0,1
20,AIML,3,7.31,59.89,187,38,2,2,2,0,73,20,51,0,1,1
20,CSE,3,7.26,61.88,171,15,2,1,5,3,58,21,61,0,1,1
22,Chemical,3,6.93,74.21,74,56,5,3,3,0,20,19,40,0,0,1
20,CSE,2,7.45,67.54,274,55,4,3,3,7,69,6,54,1,1,1
20,Mechanical,2,6.81,66.75,147,33,1,1,2,0,29,17,42,1,0,0
21,Mechanical,1,9.81,75.5,1075,98,14,4,4,1,82,18,50,1,1,1
22,IT,2,7.63,71.87,259,63,4,0,4,2,63,8,44,0,1,1
22,ECE,2,8.69,83.87,158,48,6,1,1,0,26,37,63,0,1,1
20,ECE,3,6.7,78.38,89,40,1,1,4,1,19,27,35,0,1,0
21,AIML,3,7.97,68.38,238,46,0,1,4,1,82,24,47,0,1,1
22,AIML,1,8.47,79.15,275,35,6,3,8,1,70,23,61,1,1,1
20,Chemical,3,7.14,69.45,181,33,3,0,3,3,26,19,52,0,0,1
20,AIML,2,6.93,77.31,184,51,7,0,2,2,62,19,48,0,0,1
18,Mechanical,3,8.49,75.71,152,38,3,0,7,1,22,20,47,1,0,1
21,ECE,3,6.24,76.58,46,45,0,1,2,1,16,27,61,1,0,1
20,EEE,2,6.81,71.32,131,34,5,2,3,1,25,7,44,1,1,1
22,ECE,3,6.44,81.65,143,29,1,2,2,4,23,15,56,0,1,1
24,EEE,2,6.93,74.04,150,60,4,5,2,2,26,19,35,0,1,1
20,ECE,3,7.15,62.19,106,38,5,1,1,1,26,7,43,0,0,1
22,ECE,2,8.76,82.0,141,30,1,1,3,4,24,37,59,1,1,1
20,Mechanical,3,6.99,70.28,59,39,3,3,2,2,16,18,31,0,0,0
18,Civil,3,9.14,65.08,110,25,5,3,5,1,25,21,37,0,0,1
22,AIML,2,8.27,74.17,225,59,6,2,7,3,60,37,69,1,1,1
21,CSE,1,7.32,77.3,260,18,4,4,5,2,67,29,69,1,1,1
24,Mechanical,3,6.93,77.62,148,27,2,1,2,2,16,26,45,0,1,1
21,AIML,1,7.92,80.0,434,66,7,1,3,5,96,19,51,0,1,1
20,Civil,2,7.56,74.07,88,37,4,2,0,1,15,14,36,1,0,1
21,CSE,2,6.51,68.24,249,44,4,2,4,1,73,24,51,1,1,0
20,CSE,2,6.88,65.68,213,32,2,1,3,2,79,16,37,0,1,1
23,CSE,3,6.04,75.2,144,38,8,2,2,1,46,12,64,1,1,1
22,CSE,2,8.99,83.7,279,38,5,2,5,3,81,29,48,1,1,1
20,Mechanical,2,7.62,70.25,235,38,2,1,5,2,39,22,49,0,1,1
21,IT,3,7.09,83.0,174,20,5,1,4,5,49,12,57,0,1,1
22,Chemical,1,7.18,79.34,252,41,2,1,3,0,28,18,58,0,1,0
22,IT,3,6.88,78.45,261,47,3,1,3,5,80,2,60,1,1,1
19,Mechanical,1,6.5,70.67,233,35,3,0,2,2,32,10,45,1,1,1
18,Mechanical,3,7.49,88.04,169,43,2,0,1,2,25,29,51,0,0,1
19,IT,2,8.16,70.45,277,30,5,0,5,3,78,29,51,0,1,1
21,Civil,3,8.68,62.89,104,61,4,2,4,0,22,34,68,0,1,1
21,IT,1,8.42,83.34,330,57,3,5,3,2,88,27,31,0,1,1
20,ECE,3,7.99,82.32,76,51,5,0,3,0,15,10,38,0,1,1
21,IT,2,8.49,83.16,205,30,2,2,3,1,58,26,56,1,1,1
21,ECE,2,7.37,82.3,145,52,2,1,2,3,22,22,69,1,1,1
19,CSE,2,6.36,78.48,188,40,4,1,1,2,51,18,50,0,1,1
23,IT,1,8.41,85.41,256,41,5,4,3,2,60,34,70,1,1,1
21,Chemical,1,7.14,75.66,184,39,4,1,3,4,34,19,52,0,1,1
21,Civil,1,7.67,77.36,211,33,4,1,3,2,30,13,66,0,1,1
21,Civil,2,6.64,72.33,117,35,2,1,1,0,17,22,55,1,1,1
20,Mechanical,3,8.33,84.29,173,51,5,0,7,2,27,18,48,1,0,1
23,EEE,1,8.47,72.35,252,48,2,2,4,1,46,25,69,0,1,1
21,Civil,1,6.56,70.11,134,61,1,0,4,1,24,23,51,0,1,1
21,ECE,1,7.84,67.77,157,40,2,2,3,2,19,7,71,0,1,1
23,Civil,2,8.38,81.45,151,44,2,0,2,0,20,23,64,0,0,1
23,IT,2,7.39,85.22,246,22,3,1,7,2,67,15,48,0,1,1
22,EEE,1,7.74,69.13,204,43,0,0,1,1,33,28,49,0,1,1
20,ECE,2,8.32,65.2,144,40,4,2,2,2,17,18,47,0,1,1
20,CSE,2,7.27,72.9,304,28,3,2,2,3,84,26,55,0,0,1
22,CSE,2,7.43,76.0,175,51,4,1,2,0,44,24,59,1,1,1
21,Chemical,3,8.02,74.59,81,55,5,0,6,3,17,13,48,0,1,1
22,EEE,2,6.64,62.9,112,38,0,0,2,4,25,28,63,0,0,1
22,CSE,3,6.77,79.41,143,32,3,2,2,3,47,13,44,0,1,1
20,Chemical,2,6.05,71.73,75,39,3,2,0,1,21,26,59,0,0,1
20,Chemical,2,9.21,92.11,209,68,7,4,2,1,31,31,50,0,1,1
21,Mechanical,3,7.45,80.68,187,54,2,0,3,0,29,16,78,0,0,1
20,AIML,3,8.24,70.5,224,44,5,0,3,2,63,33,46,0,1,1
22,AIML,2,6.49,74.14,191,44,4,2,0,2,45,23,47,0,1,1
22,Civil,3,8.4,81.07,227,54,0,1,6,0,33,7,62,1,1,1
21,CSE,3,7.1,84.17,193,60,4,1,4,5,62,9,68,0,1,1
22,AIML,3,8.52,73.26,186,70,6,1,3,3,64,18,34,0,1,1
21,CSE,2,7.33,64.73,206,35,3,1,4,1,61,25,37,0,1,1
22,Mechanical,2,6.58,71.3,72,45,4,1,3,3,23,14,55,0,0,1
20,IT,2,8.42,75.59,223,33,5,1,1,1,54,15,42,1,1,1
22,Civil,2,7.55,72.61,146,44,4,1,6,2,39,6,59,0,0,1
22,Mechanical,1,6.75,73.97,131,39,1,2,1,1,24,5,59,1,1,1
20,Chemical,3,5.95,50.0,166,31,6,0,3,3,29,11,38,0,0,1
21,AIML,3,7.7,66.74,244,51,2,0,6,3,67,27,47,0,1,1
23,ECE,3,7.33,74.33,94,40,5,1,4,1,22,17,60,0,0,1
20,EEE,3,7.53,73.51,136,38,1,1,2,1,26,19,42,0,1,1
22,Chemical,2,7.7,88.66,134,26,2,3,3,3,23,23,65,0,1,1
24,IT,1,7.63,74.5,329,32,7,2,5,3,100,19,59,0,1,1
23,IT,2,7.82,65.55,232,52,4,3,3,2,58,12,42,0,1,1
21,EEE,2,8.11,71.1,99,35,7,2,3,1,20,19,57,1,1,1
21,EEE,3,7.22,80.06,95,43,3,0,6,1,19,17,51,1,1,1
25,CSE,3,7.79,73.16,295,46,9,2,4,5,63,12,47,1,1,1
21,ECE,2,7.99,61.32,174,29,1,2,2,1,29,8,52,0,1,1
19,IT,2,8.41,81.58,222,62,5,3,4,3,68,17,69,0,1,1
19,ECE,2,5.6,75.95,104,35,1,0,0,1,30,13,50,0,0,1
22,CSE,3,6.98,71.6,159,37,9,2,6,1,54,16,58,0,1,1
21,EEE,3,7.82,71.18,102,42,5,3,4,6,18,17,60,0,0,1
20,CSE,3,9.13,85.18,260,29,8,2,3,3,62,23,34,1,1,1
20,CSE,3,8.35,62.78,289,23,4,0,4,2,83,16,44,1,0,1
22,ECE,2,8.52,82.57,118,61,2,1,4,3,28,22,50,0,0,1
21,CSE,3,9.61,81.03,246,44,6,4,5,1,70,26,60,0,1,1
23,EEE,1,7.68,80.76,272,32,3,1,1,1,29,25,65,0,1,1
22,EEE,3,9.11,71.24,142,27,3,0,3,1,33,7,54,1,1,1
25,ECE,2,8.08,75.45,101,53,5,1,6,3,27,21,35,0,1,1
23,CSE,3,6.52,77.67,263,35,3,1,5,2,66,20,26,0,0,1
20,CSE,3,5.9,72.71,198,33,4,0,5,4,57,5,54,1,1,1
22,EEE,2,7.31,55.93,80,44,1,1,5,2,23,31,64,0,0,1
18,CSE,2,8.06,81.77,270,49,1,1,3,4,74,10,76,1,1,1
25,CSE,3,7.12,80.26,173,36,2,0,5,5,57,24,71,0,1,1
20,Mechanical,2,7.6,77.28,164,39,2,0,2,3,34,18,42,0,0,1
22,CSE,2,9.13,79.71,295,45,5,1,5,3,90,27,58,1,1,1
23,ECE,3,7.39,80.69,80,19,3,0,2,3,19,23,45,0,0,0
20,CSE,3,9.02,79.74,257,31,1,2,6,3,68,30,33,0,1,1
23,AIML,1,8.41,64.46,287,68,6,2,2,2,58,12,62,0,1,1
18,Civil,2,8.41,71.76,107,66,2,3,5,2,17,27,55,0,1,1
21,Mechanical,3,7.16,83.74,94,8,5,0,3,2,22,26,40,0,0,1
21,CSE,2,7.44,72.15,253,45,2,0,5,2,55,29,52,0,1,1
21,AIML,2,7.51,75.68,269,24,4,0,2,6,91,25,34,0,1,0
21,ECE,3,7.28,61.6,102,69,6,4,2,3,15,14,60,0,0,1
23,EEE,2,8.05,79.56,110,29,7,4,3,5,18,22,72,0,1,1
20,EEE,3,8.45,81.26,101,52,1,0,2,0,30,23,29,0,1,1
21,AIML,2,9.59,96.7,269,53,5,3,6,5,87,27,61,0,1,1
23,Chemical,3,6.76,77.27,88,43,2,0,1,1,24,19,54,0,0,1
22,Civil,3,7.35,80.29,68,53,2,0,2,4,21,27,56,1,0,1
19,EEE,3,8.2,63.49,156,31,6,0,2,2,21,26,51,1,0,1
24,Civil,3,7.4,69.78,97,59,4,1,2,1,20,23,66,1,1,1
19,AIML,2,6.4,85.3,196,24,3,1,6,2,54,14,68,0,1,1
21,AIML,3,8.03,82.02,172,21,2,1,7,3,38,29,48,0,1,1
21,IT,3,6.67,74.72,222,29,4,0,7,4,67,6,48,1,1,1
22,CSE,3,7.52,86.86,275,38,4,0,6,1,72,23,38,0,0,1
20,CSE,1,9.21,73.61,351,66,5,0,4,2,76,19,49,0,1,1
20,Civil,3,7.95,78.15,86,51,3,1,7,0,21,0,41,0,0,1
22,Civil,3,7.89,78.69,127,49,0,1,3,3,22,9,48,0,0,1
20,ECE,3,8.62,76.69,95,37,5,1,2,2,16,17,34,1,1,1
21,EEE,2,7.39,63.74,118,54,2,1,4,2,21,22,77,0,0,1
22,AIML,3,7.64,84.95,202,47,5,3,7,1,52,27,32,1,0,1
22,CSE,2,7.35,74.21,167,46,3,1,2,4,55,13,76,1,1,1
20,ECE,3,8.02,78.8,166,61,3,1,4,3,32,29,35,0,0,1
20,EEE,3,6.22,65.12,81,26,4,0,4,2,24,17,22,0,0,1
24,Mechanical,3,6.6,66.07,55,58,2,2,3,2,16,7,63,0,0,1
21,EEE,2,7.53,71.78,131,49,2,4,4,1,23,3,37,0,1,1
19,Chemical,2,8.01,74.06,155,55,5,1,1,0,15,19,58,0,1,1
20,AIML,3,8.97,86.55,335,53,10,1,11,4,92,21,47,1,1,1
20,AIML,2,6.74,74.28,235,31,2,2,3,3,41,13,45,0,1,1
25,CSE,2,7.45,66.91,249,69,4,3,5,3,66,9,27,0,1,1
20,Chemical,2,7.72,64.19,118,41,2,1,9,3,24,15,44,1,1,0
18,ECE,3,6.37,76.97,140,25,4,0,6,2,28,22,56,1,0,1
21,IT,3,6.71,78.8,209,23,6,0,5,0,49,9,45,0,1,0
19,Chemical,2,5.97,66.98,126,55,1,2,3,2,23,7,59,0,0,1
20,ECE,2,7.97,71.11,173,52,0,0,2,1,28,25,60,1,1,1
25,IT,2,6.82,72.19,205,20,3,1,1,4,70,20,43,0,1,1
22,AIML,2,8.54,77.75,200,44,4,0,2,2,64,29,47,0,1,1
19,ECE,1,8.11,77.91,165,43,7,3,4,2,15,10,67,0,1,1
21,Mechanical,3,7.19,80.49,85,29,6,1,3,1,15,2,45,0,0,1
20,Civil,2,6.86,78.88,177,46,3,0,5,3,25,9,57,0,0,1
19,CSE,2,7.83,81.12,191,40,6,1,3,2,70,27,50,0,1,1
21,Mechanical,3,7.13,65.72,122,38,6,1,4,2,24,12,46,0,1,0
21,CSE,3,7.81,78.68,161,28,5,3,10,4,54,24,43,0,1,0
22,Mechanical,2,8.48,79.49,146,39,4,0,8,3,26,15,46,0,0,1
23,AIML,1,7.1,63.78,272,25,3,1,1,5,78,17,72,1,1,1
20,CSE,2,7.13,70.21,210,73,4,0,4,0,55,20,52,0,0,1
24,IT,3,8.44,80.48,236,12,2,2,1,3,59,16,59,0,1,1
21,Civil,3,8.53,67.39,118,38,4,1,3,3,20,6,55,0,0,1
20,AIML,2,6.68,67.22,259,35,5,0,1,3,59,13,56,1,1,1
23,AIML,3,6.64,71.89,141,28,7,0,4,2,58,17,46,0,0,1
19,CSE,2,6.78,68.74,180,39,6,0,8,3,60,27,62,0,0,1
21,Chemical,3,7.55,81.74,70,29,2,0,4,1,18,22,60,0,0,0
22,ECE,3,6.17,74.91,92,36,2,0,2,1,23,16,57,0,0,1
20,Chemical,1,7.78,65.74,215,58,4,0,1,1,28,19,44,0,1,1
23,CSE,2,7.47,67.86,211,14,3,0,6,3,54,21,53,1,1,1
20,ECE,2,6.98,80.32,106,30,1,0,1,2,27,9,43,0,1,1
23,ECE,2,7.58,78.24,174,35,5,2,2,3,29,13,51,0,1,1
19,AIML,3,7.43,53.57,179,60,6,2,3,2,41,11,52,1,1,1
20,ECE,2,7.2,83.01,217,42,0,1,6,4,18,0,53,1,1,1
21,IT,3,8.78,78.2,194,36,3,1,2,3,65,19,51,0,1,1
23,AIML,2,7.15,72.63,203,39,8,1,0,4,67,5,68,0,1,1
20,IT,3,7.39,67.44,292,20,2,0,2,6,82,31,56,0,1,1
23,EEE,3,6.84,80.72,108,56,3,1,4,1,26,27,58,1,0,1
20,ECE,1,8.57,81.08,177,52,5,0,4,1,25,9,48,0,1,1
21,IT,2,6.54,69.97,268,33,6,1,4,3,75,13,40,0,1,0
21,Civil,1,7.88,56.02,153,46,4,2,1,2,26,25,55,0,1,1
19,EEE,2,6.73,68.12,96,32,1,3,5,1,20,14,69,0,1,1
24,EEE,3,5.89,61.23,88,17,2,1,6,3,27,11,29,0,0,1
21,AIML,3,6.78,68.96,141,29,4,0,7,2,43,19,57,1,1,1
22,Mechanical,2,6.96,66.07,202,51,2,1,2,1,31,21,62,0,0,1
21,CSE,3,7.81,80.58,200,42,4,1,5,2,65,30,50,1,1,1
21,AIML,3,6.63,82.06,280,39,4,1,2,0,90,28,52,0,1,1
21,IT,2,5.74,67.84,160,44,4,2,4,4,42,10,51,1,1,1
23,Civil,3,5.66,60.01,37,40,2,0,0,4,14,24,42,0,0,1
22,CSE,1,7.89,72.74,321,35,6,2,3,4,95,18,48,1,1,1
21,ECE,1,8.15,72.98,181,54,3,2,4,1,35,24,56,0,1,1
22,CSE,2,7.65,85.5,226,43,1,1,1,4,61,26,51,0,1,1
21,AIML,3,6.99,72.66,167,26,4,2,4,2,53,18,62,1,1,1
21,IT,3,7.62,84.53,292,50,4,0,8,3,82,10,37,0,1,0
22,CSE,3,5.78,58.58,169,42,4,2,5,2,43,7,66,1,1,1
21,Civil,2,5.79,68.54,81,9,2,0,2,0,16,6,66,1,0,1
22,CSE,2,6.26,62.75,245,19,3,3,4,2,64,21,55,0,1,1
24,EEE,1,7.6,73.43,185,29,2,3,5,0,28,22,51,0,1,1
24,CSE,2,8.16,79.64,214,70,4,5,6,1,72,19,48,1,1,1
23,CSE,3,6.49,60.24,192,24,2,3,0,0,53,5,69,1,0,1
21,ECE,1,6.99,68.54,147,13,3,1,2,1,13,24,66,0,1,1
22,IT,3,7.89,73.9,185,26,8,3,5,4,53,8,50,0,1,1
20,CSE,2,7.14,74.16,184,48,2,2,9,3,54,13,40,0,1,1
21,CSE,1,7.9,64.44,283,34,6,1,4,7,76,29,67,0,1,1
20,AIML,2,7.58,77.14,202,29,5,1,3,2,58,8,39,0,1,1
18,Mechanical,1,6.69,74.52,215,13,1,2,2,2,30,17,45,0,0,1
24,Civil,3,8.87,85.36,205,60,2,2,3,1,35,13,27,1,1,1
23,CSE,3,6.6,59.97,192,46,4,2,3,5,71,23,39,0,1,1
21,CSE,3,8.96,76.44,186,52,5,1,9,2,59,33,51,0,0,1
20,IT,1,8.21,76.15,283,32,7,2,3,3,72,28,62,0,1,1
22,EEE,2,7.73,76.06,113,34,5,1,1,0,17,24,39,0,0,1
21,AIML,2,6.23,70.42,378,25,4,1,4,3,100,9,56,0,1,1
22,AIML,2,7.79,71.02,274,38,4,0,5,3,63,23,62,0,0,1
25,EEE,2,7.43,74.47,83,29,3,0,2,1,15,28,58,0,1,1
20,Mechanical,2,7.31,93.41,153,25,2,1,2,1,19,24,34,0,1,1
20,ECE,2,6.39,74.43,84,33,1,2,2,1,14,8,62,0,0,1
20,EEE,3,8.09,65.07,164,62,3,1,3,4,34,22,53,0,1,0
19,CSE,3,8.13,86.66,239,29,4,1,2,1,74,8,52,0,0,0
21,IT,3,5.9,80.46,165,33,2,0,2,3,62,0,52,0,0,1
18,EEE,2,6.99,78.16,102,52,2,1,2,5,14,16,68,0,0,1
19,EEE,2,7.26,82.28,115,40,2,2,1,2,26,16,36,0,1,0
20,CSE,2,7.79,91.28,209,43,3,1,6,6,77,16,55,1,1,1
20,IT,1,7.87,77.19,300,32,2,2,7,0,66,15,39,0,1,1
22,AIML,3,7.29,80.74,226,49,3,0,2,4,67,13,35,0,0,1
19,Civil,3,7.76,85.5,75,55,6,1,3,0,20,9,64,0,1,1
23,AIML,2,9.09,73.7,281,67,5,3,5,8,70,27,48,1,1,1
20,Civil,3,7.1,83.27,107,45,3,1,2,1,24,9,62,0,0,1
19,Civil,3,8.23,77.74,103,39,2,2,0,2,17,27,52,0,1,1
18,ECE,2,8.99,85.54,246,48,1,1,4,1,33,16,72,0,1,1
22,Civil,3,8.65,84.12,109,35,6,2,4,2,20,22,50,0,0,1
20,CSE,1,8.31,71.88,292,47,6,1,6,6,70,35,66,0,1,1
21,CSE,1,8.31,86.13,309,49,6,0,9,1,84,27,58,1,1,1
19,IT,3,7.72,71.66,205,47,4,3,3,2,64,19,59,0,1,1
25,Mechanical,1,9.19,81.34,181,67,4,1,6,1,28,13,60,1,1,1
19,Chemical,3,7.02,78.3,270,38,4,1,3,1,25,13,44,1,0,1
21,ECE,2,7.18,76.99,291,29,8,1,2,0,40,35,73,0,0,1
23,CSE,2,6.94,68.24,275,34,5,2,2,4,71,20,43,1,1,1
20,CSE,3,9.42,71.19,256,56,6,0,6,3,67,19,37,0,1,1
20,ECE,2,8.8,72.4,129,58,4,1,8,3,28,24,43,0,1,1
22,Mechanical,1,7.24,78.22,245,33,0,2,5,3,34,12,55,0,1,1
20,EEE,2,6.48,74.48,123,29,4,2,2,0,25,19,54,0,1,1
18,Civil,3,7.18,71.6,99,46,0,1,2,2,22,13,41,0,0,1
21,AIML,3,7.41,72.1,219,29,4,2,10,5,71,13,44,0,1,0
18,ECE,2,7.72,72.52,116,47,0,0,3,5,21,6,51,0,0,1
23,CSE,2,6.19,62.18,186,44,6,0,5,2,80,11,38,0,1,1
22,EEE,2,6.87,78.4,230,36,2,1,4,1,36,9,54,0,0,1
21,Mechanical,3,8.38,69.08,141,54,2,0,2,2,27,30,62,1,0,1
20,ECE,3,7.87,76.05,108,29,4,0,3,2,23,18,45,0,0,1
22,ECE,3,6.76,80.53,145,32,0,3,1,2,30,14,49,1,0,1
22,CSE,1,8.57,77.18,280,35,2,2,5,2,81,21,69,1,1,1
19,Chemical,2,8.33,87.74,201,52,1,1,4,2,30,32,60,0,0,0
23,EEE,3,9.24,72.09,163,18,5,1,5,1,23,14,39,0,0,0
21,Mechanical,1,7.57,64.92,170,51,6,1,3,2,34,28,53,0,1,1
22,CSE,2,6.93,56.05,190,28,1,0,6,8,66,12,50,0,0,1
20,AIML,3,7.22,78.4,171,28,2,2,5,4,54,19,59,1,1,1
19,ECE,3,8.14,62.24,146,60,5,0,5,3,28,26,61,0,1,1
22,ECE,1,6.68,82.52,168,33,5,3,4,0,26,21,63,1,1,1
22,IT,2,7.5,86.15,186,34,5,0,7,2,59,29,36,0,1,1
21,IT,2,7.53,75.97,182,44,3,2,5,4,36,10,51,1,1,1
18,ECE,1,8.88,72.75,329,50,9,2,3,4,41,16,76,0,1,1
22,IT,2,7.04,59.54,236,35,6,1,3,2,82,17,58,0,1,1
20,CSE,2,7.38,76.39,178,53,7,1,3,1,59,12,35,1,1,0
20,Mechanical,3,7.79,74.83,205,12,8,1,1,2,33,14,56,0,0,1
22,Mechanical,2,6.98,73.96,77,23,0,2,5,1,10,30,37,0,0,1
19,IT,2,6.82,75.58,168,22,4,1,4,2,53,7,66,0,1,1
19,Chemical,2,9.09,71.43,135,70,3,3,2,0,28,14,37,0,1,1
18,Chemical,1,8.22,74.79,175,62,4,1,5,1,24,16,61,1,1,1
23,ECE,3,8.38,77.88,231,47,6,3,3,3,37,12,41,0,1,1
20,Mechanical,3,7.97,91.45,187,42,6,0,5,1,21,16,53,0,0,1
22,ECE,2,7.4,79.17,96,35,5,1,1,6,20,21,48,1,1,1
25,AIML,3,6.84,72.92,187,49,1,1,4,2,72,14,32,0,1,1
22,CSE,2,7.02,65.37,189,22,3,1,3,3,48,23,42,0,1,0
21,IT,2,6.88,80.96,166,48,3,1,9,1,62,18,42,1,1,1
21,CSE,1,7.13,84.66,245,59,6,3,4,2,65,27,45,0,1,1
21,Chemical,2,6.84,61.33,89,39,3,0,3,2,21,14,52,0,0,1
21,Chemical,1,8.41,63.99,202,49,8,1,3,5,24,30,76,0,1,1
24,ECE,1,6.93,72.62,161,39,2,2,1,1,27,22,47,0,1,1
22,ECE,3,8.53,75.97,139,41,2,1,3,5,30,23,38,0,1,0
21,Chemical,2,8.14,85.98,204,23,2,1,1,3,32,16,55,0,1,1
20,Mechanical,1,8.32,68.72,185,47,7,2,4,1,28,20,71,0,1,1
23,CSE,2,7.7,68.04,399,33,2,2,7,5,97,10,54,0,1,1
20,Chemical,2,7.85,64.44,228,31,2,2,3,1,28,30,41,0,1,0
23,EEE,1,7.39,66.64,143,37,3,1,2,3,19,21,81,0,1,1
20,CSE,2,6.78,72.85,327,45,2,1,5,3,83,16,66,0,1,1
22,CSE,3,6.97,61.66,167,42,3,0,3,3,51,15,44,1,1,0
22,Mechanical,1,6.64,93.89,127,40,8,4,0,1,26,18,34,1,0,1
21,CSE,2,7.89,57.61,291,51,1,3,5,1,69,23,54,1,1,1
20,Civil,3,6.5,66.98,85,39,2,0,1,0,29,11,52,0,0,1
23,Mechanical,3,7.9,76.91,109,54,7,0,5,3,17,6,53,1,0,1
21,CSE,2,8.08,84.82,208,58,7,2,7,2,42,30,56,0,1,1
20,IT,2,7.72,67.59,320,53,3,0,1,6,81,32,59,0,1,1
21,ECE,2,7.07,59.7,117,28,4,2,5,3,14,14,70,0,1,1
21,CSE,3,6.63,64.02,157,45,5,0,2,3,58,5,46,0,0,0
22,EEE,2,6.88,84.86,88,30,0,2,3,1,25,0,75,0,0,1
20,Chemical,2,6.71,57.19,123,23,2,1,2,1,20,4,47,0,1,0
21,EEE,3,7.34,80.8,100,31,4,1,4,4,25,16,49,1,0,1
23,ECE,2,7.41,75.7,118,28,3,2,5,0,28,24,54,0,1,1
19,Civil,2,9.12,81.98,182,61,4,0,3,1,25,18,43,0,0,1
21,Chemical,3,8.93,86.97,204,52,4,1,6,0,26,12,50,0,0,1
22,Civil,2,8.8,72.93,126,62,3,1,6,2,24,19,40,0,0,1
23,CSE,3,7.18,79.82,161,52,3,0,6,6,43,20,33,0,0,0
21,CSE,2,6.3,71.26,163,31,7,0,3,5,64,9,53,0,1,1
23,EEE,2,7.66,65.3,177,50,4,1,4,2,25,22,39,0,0,1
20,AIML,2,7.29,72.67,185,20,0,3,4,1,59,2,54,1,1,1
21,ECE,3,7.38,73.32,200,28,2,1,3,5,30,32,44,0,0,1
24,Civil,3,7.72,57.54,105,22,3,1,1,1,22,30,29,0,0,1
23,Chemical,3,7.95,68.57,97,31,4,2,3,1,24,16,62,1,0,1
21,IT,3,5.84,72.09,189,20,0,1,1,4,49,10,55,0,1,1
21,Civil,3,8.45,78.07,130,39,2,2,2,1,25,22,37,1,0,1
21,ECE,2,8.31,83.96,151,39,9,0,3,3,27,15,60,1,1,1
19,EEE,2,7.01,81.44,72,28,4,1,0,0,19,0,53,0,1,1
23,CSE,1,8.51,70.97,270,32,7,3,4,2,87,27,47,0,1,1
22,CSE,2,7.29,68.15,213,51,3,2,4,4,62,11,56,0,1,1
21,Mechanical,3,7.38,62.59,469,37,1,0,2,1,57,33,49,1,0,1
20,EEE,3,7.22,76.69,94,45,5,1,3,1,26,18,62,0,1,1
20,Civil,2,6.88,68.2,118,27,1,1,1,2,25,29,41,0,1,1
19,CSE,2,6.43,78.75,253,20,1,1,4,2,72,7,53,0,0,1
22,CSE,2,9.82,88.69,300,67,2,4,4,3,83,24,52,1,1,1
21,CSE,2,8.03,79.15,231,58,7,1,5,1,67,24,67,0,1,1
20,EEE,3,7.47,70.81,97,43,3,1,3,3,19,14,38,0,0,0
22,EEE,3,8.89,86.1,105,47,1,1,5,0,18,7,59,0,0,1
25,ECE,2,6.07,69.41,190,52,3,0,4,1,24,21,42,0,0,1
19,CSE,2,7.29,75.01,211,53,2,3,8,1,64,28,61,1,1,1
21,CSE,1,7.23,59.58,306,35,5,1,4,2,88,26,29,0,1,1
21,AIML,1,7.33,76.11,261,26,2,0,4,3,65,28,79,0,1,1
20,CSE,2,7.53,74.39,250,59,2,0,5,4,94,14,30,0,1,1
21,Chemical,2,7.13,72.0,268,6,5,1,4,3,30,21,34,0,0,1
21,CSE,1,6.24,65.85,270,31,0,3,6,0,68,12,80,1,1,1
20,AIML,2,6.64,60.43,181,29,3,0,6,4,71,14,52,0,1,0
20,Mechanical,2,6.72,71.08,127,26,4,2,0,4,16,1,59,0,0,1
23,Chemical,2,7.12,57.62,96,27,1,0,6,2,21,26,59,0,1,1
20,EEE,2,6.69,69.77,169,34,4,0,4,4,26,38,66,0,1,1
22,AIML,2,7.35,69.54,258,53,6,0,5,3,71,15,56,0,1,1
22,ECE,3,7.23,82.29,116,27,4,1,4,1,12,27,51,0,0,1
23,CSE,2,5.67,81.23,189,49,5,0,4,4,52,14,46,0,0,1
22,CSE,3,6.44,59.93,148,29,3,0,5,4,57,8,50,0,0,1
23,Mechanical,2,7.68,80.06,126,24,2,0,3,2,27,22,79,0,1,1
22,Civil,3,7.26,68.53,74,28,5,0,2,3,15,8,47,0,0,1
21,AIML,2,6.01,65.87,257,24,2,1,3,1,75,28,46,1,0,1
21,Mechanical,3,8.03,72.23,129,37,4,2,5,3,21,20,47,0,1,1
21,EEE,2,8.02,84.72,101,29,5,0,1,2,25,18,51,0,0,1
21,ECE,3,9.33,79.02,297,59,7,1,9,4,40,33,41,1,1,0
19,AIML,2,9.0,81.73,242,57,4,0,5,4,88,12,56,1,1,1
21,Chemical,3,6.62,59.48,112,32,3,1,2,1,21,22,46,1,0,1
21,AIML,3,7.24,65.13,202,24,5,0,1,4,62,24,53,1,1,1
19,AIML,3,7.38,69.7,164,31,6,0,4,5,45,25,81,0,1,1
20,CSE,1,8.83,78.25,460,48,8,5,6,3,100,22,43,1,1,1
22,EEE,2,7.26,77.9,190,21,0,2,2,4,22,11,59,0,1,1
21,Civil,2,8.64,73.54,189,30,3,2,3,2,27,12,55,0,1,1
22,CSE,2,7.74,84.56,216,37,6,4,6,5,65,12,55,0,1,1
21,CSE,2,6.82,69.88,178,16,0,2,4,1,52,19,53,1,1,1
23,Civil,3,6.35,65.45,88,42,1,1,3,0,18,9,45,0,0,1
22,EEE,2,8.36,82.78,280,47,6,0,4,3,38,12,51,0,1,1
19,Chemical,2,8.32,81.57,114,62,2,1,2,2,22,15,43,0,1,1
25,Mechanical,2,8.43,64.37,161,29,5,2,4,2,20,29,58,0,1,1
18,Mechanical,2,5.31,78.06,71,18,1,0,1,2,21,8,56,0,0,1
21,ECE,3,7.24,69.32,104,48,0,1,8,1,22,8,39,0,0,1
22,AIML,3,8.42,75.37,186,55,2,1,5,2,50,19,39,1,1,1
20,ECE,2,6.28,63.91,94,12,1,1,6,0,20,17,50,0,0,1
21,IT,2,7.98,72.49,182,63,2,1,5,4,48,23,72,0,1,1
21,ECE,2,7.03,60.43,135,27,2,1,1,1,23,8,33,0,0,1
19,ECE,1,6.95,74.25,129,55,1,3,4,5,19,15,59,0,1,1
18,CSE,2,6.88,67.51,187,33,3,2,6,2,53,11,64,0,1,1
19,EEE,2,8.84,76.04,282,59,2,2,3,3,38,21,57,0,1,1
19,IT,2,8.26,83.25,287,17,2,0,2,3,74,13,35,1,1,1
21,Mechanical,2,7.4,76.77,86,91,2,0,3,2,24,23,63,0,0,1
21,CSE,1,9.62,80.65,386,53,6,4,2,3,93,35,56,0,1,1
21,ECE,3,5.83,82.31,91,47,1,0,3,1,26,5,66,0,0,1
22,IT,3,6.81,63.47,156,37,2,1,3,1,42,11,39,1,1,1
18,CSE,2,8.86,78.7,214,53,6,1,3,5,56,23,54,0,1,1
20,IT,2,7.35,82.29,220,52,6,2,5,5,64,13,38,1,1,1
22,IT,1,7.57,84.79,316,63,4,0,3,2,94,16,69,1,1,1
23,Mechanical,1,7.65,63.99,171,41,3,0,3,3,30,26,62,0,1,1
21,CSE,3,6.96,67.02,190,58,6,0,8,2,71,1,45,0,0,0
19,Civil,2,8.29,84.38,215,45,3,2,4,5,31,13,67,0,1,1
22,CSE,3,6.65,67.89,186,43,5,0,5,2,74,2,35,0,1,0
23,ECE,2,9.79,81.61,173,57,3,1,6,0,35,24,28,0,1,0
21,EEE,2,6.3,66.65,123,35,7,2,2,1,21,5,42,0,1,1
20,CSE,3,8.79,77.93,218,45,7,2,3,3,62,25,48,0,1,1
19,CSE,3,8.05,51.45,171,39,3,3,5,1,67,12,55,0,1,1
21,AIML,3,6.77,68.89,186,33,7,1,4,0,51,20,24,0,0,1
23,IT,3,7.57,73.71,172,53,2,3,3,7,40,11,49,0,0,1
22,IT,3,8.07,72.6,180,59,7,2,6,3,65,23,36,1,1,1
20,Chemical,2,8.03,76.46,125,17,3,1,5,2,22,18,23,0,0,0
22,CSE,3,5.73,59.03,141,24,4,1,3,7,52,18,56,0,1,1
23,Civil,3,7.68,76.46,108,19,2,0,3,0,19,16,48,0,0,1
21,Chemical,2,6.32,81.76,88,35,2,1,2,1,30,19,38,0,1,1
22,CSE,2,8.39,85.89,238,28,5,0,7,1,56,10,38,0,1,1
21,Mechanical,3,8.26,81.36,155,28,3,0,7,3,33,18,39,0,0,1
20,Chemical,1,6.59,72.91,141,30,3,2,4,1,20,21,55,0,1,1
21,AIML,3,5.67,63.15,131,9,3,1,5,2,36,14,55,1,0,1
21,ECE,2,7.24,69.7,188,46,5,2,2,4,31,15,67,0,1,1
25,Mechanical,2,7.29,79.39,125,41,2,2,6,1,23,16,59,0,0,1
21,Mechanical,2,7.51,73.01,139,31,3,2,2,1,22,21,43,1,0,1
21,Civil,3,7.71,89.46,105,47,3,1,3,3,20,27,38,0,0,1
21,IT,3,7.22,60.87,169,33,2,3,2,6,61,18,43,0,1,1
21,CSE,3,7.44,72.34,175,41,5,2,1,2,45,9,60,0,0,1
21,Mechanical,3,6.64,67.32,118,69,3,1,1,3,29,12,55,0,0,1
22,IT,3,6.48,76.15,273,31,6,0,5,1,78,22,39,1,0,0
21,EEE,2,8.01,82.57,109,44,4,1,4,3,16,23,55,0,1,1
21,ECE,2,7.94,66.4,154,52,2,0,2,2,20,12,64,0,0,1
21,ECE,2,7.2,63.63,158,76,6,0,3,0,29,23,57,0,1,1
19,Civil,2,6.61,65.72,145,27,1,0,5,1,13,17,51,0,0,1
22,EEE,3,8.67,81.59,140,42,3,1,6,1,21,31,62,0,1,1
21,EEE,1,9.2,82.51,237,57,6,3,3,5,33,26,61,1,1,1
21,Chemical,3,8.32,65.2,227,39,7,1,2,4,31,26,46,0,0,0
22,AIML,3,7.89,77.3,174,46,3,0,2,3,53,12,67,1,1,1
22,Mechanical,2,6.57,72.14,90,60,3,0,1,2,22,29,74,0,0,1
23,IT,1,8.84,77.87,419,45,3,2,5,2,100,29,72,1,1,1
21,EEE,3,7.84,79.21,98,36,4,3,4,3,19,24,44,0,1,1
20,Mechanical,3,6.48,72.32,75,57,3,0,1,2,17,21,58,0,0,1
22,Chemical,3,7.95,76.01,97,37,1,2,5,2,6,28,23,1,1,1
21,ECE,3,6.92,80.3,90,40,2,0,1,2,25,6,51,0,0,1
22,Civil,3,8.05,86.47,107,19,4,0,4,0,18,31,38,0,0,1
21,IT,3,8.32,73.76,190,53,3,1,4,3,42,33,51,0,1,1
22,EEE,1,8.19,75.77,182,47,3,1,5,1,32,29,49,0,1,1
20,Civil,3,6.64,75.95,191,16,0,0,2,3,37,16,32,0,0,1
21,Mechanical,3,7.88,73.88,203,42,1,0,4,4,34,37,49,0,0,1
20,Mechanical,2,7.98,80.4,109,55,1,5,3,2,23,20,46,1,1,1
21,Civil,2,6.9,73.0,83,29,2,1,3,1,30,18,58,1,0,1
22,AIML,3,7.06,78.03,151,31,0,0,4,0,62,14,57,0,0,1
21,Mechanical,1,9.37,84.68,221,66,4,1,3,2,31,20,58,0,1,1
21,EEE,3,8.76,77.44,157,47,3,1,4,2,23,33,59,0,0,1
23,ECE,1,7.28,79.59,210,48,9,0,0,2,29,19,72,0,1,1
22,Chemical,2,5.78,73.49,161,46,2,0,0,2,37,19,78,0,0,1
21,IT,2,8.76,94.26,220,37,6,1,5,4,50,9,68,0,1,1
24,AIML,1,9.55,67.71,397,42,5,5,4,1,87,30,51,0,1,1
21,Civil,2,8.84,82.94,139,53,2,3,4,4,27,16,63,1,1,1
22,CSE,2,7.2,80.34,174,28,3,0,1,2,54,28,52,0,1,1
20,Mechanical,2,8.07,91.42,172,43,4,2,1,3,22,21,35,1,1,1
20,Chemical,2,6.71,67.88,99,40,1,2,5,1,11,9,52,0,0,1
20,Civil,2,8.42,77.72,187,55,3,0,4,2,26,23,56,1,0,1
19,EEE,2,7.01,69.19,67,33,1,0,3,3,15,10,55,0,1,1
21,Chemical,3,6.81,84.23,82,59,3,2,3,5,10,28,42,0,0,1
20,ECE,2,7.43,68.38,123,73,0,1,4,3,16,4,59,0,1,1
22,CSE,3,6.87,68.57,175,26,3,0,6,4,58,19,47,0,0,1
20,Mechanical,3,7.97,65.33,76,78,1,2,5,2,14,32,70,0,1,1
19,Mechanical,3,6.62,51.63,109,27,4,0,0,1,18,17,52,0,0,1
24,Civil,3,9.55,80.61,118,33,3,1,1,2,22,33,48,0,0,1
22,IT,3,7.82,74.3,228,43,6,1,4,6,57,13,44,0,1,0
24,CSE,3,7.05,70.95,147,44,2,1,5,3,67,16,55,1,1,1
21,CSE,3,6.52,75.14,180,27,4,0,3,5,50,17,43,0,1,1
19,IT,2,7.24,78.54,181,35,6,1,4,7,56,25,50,0,1,1
21,Mechanical,1,7.57,69.43,154,50,4,2,5,2,16,7,50,1,1,1
21,ECE,3,7.12,73.22,342,15,6,1,6,3,38,5,46,0,1,1
18,CSE,2,7.08,71.84,316,36,6,2,4,4,83,7,51,0,1,1
23,AIML,2,6.8,71.79,184,20,2,1,5,4,60,7,53,0,1,1
21,IT,3,8.12,86.45,196,37,4,1,2,3,66,14,71,1,1,0
22,ECE,3,8.55,80.25,136,67,7,0,3,1,20,18,62,0,1,1
21,Civil,2,6.77,78.91,90,40,4,2,4,2,25,0,62,1,0,1
21,Chemical,3,7.31,71.94,149,70,6,2,2,3,32,11,48,0,0,1
20,EEE,3,5.82,60.67,51,23,2,1,2,3,13,10,57,0,0,1
25,IT,1,7.29,80.82,260,55,4,2,3,3,84,13,78,1,1,1
21,CSE,2,9.17,84.47,242,62,6,3,5,2,56,18,69,0,1,1
20,ECE,3,8.37,73.46,98,23,3,2,0,4,27,22,58,0,1,1
19,EEE,3,7.88,73.93,97,34,1,3,4,1,27,30,54,0,0,1
22,IT,2,6.52,74.68,179,53,5,3,8,3,61,21,61,0,1,1
25,IT,3,6.76,74.16,146,41,4,0,7,6,58,19,64,0,1,1
23,Civil,3,6.91,71.23,75,26,0,1,2,2,17,34,50,0,0,1
22,EEE,3,8.22,68.64,127,23,5,0,1,3,16,30,51,0,1,1
25,ECE,2,8.61,90.91,122,22,5,1,4,4,20,9,59,0,1,1
22,ECE,3,7.36,73.49,108,51,6,0,2,3,26,21,57,0,0,0
20,ECE,3,8.12,84.04,153,29,2,1,8,1,32,11,38,0,0,1
21,CSE,2,6.88,54.88,221,58,7,1,1,1,53,11,56,0,1,1
19,Civil,3,7.63,65.78,82,54,4,2,1,2,14,19,58,0,0,1
20,CSE,3,8.25,84.12,263,10,6,4,6,4,79,20,47,0,1,1
21,AIML,1,9.12,77.87,383,56,2,2,2,8,84,25,39,1,1,0
20,ECE,3,6.37,77.77,117,24,4,1,0,0,24,5,68,0,0,1
24,ECE,3,8.59,73.37,89,45,3,0,1,2,23,31,47,0,0,1
25,EEE,1,9.81,80.47,215,55,3,4,2,2,29,19,41,0,1,1
21,Civil,3,6.16,64.38,60,29,2,1,4,4,14,12,46,0,0,0
22,AIML,2,6.17,76.58,171,36,5,2,2,2,36,32,51,0,1,1
21,CSE,2,8.9,76.16,224,32,3,1,2,4,71,27,45,1,1,1
20,CSE,1,7.45,79.66,272,51,4,5,7,0,83,14,61,1,1,1
20,CSE,3,7.22,83.66,152,17,6,0,8,7,65,15,66,0,1,1
20,Mechanical,3,8.42,75.53,133,41,1,1,2,3,31,41,53,0,0,1
20,ECE,2,6.81,71.14,138,32,2,0,2,1,29,8,39,1,1,1
20,AIML,2,7.79,71.32,320,61,7,2,3,1,83,11,38,0,1,1
19,Mechanical,2,6.41,84.4,182,19,2,1,0,4,28,8,47,0,0,1
20,Mechanical,2,8.31,75.84,148,49,2,3,1,3,29,31,45,0,0,1
23,Chemical,2,8.3,74.93,179,54,3,0,4,2,29,34,55,0,1,1
19,IT,2,7.72,66.92,234,51,2,4,3,2,63,5,40,0,1,1
20,Mechanical,3,7.44,69.91,79,36,1,0,3,1,21,7,52,0,0,1
21,AIML,3,7.41,70.64,181,47,4,1,2,2,59,17,43,1,0,1
21,Civil,1,7.68,82.25,169,60,6,4,4,5,28,27,52,0,1,0
21,Civil,2,7.51,71.95,162,30,1,2,3,2,29,13,48,0,1,1
19,EEE,3,8.17,73.62,112,39,4,1,3,1,25,14,41,0,0,0
22,EEE,3,5.91,74.26,209,31,3,0,1,2,32,0,60,0,0,1
21,EEE,2,9.14,79.44,155,39,5,0,3,0,23,28,48,0,1,1
22,EEE,3,7.59,66.67,67,61,2,0,1,2,10,34,55,0,1,1
21,ECE,2,9.49,91.24,130,49,3,0,7,2,17,23,52,0,0,1
21,Mechanical,2,7.79,71.07,156,39,2,2,2,3,26,16,60,0,1,1
21,Chemical,3,7.44,75.78,91,26,4,0,4,1,28,26,49,0,0,1
20,Mechanical,2,8.11,79.09,180,50,5,0,4,2,40,10,53,0,0,1
21,IT,3,6.36,54.94,196,43,6,1,3,1,75,14,49,0,0,1
18,ECE,3,6.52,68.57,117,18,2,0,5,2,20,17,53,0,1,1
20,EEE,3,7.26,69.09,118,47,1,0,2,2,31,20,54,1,0,1
22,CSE,1,7.89,66.94,280,53,3,2,7,1,77,34,62,0,1,1
19,ECE,1,8.7,77.0,343,51,4,1,3,1,41,20,59,0,1,1
19,CSE,3,7.49,74.78,162,28,4,4,8,4,57,19,53,0,0,1
22,ECE,1,9.06,82.76,205,45,8,1,3,0,33,22,76,0,1,1
21,CSE,3,5.15,67.25,112,5,3,0,3,4,57,25,50,1,0,1
22,IT,3,8.96,78.34,226,31,8,2,5,3,69,22,44,0,1,1
24,Chemical,1,7.48,85.13,287,51,3,3,4,4,38,30,46,0,1,1
24,CSE,1,8.41,74.44,286,64,3,1,7,5,71,33,56,1,1,1
21,AIML,2,8.6,65.75,449,42,5,4,3,3,99,18,56,0,1,1
20,IT,3,6.31,64.48,226,40,2,1,5,1,63,28,44,0,0,1
21,EEE,2,8.8,86.05,121,40,7,3,2,0,23,19,31,0,0,1
22,Chemical,3,8.07,74.4,111,42,1,1,3,1,15,26,50,0,0,1
22,EEE,3,8.93,72.45,186,54,4,2,3,0,29,26,48,0,1,1
20,Civil,2,7.64,79.5,117,47,4,0,2,0,22,11,51,1,1,1
19,CSE,2,7.57,85.14,192,35,2,1,6,6,66,3,67,1,1,1
20,AIML,3,6.79,70.45,238,46,4,0,6,2,53,23,56,0,1,1
20,Civil,2,6.98,76.88,81,21,3,2,4,1,20,13,48,1,0,1
19,CSE,2,7.52,84.41,360,59,6,0,6,3,78,20,49,1,1,1
24,ECE,2,8.07,90.43,202,32,6,1,2,0,26,10,43,1,1,1
18,ECE,2,8.21,80.27,191,52,3,0,3,0,22,14,58,0,1,1
21,Chemical,3,6.57,70.69,121,15,3,0,1,2,25,8,50,1,0,1
24,ECE,3,7.34,73.08,103,23,3,0,1,4,24,10,51,0,0,1
21,Civil,3,7.62,59.16,139,19,1,1,2,2,33,13,48,0,1,1
21,EEE,2,5.74,59.48,73,12,3,0,2,5,16,18,37,0,0,1
22,AIML,2,8.31,80.13,198,60,4,2,5,4,65,24,52,1,1,1
20,CSE,1,7.6,92.72,241,36,14,0,2,4,64,21,65,1,1,1
21,ECE,2,7.58,70.34,108,48,7,0,4,1,19,21,65,0,1,1
22,CSE,3,8.66,76.2,232,54,3,1,6,3,80,27,52,0,1,1
22,IT,2,6.72,74.49,226,44,2,0,3,3,85,10,59,1,1,0
22,ECE,2,6.83,82.89,147,51,3,3,2,3,26,12,75,0,1,1
25,ECE,3,5.47,61.76,57,25,1,2,3,3,17,5,55,0,1,1
21,ECE,1,7.75,71.75,172,36,5,0,4,1,23,27,70,0,1,1
22,Chemical,3,8.34,76.93,153,26,3,0,4,2,26,37,57,1,0,1
21,CSE,3,5.62,69.12,154,30,4,0,3,2,74,10,50,0,0,1
22,Chemical,2,6.68,72.94,135,34,1,2,1,0,20,20,46,0,0,1
22,Mechanical,2,7.7,77.51,150,28,2,2,1,2,25,34,36,0,0,1
22,Civil,3,7.01,76.74,166,28,4,0,5,2,33,22,62,0,0,1
23,EEE,3,7.02,75.07,66,27,1,1,5,2,19,10,39,0,0,1
20,AIML,3,7.54,74.38,230,24,1,0,4,1,53,18,33,1,0,1
22,Mechanical,3,8.97,69.33,105,69,3,2,2,1,24,23,45,0,1,1
20,Civil,1,7.84,66.27,277,50,4,4,4,2,36,15,54,0,1,1
21,Mechanical,2,7.76,69.91,165,62,7,0,1,0,26,21,50,0,1,1
22,Civil,3,7.82,83.25,116,54,8,1,1,1,26,20,43,1,0,0
22,CSE,2,5.9,79.14,174,45,3,1,4,0,50,32,53,0,1,0
21,Chemical,3,7.68,65.52,66,18,2,1,5,2,20,25,48,0,0,1
21,Chemical,2,6.25,76.94,64,24,3,0,3,2,9,10,57,0,0,1
20,Civil,3,7.43,63.11,96,55,8,1,5,0,18,12,42,0,1,1
20,EEE,3,8.34,81.34,119,56,6,3,3,1,25,19,40,0,1,0
20,Civil,3,7.05,69.81,65,49,3,0,5,3,11,14,63,0,1,1
23,EEE,3,8.32,62.01,130,33,3,0,4,0,32,20,50,1,1,1
20,ECE,2,6.09,62.77,63,39,1,1,5,0,13,9,54,0,1,0
25,Chemical,3,7.64,70.69,136,24,4,3,6,1,25,19,45,0,1,0
20,AIML,2,7.81,78.44,261,40,6,1,4,7,68,15,51,1,1,1
22,Civil,3,5.11,66.43,130,32,1,2,2,1,20,19,46,0,0,1
21,ECE,3,7.84,74.63,104,29,0,1,8,2,14,15,38,0,0,1
22,AIML,2,5.02,64.45,148,26,0,0,2,0,59,0,60,0,0,1
22,ECE,2,7.7,81.95,116,38,6,2,2,6,13,26,63,0,1,1
22,EEE,3,7.78,68.26,126,38,3,1,1,0,16,4,67,0,0,1
23,CSE,2,7.19,77.06,222,33,2,2,3,3,66,16,57,0,1,1
21,Mechanical,1,7.95,92.54,194,29,2,0,3,4,31,15,54,1,1,1
19,IT,1,9.73,85.26,450,42,6,3,5,8,100,26,47,0,1,1
20,Mechanical,3,6.94,76.08,96,40,4,0,3,2,17,14,51,0,0,1
22,CSE,2,6.56,66.7,210,18,3,0,4,2,55,6,38,1,1,1
21,CSE,2,9.29,94.33,309,44,4,3,4,4,69,31,49,0,1,0
21,CSE,2,7.71,69.44,386,45,5,2,5,5,78,34,71,1,1,1
21,CSE,2,8.53,77.03,284,46,4,1,4,2,63,12,54,0,1,1
21,Mechanical,2,6.15,54.71,114,22,3,0,1,3,33,4,46,0,0,1
22,ECE,1,5.69,63.91,268,35,6,2,3,1,35,7,48,0,1,1
22,Mechanical,2,6.79,77.3,99,43,6,0,3,2,18,4,66,1,0,1
22,Mechanical,3,7.23,72.44,60,48,3,2,5,0,15,34,64,0,1,1
22,AIML,2,7.08,80.27,209,35,4,0,1,0,60,28,50,0,1,0
23,Civil,3,6.93,73.86,81,52,6,1,1,2,16,18,29,0,0,1
21,Mechanical,3,5.78,72.19,103,24,1,1,1,0,23,7,41,0,0,1
24,CSE,3,7.56,81.42,170,23,4,1,3,0,52,17,45,0,1,1
19,EEE,1,7.55,63.31,201,25,4,1,2,3,25,23,68,1,1,1
22,IT,2,5.65,74.2,164,30,3,0,3,1,51,19,67,1,1,1
22,ECE,3,7.11,70.36,69,23,1,1,1,0,32,13,47,0,0,1
21,IT,2,7.41,70.53,277,52,1,2,9,3,76,25,58,0,1,1
20,ECE,3,8.27,69.12,150,56,4,4,3,3,29,14,52,0,1,1
21,IT,2,7.06,75.96,237,57,4,3,3,0,59,13,68,0,1,1
21,ECE,3,8.2,77.35,147,51,1,1,3,1,19,20,30,0,1,0
23,ECE,2,8.25,82.49,202,23,3,0,6,0,36,33,36,0,1,1
21,Mechanical,3,6.67,60.71,80,34,3,0,0,1,22,14,34,0,1,1
20,CSE,2,8.09,83.44,261,42,3,1,7,3,57,25,32,0,1,1
21,CSE,3,8.34,80.42,197,51,5,1,4,3,55,29,53,0,1,1
21,ECE,1,8.7,71.8,206,46,4,2,5,1,32,21,49,0,1,1
19,ECE,2,7.81,82.19,99,55,0,2,2,3,17,26,39,0,1,1
21,ECE,1,7.67,77.42,286,37,3,0,3,3,41,29,57,0,1,1
21,EEE,3,6.2,61.02,152,34,3,1,3,1,24,19,28,0,0,1
20,AIML,3,8.37,78.09,371,48,6,0,4,3,100,21,43,0,0,1
21,EEE,2,6.27,52.46,73,34,3,3,4,0,20,16,49,0,1,1
21,ECE,1,7.62,79.23,227,41,2,3,2,0,33,18,61,0,1,1
22,ECE,3,8.28,71.9,119,40,5,0,2,1,17,16,67,1,0,1
21,EEE,2,6.66,59.71,87,36,3,1,2,1,17,14,64,0,1,1
20,EEE,1,7.75,58.29,321,34,3,1,3,1,50,27,43,0,1,1
24,EEE,2,6.16,71.88,72,23,1,3,1,2,21,12,49,0,1,1
21,Civil,2,7.2,72.12,128,28,3,0,0,5,27,18,60,0,1,1
18,ECE,3,6.51,68.51,66,33,2,1,2,2,11,7,51,0,0,1
23,Chemical,3,6.69,73.14,84,27,4,1,2,2,21,22,36,0,0,1
20,Chemical,2,7.99,75.65,123,22,3,0,4,3,41,22,63,1,0,1
22,IT,3,7.92,80.5,225,61,4,1,4,6,78,3,46,0,1,1
22,Civil,3,6.87,71.89,61,30,3,2,2,2,15,15,54,0,0,0
24,ECE,2,7.74,71.44,248,33,5,1,7,1,37,3,58,1,1,1
24,Chemical,2,7.11,69.57,153,29,1,0,4,3,30,29,53,0,0,1
20,Chemical,2,7.2,74.56,113,29,5,3,1,1,23,19,40,0,1,1
22,ECE,2,6.52,74.11,97,26,2,2,1,1,19,2,38,0,0,1
20,IT,1,7.31,69.25,333,32,5,0,0,5,73,37,50,1,1,1
22,Mechanical,2,5.83,65.29,97,40,1,0,1,2,13,17,50,0,0,1
21,IT,2,9.3,81.61,286,47,3,2,2,2,73,34,45,0,1,1
19,EEE,3,8.38,79.08,113,59,3,3,5,0,17,13,59,0,1,1
18,ECE,2,9.59,74.14,223,66,6,1,4,4,28,31,41,0,1,1
19,ECE,3,8.32,67.71,141,18,6,0,2,1,24,40,40,0,1,1
19,IT,3,7.62,74.75,176,47,5,2,2,1,41,10,48,0,0,1
20,Mechanical,3,5.5,70.93,80,15,2,0,2,0,28,6,30,0,0,1
23,EEE,2,8.39,78.77,220,60,4,1,2,3,39,18,47,0,1,1
21,Mechanical,2,8.66,67.93,146,41,2,1,1,3,24,37,51,0,1,1
22,Civil,2,6.54,73.27,132,28,2,0,1,2,10,0,53,0,0,1
23,Mechanical,1,8.24,82.4,214,44,6,0,1,1,32,29,44,0,1,1
22,ECE,2,7.64,71.44,140,49,3,0,1,0,13,19,70,0,1,1
21,AIML,2,7.45,69.25,213,23,2,3,3,3,70,12,38,1,1,1
23,IT,3,7.83,83.29,186,45,6,2,4,3,61,28,60,0,1,1
22,ECE,3,7.76,82.3,85,57,3,0,1,2,23,42,60,0,1,1
22,AIML,2,6.67,64.77,192,38,4,2,4,8,44,8,64,0,1,1
23,Mechanical,3,8.19,77.58,130,45,1,1,3,2,15,28,63,0,1,1
21,AIML,2,6.27,62.43,159,21,3,1,3,1,50,18,27,0,1,1
21,IT,3,7.78,77.91,283,44,2,0,2,3,76,18,38,0,0,1
23,EEE,2,7.76,71.46,111,50,3,1,3,0,17,17,58,0,1,1
21,Mechanical,2,6.87,65.06,70,38,4,0,4,3,14,17,53,1,0,1
22,IT,2,8.57,67.45,224,49,12,2,7,3,62,10,72,0,1,1
19,Mechanical,3,5.75,77.12,145,38,4,1,0,1,39,6,50,1,0,1
18,Civil,1,7.99,72.3,211,45,4,1,2,3,34,10,55,0,1,1
21,CSE,2,7.68,96.75,197,32,5,2,3,2,66,20,51,0,1,1
19,Civil,2,8.85,88.29,161,52,3,0,4,1,33,24,60,0,0,1
25,ECE,3,7.92,84.44,81,32,2,1,5,1,11,17,72,1,0,1
18,ECE,1,5.87,54.48,128,33,3,1,6,0,29,10,62,1,1,1
22,Mechanical,2,7.11,71.89,117,28,10,0,4,2,14,12,38,1,0,1
20,Mechanical,2,8.88,63.76,276,81,3,0,5,4,42,23,45,0,1,1
24,Mechanical,2,7.37,76.9,254,57,3,2,2,1,34,13,24,1,1,0
21,IT,2,6.56,70.6,212,46,4,0,3,3,84,5,63,0,1,1
18,AIML,2,7.46,84.28,201,44,3,1,4,3,41,0,63,0,1,1
18,IT,2,8.93,71.22,241,49,7,4,4,1,61,24,41,0,1,1
21,EEE,2,6.78,74.98,130,15,2,1,1,1,33,26,56,0,1,1
25,ECE,3,6.46,70.94,69,39,2,0,4,1,11,15,40,1,0,1
25,Chemical,2,7.31,73.19,108,26,1,4,4,2,20,8,73,0,1,1
20,ECE,2,6.95,77.75,90,30,2,3,3,0,20,16,43,0,0,1
21,EEE,2,8.13,79.42,126,29,4,0,2,2,25,21,35,0,0,1
19,EEE,3,7.05,78.67,87,9,3,1,5,3,13,26,40,0,1,1
21,Mechanical,1,8.05,79.56,177,32,5,0,2,2,35,32,49,0,1,1
21,Chemical,2,8.88,81.03,176,49,2,2,2,2,31,22,50,0,1,1
20,Mechanical,3,6.54,65.73,60,0,3,0,2,0,9,13,36,1,0,1
21,CSE,1,8.63,75.46,367,47,5,2,5,4,90,20,46,0,1,1
23,Mechanical,3,8.12,68.7,139,68,4,0,5,3,30,21,40,0,0,1
18,Chemical,2,6.44,68.53,143,27,3,0,2,2,33,24,45,0,0,1
20,CSE,2,8.67,80.87,297,58,5,2,5,3,64,22,52,0,1,1
20,EEE,3,6.3,60.16,76,23,1,0,3,3,21,14,58,0,0,1
19,EEE,2,6.26,75.59,135,68,1,0,1,1,28,19,62,0,1,1
20,ECE,1,7.04,70.68,205,42,4,1,3,3,26,23,24,0,1,1
22,Civil,3,6.67,70.35,92,34,0,0,4,1,17,13,53,0,0,1
19,Mechanical,3,7.06,72.45,57,25,3,0,0,3,16,20,39,1,0,1
22,CSE,2,6.56,72.22,187,31,3,3,5,2,48,14,63,0,1,1
23,CSE,3,7.83,57.95,168,39,6,0,4,2,37,19,39,1,1,1
24,CSE,1,7.64,73.75,290,37,9,1,4,4,86,20,52,1,1,1
22,Civil,1,7.91,70.41,212,23,2,2,3,2,34,12,57,0,1,1
20,CSE,2,8.08,74.01,227,33,2,1,6,7,60,16,63,1,1,1
19,EEE,3,8.65,83.01,110,58,4,2,3,5,25,22,58,0,1,1
20,Mechanical,2,7.13,69.34,98,27,5,0,1,1,24,13,39,0,0,1
24,AIML,3,6.83,66.44,136,59,4,1,2,1,53,10,48,0,1,1
24,AIML,2,8.18,78.36,275,66,3,0,3,2,59,25,50,1,1,1
21,Civil,2,8.57,69.15,147,32,1,1,5,2,32,11,51,0,1,1
20,ECE,3,7.42,82.09,246,25,3,1,2,1,36,15,47,0,1,1
21,ECE,2,7.56,87.8,148,12,4,1,2,0,21,17,53,0,0,1
20,IT,2,7.32,63.75,268,72,5,2,1,1,75,13,38,0,1,1
25,CSE,2,6.98,76.69,181,35,4,2,2,2,58,17,61,0,0,1
20,ECE,2,7.16,83.4,197,34,2,0,4,3,31,25,53,0,1,1
21,AIML,2,7.43,70.47,178,39,11,0,4,2,84,20,58,1,1,1
21,IT,1,8.31,72.48,284,52,5,2,3,5,63,8,61,0,1,1
19,AIML,2,8.21,72.06,270,21,3,5,2,2,88,20,53,0,1,1
21,EEE,3,6.57,79.68,95,42,2,1,1,2,9,5,36,0,0,1
23,AIML,2,7.55,83.48,179,57,6,3,4,2,56,5,53,0,1,1
20,CSE,3,6.74,69.75,157,39,2,1,5,4,54,14,65,0,0,0
21,Mechanical,2,7.28,83.94,115,42,6,1,4,1,29,4,41,0,0,1
21,EEE,2,7.61,65.92,99,27,6,2,5,0,28,8,57,0,1,1
20,Civil,2,8.32,80.18,178,63,2,1,2,2,21,21,39,0,1,1
18,Mechanical,1,7.63,68.36,214,46,5,0,4,0,32,23,60,0,1,1
20,IT,2,7.88,76.37,188,31,4,2,5,5,56,28,56,0,1,1
19,ECE,2,6.59,68.63,136,40,4,0,2,4,22,6,49,0,1,1
21,Chemical,3,6.39,63.1,45,48,4,0,1,0,16,26,57,0,0,1
22,IT,1,7.53,76.43,264,22,4,0,2,3,70,40,55,0,1,1
22,AIML,3,10.0,73.51,279,72,5,0,5,6,69,27,52,0,1,1
24,CSE,3,6.68,76.42,243,35,1,0,3,4,52,0,37,0,1,0
21,Chemical,2,7.63,79.56,107,45,2,0,3,2,27,14,55,0,1,1
22,AIML,2,7.85,75.91,186,30,0,0,7,4,63,18,57,0,1,1
22,Chemical,3,7.38,71.48,95,12,6,0,5,1,11,7,39,0,0,1
20,EEE,2,6.99,77.45,77,42,1,0,8,1,20,0,61,0,0,1
20,EEE,2,7.97,81.22,184,28,3,1,3,2,35,23,42,0,1,1
21,IT,2,6.73,68.12,218,14,1,1,5,3,86,13,56,1,1,1
22,IT,3,7.67,75.79,179,27,5,0,4,2,59,29,73,1,1,1
21,IT,2,7.0,69.58,238,49,7,1,0,1,63,23,49,1,1,1
20,Mechanical,2,8.35,79.93,113,60,3,2,5,0,34,26,46,0,1,1
25,Mechanical,3,5.83,63.49,53,49,5,1,3,2,17,7,43,1,0,1
19,ECE,3,7.26,74.67,110,55,3,0,4,3,19,19,48,1,1,1
24,ECE,2,6.55,70.23,107,24,1,1,1,1,12,13,52,0,1,0
22,EEE,3,8.05,82.0,211,29,1,0,2,5,30,16,48,0,1,1
23,ECE,3,8.06,72.0,80,52,3,3,4,2,21,6,51,1,0,1
22,Civil,2,5.27,68.75,42,33,3,0,2,3,19,10,42,0,0,1
20,CSE,1,6.69,68.46,339,46,4,0,2,3,81,4,56,0,1,1
22,Civil,3,8.14,65.35,272,53,3,1,4,0,39,13,55,0,0,1
22,ECE,3,7.24,71.37,148,39,3,0,6,4,18,17,49,1,1,1
22,ECE,2,8.02,80.07,109,57,4,2,2,2,20,6,64,0,0,0
20,IT,2,7.49,78.59,211,42,0,1,1,3,61,13,68,0,1,1
20,ECE,2,7.64,70.1,132,57,5,0,2,1,26,18,57,0,1,1
20,AIML,3,8.19,83.09,250,34,6,2,4,3,62,29,44,0,0,1
21,ECE,3,6.34,79.19,57,12,3,0,3,1,27,11,48,0,0,1
21,IT,2,7.12,66.31,188,35,4,2,4,1,61,31,54,0,1,1
23,AIML,3,6.47,71.64,145,32,4,3,4,1,47,15,38,0,0,1
22,AIML,1,7.98,82.99,362,37,4,5,2,3,100,26,49,1,1,1
22,Civil,2,6.39,79.56,59,18,1,1,1,1,14,23,24,0,0,1
20,Civil,1,8.53,78.79,171,43,2,1,3,1,16,14,84,0,1,1
21,ECE,3,6.9,79.85,93,24,4,0,3,2,13,15,49,0,1,1
20,AIML,2,7.93,84.52,334,31,2,0,5,5,69,25,47,0,1,1
20,ECE,3,6.72,75.51,92,25,0,2,2,1,21,5,53,0,1,1
18,Chemical,3,8.04,73.79,128,18,3,0,3,2,18,17,43,0,0,1
20,Mechanical,3,8.36,79.35,138,42,3,1,2,2,25,9,48,0,0,1
20,Mechanical,2,8.15,71.37,160,50,1,1,3,4,21,38,52,0,1,1
21,Mechanical,2,6.75,67.28,152,21,4,1,2,0,31,18,59,0,0,1
19,Mechanical,1,8.99,68.0,204,65,1,3,5,0,33,18,38,0,1,1
20,CSE,1,8.34,82.83,406,34,8,4,7,1,88,20,46,0,1,1
19,IT,3,6.81,79.21,199,35,4,1,3,6,48,34,57,1,1,1
22,Civil,2,7.74,61.55,156,32,3,0,5,1,33,17,47,0,0,1
21,CSE,2,8.81,74.86,253,30,3,2,6,6,64,15,51,0,1,1
20,CSE,1,6.99,68.11,221,30,7,2,6,2,54,20,62,0,1,1
20,Civil,2,6.71,75.08,125,26,2,3,0,0,18,20,67,1,1,1
24,Mechanical,1,7.64,74.38,196,39,4,1,3,0,26,15,78,1,1,1
21,CSE,2,6.31,74.72,212,37,3,0,3,4,75,2,44,0,0,1
22,ECE,1,7.84,75.28,174,68,1,2,3,0,23,25,76,0,1,1
21,CSE,1,8.37,78.66,314,49,5,1,7,3,91,17,65,1,1,1
22,CSE,3,7.5,74.3,184,42,4,1,5,5,55,26,42,0,1,0
23,AIML,1,7.13,81.02,378,35,5,2,4,5,97,27,61,1,1,1
21,Mechanical,3,8.12,69.09,87,25,3,2,1,1,21,20,28,0,0,1
22,IT,3,7.2,67.78,197,42,3,1,5,3,58,10,57,0,1,1
20,Mechanical,2,6.83,65.76,132,27,3,1,4,2,32,20,54,0,1,1
22,CSE,2,7.72,77.79,235,42,3,0,1,3,69,12,59,1,1,1
21,CSE,2,8.52,65.86,213,41,6,2,10,6,72,27,53,0,1,1
18,AIML,2,7.01,58.89,254,1,2,2,4,2,77,13,48,0,1,1
24,Mechanical,3,8.71,82.66,98,43,2,1,5,2,16,14,49,1,0,1
23,Chemical,2,7.57,64.54,108,35,3,0,2,3,16,21,66,0,0,1
20,IT,3,7.46,67.58,218,48,7,1,4,3,67,29,56,0,1,1
25,ECE,3,7.45,64.28,108,51,4,2,3,1,24,22,65,0,1,1
20,CSE,2,7.03,67.46,168,44,7,1,3,3,56,21,46,0,1,0
21,CSE,3,6.27,90.57,276,27,4,1,5,1,59,13,70,1,1,1
23,CSE,2,9.16,76.96,212,56,5,1,1,4,50,18,41,0,1,1
20,CSE,2,6.5,70.63,148,28,4,3,7,6,51,16,30,0,1,1
21,Civil,2,8.56,70.26,219,48,4,0,1,3,25,29,49,0,1,1
22,EEE,2,8.97,77.88,176,64,1,0,1,4,23,29,45,0,1,1
20,Civil,3,6.74,78.4,85,39,2,2,2,0,26,15,33,0,0,0
21,Civil,3,7.88,75.92,124,69,6,2,4,1,23,0,71,1,0,1
20,Mechanical,2,8.09,89.91,164,56,2,1,3,1,19,22,46,0,1,1
22,IT,3,7.94,70.0,214,31,7,2,0,0,56,30,44,0,1,1
20,CSE,3,6.81,56.77,179,32,6,2,3,5,55,9,49,0,1,0
20,CSE,3,7.02,75.28,215,32,4,1,6,5,76,22,46,0,1,1
22,CSE,3,8.03,78.64,193,40,6,2,4,2,66,13,42,0,1,1
20,CSE,2,6.11,70.01,324,36,5,1,1,4,72,9,46,0,1,1
21,CSE,3,5.65,58.51,216,15,5,1,2,1,68,13,48,0,0,1
22,Mechanical,1,7.84,71.25,166,37,4,0,2,2,34,20,50,1,1,1
22,IT,2,7.39,75.04,224,33,6,0,7,3,64,12,59,0,1,1
19,ECE,2,7.63,76.17,128,38,4,1,3,1,31,27,45,0,1,1
23,ECE,3,6.74,76.25,162,56,4,2,4,2,33,6,31,0,0,0
22,AIML,2,8.17,69.2,289,37,1,1,6,5,83,33,48,0,1,1
20,CSE,1,8.47,63.83,349,31,7,2,7,2,100,25,67,1,1,1
22,ECE,2,7.64,73.18,122,56,4,0,2,2,25,20,60,1,1,1
22,Civil,2,6.38,74.77,108,38,2,0,5,6,18,28,53,0,0,1
21,Mechanical,3,8.24,67.1,143,65,2,0,3,3,24,36,49,0,1,1
21,Chemical,2,6.01,80.33,125,21,1,0,2,2,24,9,65,0,0,1
22,IT,2,6.43,68.17,194,34,6,2,4,2,56,19,59,1,1,1
25,Civil,3,8.0,83.52,100,45,3,1,1,3,21,27,73,0,0,1
21,Mechanical,3,6.39,82.86,47,42,4,1,2,1,13,20,45,1,0,1
22,Chemical,3,6.72,60.09,104,50,5,1,1,0,31,26,61,0,0,0
22,AIML,3,7.46,77.31,208,31,5,2,3,3,67,18,55,0,0,1
23,Mechanical,2,8.28,89.18,124,41,3,1,2,3,29,22,48,0,0,1
24,ECE,3,7.84,71.94,79,25,5,0,4,1,29,9,50,0,0,1
20,ECE,2,8.62,91.26,138,41,1,3,5,4,29,36,41,0,1,1
20,ECE,2,7.12,79.74,108,85,3,2,4,3,21,28,48,0,1,1
21,ECE,2,6.76,69.33,152,29,6,3,1,2,22,7,56,0,1,1
21,Civil,3,6.26,69.78,138,27,2,0,2,0,27,24,56,0,0,1
21,Chemical,1,7.85,64.07,244,58,4,0,1,2,29,14,52,0,1,1
22,EEE,3,7.58,69.5,110,51,4,1,3,1,21,17,71,0,1,1
24,CSE,3,9.43,84.84,200,43,5,2,6,2,61,29,58,0,1,1
21,ECE,2,8.02,73.75,109,48,0,1,3,1,19,19,64,0,1,1
22,IT,2,6.04,71.76,157,53,4,0,4,1,50,14,54,0,1,1
20,Mechanical,2,8.48,85.21,176,72,6,0,2,2,29,20,29,0,0,1
21,CSE,2,6.78,79.52,174,47,3,2,7,0,31,14,43,0,0,1
18,EEE,1,6.63,73.98,197,24,2,2,0,0,31,21,60,1,1,1
21,ECE,2,8.38,72.93,175,45,4,1,4,3,31,22,43,0,1,1
21,AIML,2,8.21,77.55,234,41,1,1,5,6,71,21,43,0,1,1
22,CSE,1,8.68,79.42,317,68,1,1,12,0,82,32,51,0,1,1
22,CSE,1,7.22,68.63,250,26,5,2,4,6,86,15,37,1,1,1
21,Civil,3,9.24,82.2,119,37,5,1,2,3,23,11,50,1,0,1
18,EEE,2,8.28,70.84,171,29,2,2,4,3,30,22,55,1,1,1
19,ECE,3,6.54,70.82,98,16,0,1,3,2,27,10,39,0,0,1
25,CSE,3,9.24,75.4,204,50,5,1,4,3,65,17,56,0,1,1
24,Mechanical,2,7.99,72.27,193,35,2,1,2,4,33,19,71,0,1,1
20,AIML,3,7.34,79.9,161,17,2,2,2,2,49,20,48,0,1,1
20,IT,2,7.03,78.86,232,26,2,2,4,0,67,19,44,0,1,1
21,EEE,2,4.77,64.07,82,26,5,0,2,1,23,15,40,0,0,1
22,CSE,1,8.4,85.72,418,51,5,1,6,1,88,15,69,1,1,1
21,Mechanical,2,6.97,77.52,103,24,1,3,1,1,16,13,52,0,0,1
19,Civil,1,7.55,78.33,253,23,5,0,5,1,35,23,73,1,1,1
21,ECE,1,7.67,74.04,219,56,3,1,6,1,33,29,57,0,1,1
20,IT,3,6.62,75.85,179,26,3,0,5,1,46,13,47,0,1,1
20,AIML,3,7.79,71.92,170,66,3,1,4,6,47,26,60,0,1,1
20,Mechanical,2,6.78,73.32,85,38,3,0,5,3,15,12,56,0,0,0
22,IT,2,6.14,78.34,158,6,6,1,2,3,42,8,56,0,1,1
21,Mechanical,2,7.56,80.65,140,30,3,0,2,1,16,21,61,0,0,1
20,Mechanical,2,7.01,68.36,126,36,4,2,0,2,28,30,68,0,0,1
21,IT,2,5.84,76.42,151,38,3,0,5,2,43,12,50,1,1,1
21,AIML,2,6.46,62.18,176,18,6,2,5,1,48,5,51,0,1,1
22,IT,2,7.64,74.28,231,38,4,1,0,5,68,9,51,0,1,1
24,IT,3,7.47,81.96,203,28,5,1,3,3,50,26,55,0,1,1
20,Chemical,2,8.68,72.22,149,56,4,2,2,1,22,25,37,0,1,1
23,EEE,3,8.35,79.02,84,28,7,1,3,2,18,30,33,0,1,1
22,EEE,2,7.87,78.48,126,42,3,2,4,3,22,12,69,0,1,1
22,AIML,2,6.9,81.14,296,30,5,2,6,3,63,5,53,0,1,0
21,IT,2,7.04,69.12,169,39,6,1,3,7,54,18,56,0,1,1
20,ECE,3,7.72,80.64,129,36,10,2,3,0,22,18,48,1,1,0
18,Chemical,3,8.19,71.37,101,28,4,3,1,2,21,20,54,0,0,1
25,EEE,1,8.21,73.82,170,40,5,2,4,0,28,19,69,0,1,1
21,CSE,2,7.1,72.8,301,19,5,1,4,2,88,13,54,0,1,1
21,Chemical,3,7.53,73.27,82,25,2,0,2,2,10,12,64,0,1,1
21,AIML,2,7.28,80.14,242,36,5,3,3,2,72,26,50,0,1,1
19,EEE,2,5.7,85.29,83,4,2,0,5,1,14,18,40,1,0,1
20,Civil,1,7.57,74.27,221,51,5,1,0,3,31,15,71,1,1,1
22,EEE,2,7.15,73.15,121,40,5,1,5,3,15,18,57,1,0,1
21,Chemical,2,8.18,88.16,124,68,2,1,1,1,21,15,57,0,1,1
22,Civil,2,6.56,87.92,99,61,5,0,1,3,29,9,51,0,1,1
22,CSE,3,6.51,69.83,139,18,2,0,4,4,59,22,45,0,0,1
21,Mechanical,3,8.25,78.69,83,52,6,0,1,1,16,23,39,0,0,0
22,Mechanical,1,6.97,62.98,145,38,4,3,1,0,28,11,63,0,1,1
19,IT,2,6.91,66.84,168,49,3,1,3,9,49,16,49,1,1,1
22,Civil,2,7.92,64.02,180,37,5,2,3,1,29,16,59,0,0,1
22,Mechanical,3,7.96,73.37,97,38,1,1,3,2,17,13,46,0,0,1
20,IT,3,8.54,89.09,348,44,9,0,6,4,100,19,63,0,1,1
20,AIML,3,7.05,66.54,251,39,5,0,2,1,58,20,42,0,1,1
20,AIML,2,7.25,68.79,201,36,4,0,8,1,44,25,50,1,1,1
20,AIML,3,7.21,76.42,192,44,2,0,3,3,50,17,49,0,0,0
21,EEE,3,6.84,60.89,137,27,0,0,0,2,27,22,68,1,0,1
20,EEE,1,8.12,78.33,208,23,3,2,3,1,26,2,76,0,1,1
22,CSE,3,7.07,55.15,302,30,6,0,4,3,77,8,43,0,0,1
19,ECE,2,6.46,68.86,85,26,5,0,0,1,19,4,51,0,1,1
18,AIML,3,5.85,57.81,147,58,3,1,5,4,48,0,50,0,0,1
20,Civil,1,7.64,69.36,183,40,2,1,4,1,32,17,70,1,1,1
20,Civil,1,8.28,75.69,179,54,5,2,3,0,24,25,68,0,1,1
25,CSE,1,7.17,72.18,227,35,7,1,1,1,51,18,60,0,1,1
20,AIML,1,6.64,69.92,263,19,4,2,2,0,83,25,62,1,1,1
20,Chemical,1,9.05,94.74,231,35,3,1,6,2,35,23,63,0,1,1
20,AIML,2,7.2,78.16,215,42,5,0,4,1,67,8,55,0,1,1
21,Mechanical,1,8.51,65.55,224,56,2,2,4,5,33,0,60,1,1,1
21,CSE,1,8.64,67.98,289,55,5,0,7,4,63,16,47,0,1,1
22,IT,2,8.78,87.54,270,51,2,1,3,5,76,16,39,0,1,1
21,EEE,3,7.3,73.45,87,46,4,0,2,1,22,31,78,0,0,1
22,IT,1,6.53,79.84,258,40,4,4,3,2,67,20,68,0,1,1
21,Mechanical,2,5.87,76.09,99,35,3,2,4,3,21,6,79,1,0,1
23,Chemical,2,7.27,71.39,122,45,5,3,1,1,27,22,44,0,0,1
21,ECE,2,8.94,79.79,245,52,5,3,1,1,29,34,44,0,1,1
20,ECE,2,7.56,70.15,125,33,1,2,2,2,29,24,71,0,1,1
22,Mechanical,3,8.5,83.94,84,46,4,2,3,2,14,12,57,1,0,1
23,Mechanical,3,6.52,71.87,162,62,3,1,2,2,26,26,78,0,1,1
21,CSE,2,8.73,86.59,259,53,3,3,6,1,70,5,48,0,1,1
25,ECE,2,8.07,71.16,130,58,4,0,2,2,32,17,75,0,1,1
23,ECE,1,7.86,73.32,184,36,0,2,3,0,36,18,31,0,1,1
20,IT,3,8.15,72.31,325,42,4,1,2,4,99,20,44,1,0,0
22,Mechanical,3,6.87,82.58,91,23,1,0,2,4,24,16,60,0,0,1
21,Civil,2,7.89,75.04,197,34,3,0,0,1,33,11,48,0,1,1
21,Civil,3,6.63,70.5,124,43,0,0,4,2,18,26,51,0,0,1
21,EEE,3,6.83,70.54,139,21,1,0,4,1,26,21,37,0,1,1
23,Mechanical,2,6.72,79.74,88,59,6,1,0,1,25,14,31,0,0,1
21,AIML,2,6.74,92.46,233,37,2,1,3,2,63,19,59,0,1,1
21,CSE,2,6.02,86.86,161,53,2,1,4,1,49,9,57,1,1,1
19,ECE,2,9.43,85.19,141,68,3,2,1,0,33,30,42,1,1,1
21,IT,3,6.33,63.6,154,35,0,1,4,0,45,14,44,0,0,1
23,Civil,2,8.38,72.72,227,33,7,1,4,1,45,32,55,1,1,1
22,Mechanical,2,6.07,71.51,65,26,2,3,3,1,23,1,48,0,0,1
19,IT,3,6.86,55.69,243,36,3,3,6,0,62,0,57,1,1,1
23,CSE,2,7.2,68.49,172,36,6,1,5,4,64,12,66,0,1,1
23,AIML,1,8.96,84.78,321,51,6,3,6,3,86,24,74,0,1,0
21,IT,3,7.63,63.2,171,66,2,2,4,3,57,8,55,1,0,1
18,Mechanical,3,6.44,74.32,139,27,4,0,2,0,23,1,58,1,0,1
21,Civil,3,7.14,68.99,113,25,2,3,1,2,12,7,36,0,0,1
19,AIML,2,8.51,72.74,290,52,3,1,1,3,88,25,50,0,1,1
20,Mechanical,3,8.24,80.46,156,49,2,0,3,1,29,34,61,0,1,1
22,Mechanical,2,6.93,83.23,107,24,0,2,4,3,30,26,69,0,0,1
23,IT,2,6.25,69.5,162,47,1,1,4,1,57,11,58,0,1,1
21,CSE,2,6.95,81.86,244,14,3,1,3,1,82,20,45,0,1,1
23,CSE,1,8.33,78.97,279,58,5,3,4,3,75,20,41,1,1,1
23,EEE,2,6.01,61.29,186,46,6,1,4,0,31,0,49,0,0,1
18,Civil,2,7.35,81.24,85,66,2,1,4,3,21,0,56,0,0,1
20,EEE,1,6.71,80.66,145,31,6,0,5,2,20,19,57,1,1,1
22,Mechanical,2,7.09,75.45,166,39,0,1,3,2,35,37,55,1,0,1
22,ECE,3,7.78,65.97,236,44,6,0,1,1,40,24,34,1,1,1
21,AIML,3,7.3,62.99,146,31,3,3,6,1,56,19,50,0,1,1
22,CSE,2,8.09,79.19,194,46,6,2,5,2,48,14,45,0,1,0
21,Mechanical,3,8.39,80.14,116,50,2,1,4,1,15,22,55,1,1,1
22,ECE,2,10.0,86.95,225,60,5,2,4,2,38,22,53,0,1,1
22,Civil,2,8.27,61.17,209,56,2,1,1,5,24,14,52,0,1,1
19,IT,3,7.86,69.1,260,51,5,1,5,2,76,35,34,0,1,1
20,AIML,1,7.19,69.01,466,37,5,2,4,3,100,23,70,1,1,1
20,EEE,3,8.11,83.47,140,24,1,1,0,3,19,22,50,0,0,1
24,EEE,3,8.68,77.93,136,68,4,1,3,4,24,22,56,0,1,1
23,Mechanical,3,6.78,79.64,87,20,2,0,3,2,29,5,67,0,0,1
22,CSE,3,6.87,65.09,182,40,3,5,2,0,59,14,53,0,1,1
19,CSE,3,6.8,58.82,170,17,2,1,4,4,75,3,27,0,1,1
21,EEE,2,6.38,76.31,117,27,2,1,1,3,26,11,43,0,0,1
20,ECE,2,7.49,72.42,127,42,2,0,4,3,24,10,42,0,1,1
21,CSE,2,6.35,70.7,223,37,4,2,1,2,59,4,39,0,1,1
20,ECE,3,7.27,64.56,61,24,2,1,1,3,17,23,51,0,0,1
23,EEE,2,7.77,75.85,184,62,3,1,1,4,38,15,39,0,1,1
20,ECE,2,7.74,76.25,177,35,2,3,2,3,31,14,55,0,1,1
22,CSE,2,7.08,72.81,232,52,10,0,6,2,76,11,46,0,1,1
25,Chemical,2,6.18,74.48,66,26,2,1,3,1,19,28,69,0,0,1
22,CSE,3,8.39,82.36,207,41,3,2,4,3,63,12,56,0,1,1
19,AIML,1,6.25,78.84,253,60,3,1,4,3,61,22,42,0,1,1
23,CSE,2,7.6,74.84,183,43,4,1,2,0,63,0,67,1,0,1
22,AIML,3,8.61,89.42,211,23,4,2,5,2,65,27,57,0,0,1
21,Mechanical,2,7.58,65.3,225,42,2,1,4,2,40,31,42,0,0,1
22,CSE,1,8.84,84.85,297,47,8,2,1,3,68,14,61,0,1,1
23,CSE,3,7.78,75.24,216,36,3,1,6,1,51,13,59,0,1,1
21,AIML,2,6.32,69.49,193,17,3,1,9,3,64,5,61,0,0,1
21,CSE,3,8.46,74.0,287,37,4,1,6,1,73,18,32,1,1,1
21,IT,2,7.0,76.26,172,59,5,0,8,4,60,25,66,1,1,1
19,AIML,3,6.99,85.38,160,29,3,1,4,3,58,14,47,0,0,1
22,IT,3,7.93,84.65,227,46,5,1,3,3,50,24,73,0,1,1
19,Civil,3,6.54,77.3,88,27,2,1,3,2,17,19,45,0,0,1
21,ECE,3,8.15,75.15,155,28,7,0,5,3,29,25,41,0,1,1
21,CSE,1,8.11,87.45,261,37,5,2,6,2,68,14,63,0,1,1
20,ECE,2,8.91,81.49,320,59,2,0,1,2,40,23,56,0,1,1
21,CSE,1,8.73,70.62,311,61,2,2,4,0,77,30,60,1,1,1
21,CSE,3,7.18,67.3,190,32,2,2,4,5,66,14,56,0,0,1
20,IT,3,7.0,83.75,255,31,5,1,4,1,60,27,45,0,0,1
20,AIML,2,6.88,79.93,189,66,0,2,4,4,55,6,61,0,1,1
23,CSE,3,7.14,81.73,201,44,4,0,4,3,56,18,53,1,0,1
25,AIML,2,6.73,72.68,254,49,2,2,5,3,72,7,64,0,1,1
21,ECE,2,7.24,67.21,131,47,3,1,3,0,33,19,44,0,1,1
20,AIML,3,6.27,57.73,182,52,3,1,4,5,57,17,45,0,0,1
19,CSE,3,6.52,65.05,250,34,3,0,3,5,68,10,51,0,0,1
19,Civil,2,8.66,67.45,218,50,1,1,0,3,34,20,54,1,1,1
21,EEE,3,6.21,86.18,219,28,1,0,0,1,32,19,66,0,0,1
24,Mechanical,1,6.54,67.03,147,19,0,1,1,1,33,23,36,0,0,1
22,IT,2,6.88,68.14,230,31,2,2,3,4,66,18,77,0,1,1
20,EEE,3,8.51,73.3,94,19,2,0,3,1,25,16,61,0,1,1
24,Mechanical,2,6.7,59.23,68,24,3,3,2,0,23,10,48,0,1,1
21,IT,2,7.24,60.4,223,44,5,2,5,2,69,19,81,0,1,1
20,Civil,2,7.74,86.1,106,59,2,0,0,1,20,27,63,1,1,1
21,Mechanical,1,8.2,88.77,227,29,2,2,6,1,29,12,61,1,1,1
20,AIML,2,7.41,82.06,180,50,5,0,7,3,66,23,50,1,1,1
23,IT,3,7.68,78.2,269,38,3,1,5,1,72,23,59,1,1,1
21,CSE,3,8.17,67.68,262,42,5,1,4,6,70,1,53,0,0,0
22,ECE,2,6.4,79.55,94,47,5,1,1,2,13,29,61,0,1,1
21,Mechanical,3,6.77,71.76,69,43,3,0,0,3,15,13,60,0,0,1
23,ECE,3,6.63,75.04,130,18,4,4,2,2,26,31,42,0,1,1
22,IT,2,7.18,75.11,178,35,5,1,3,3,47,12,58,1,1,1
21,IT,2,8.55,82.87,230,41,8,1,7,4,40,14,43,1,1,1
20,Mechanical,2,8.33,83.51,197,55,2,1,5,1,37,13,41,0,1,1
23,ECE,2,7.43,72.81,149,53,3,2,2,2,27,19,57,0,1,0
21,ECE,2,8.18,83.55,164,53,5,0,3,4,27,11,33,0,1,1
20,EEE,3,9.15,77.27,126,49,7,2,4,1,26,38,24,0,1,0
23,Mechanical,2,6.44,77.75,171,21,1,0,5,1,21,15,57,0,0,1
19,EEE,3,6.78,79.04,94,28,3,0,3,2,17,10,28,0,0,1
20,Mechanical,2,7.27,61.48,162,38,1,1,4,1,35,19,57,1,1,1
21,EEE,2,7.82,75.34,90,46,3,0,3,2,21,14,44,0,0,1
20,Chemical,3,7.79,59.88,167,38,0,0,1,1,28,16,62,0,0,1
21,Mechanical,3,6.45,59.92,90,51,1,2,1,1,18,18,51,1,0,1
20,ECE,2,7.65,74.98,121,52,6,2,1,2,26,16,39,0,1,1
20,Civil,3,8.07,74.91,205,67,3,0,3,3,26,18,65,0,0,1
19,Civil,3,6.31,68.43,117,18,2,0,2,1,23,17,60,1,1,1
20,IT,3,7.48,78.59,156,51,1,0,5,4,32,22,62,0,1,1
24,Mechanical,3,6.83,69.27,143,51,4,0,1,1,17,34,67,0,0,1
21,Chemical,1,6.52,62.76,219,23,4,1,1,3,40,11,56,0,1,1
21,AIML,2,8.33,65.96,310,49,4,0,6,3,92,9,48,0,1,1
21,IT,3,7.75,63.21,161,42,4,2,4,3,34,0,48,0,1,1
22,IT,3,6.59,64.98,139,33,4,2,8,2,46,10,44,0,0,1
20,EEE,3,8.13,70.84,93,30,4,1,1,1,13,13,59,0,1,1
20,Chemical,2,9.3,89.74,159,46,5,3,2,4,30,44,61,1,1,1
22,IT,1,7.84,76.34,289,33,3,1,1,1,71,8,61,0,1,1
21,Mechanical,3,6.17,62.67,70,44,1,0,1,3,18,20,30,0,0,0
22,Mechanical,3,7.09,78.63,137,57,5,1,4,0,24,9,62,0,0,1
23,Mechanical,2,5.85,74.39,55,18,0,3,1,2,16,20,46,0,0,1
23,EEE,1,7.65,71.48,198,51,1,4,5,3,24,18,62,1,1,1
20,EEE,3,7.02,81.49,75,39,2,0,1,5,21,16,62,1,1,1
19,AIML,3,8.01,82.97,364,48,4,0,3,3,87,19,28,0,1,1
20,CSE,2,6.99,70.26,209,32,2,0,4,2,60,6,38,1,0,0
22,IT,1,8.51,76.97,276,37,6,1,5,0,70,14,56,0,1,1
23,AIML,2,6.82,69.44,223,55,3,2,3,1,75,23,60,0,1,1
24,EEE,2,7.4,77.56,234,33,4,0,2,2,28,22,60,0,1,1
20,Civil,3,6.15,53.68,52,43,0,1,3,2,16,11,55,0,0,1
23,CSE,1,6.84,78.6,237,46,2,0,1,2,82,9,49,0,1,1
21,EEE,1,8.42,66.98,188,44,4,3,1,3,25,21,66,0,1,1
23,CSE,3,8.26,71.97,294,53,5,0,5,5,68,16,56,0,1,1
21,IT,3,6.79,86.51,153,31,2,2,2,3,44,18,54,0,1,1
20,CSE,3,7.79,72.77,195,48,4,2,3,3,69,3,39,0,0,1
19,AIML,2,8.16,78.78,194,22,2,2,2,2,65,14,50,1,1,1
24,Civil,2,6.59,74.27,213,28,2,1,2,0,36,23,54,0,0,1
21,IT,1,8.13,78.8,272,45,3,4,1,2,76,24,54,0,1,1
21,CSE,2,7.51,71.32,307,20,2,0,3,2,84,9,41,1,0,1
21,CSE,2,7.8,78.36,272,27,8,2,7,8,65,13,49,0,0,1
21,Civil,3,7.25,72.98,151,18,4,1,2,0,30,23,71,0,0,1
24,IT,3,5.54,55.81,263,36,3,0,4,6,79,15,54,0,0,1
19,Chemical,2,7.64,66.6,105,24,5,1,1,3,24,14,64,0,1,1
19,ECE,2,7.36,72.68,229,25,4,0,1,2,32,19,43,0,1,1
22,ECE,3,7.07,76.54,98,31,2,1,2,1,17,13,49,0,1,1
21,ECE,3,5.95,73.09,94,41,3,0,2,1,23,6,48,1,0,1
19,Mechanical,2,8.35,78.29,173,8,3,1,4,2,35,17,54,0,1,1
19,Civil,3,7.38,73.91,67,33,3,2,4,2,20,14,45,1,0,1
20,CSE,2,5.78,67.84,218,44,5,1,0,0,47,22,62,0,1,1
20,IT,2,8.66,80.24,205,35,3,2,4,3,59,30,47,0,1,1
18,AIML,1,8.11,69.41,338,48,5,4,1,5,100,21,52,0,1,1
20,Civil,2,8.28,77.01,169,52,6,2,5,1,33,6,45,0,1,1
22,Mechanical,2,7.25,79.65,130,18,2,3,2,2,29,34,57,0,1,1
23,AIML,3,7.34,74.42,156,35,5,0,6,6,29,12,53,0,0,1
23,IT,2,8.4,70.16,225,37,4,1,6,4,63,10,61,1,1,1
21,IT,2,7.87,68.34,211,44,1,1,7,3,61,23,56,1,1,1
20,Chemical,2,7.38,82.78,143,46,3,1,3,1,21,14,37,0,0,1
25,ECE,3,6.81,70.95,139,40,4,1,3,0,22,13,57,1,1,1
22,CSE,3,5.17,56.55,152,34,3,1,2,4,49,13,63,0,1,1
21,Mechanical,1,8.53,70.31,192,35,1,1,4,1,39,21,56,0,1,1
20,CSE,2,8.3,64.89,220,41,2,0,4,3,65,12,45,0,1,1
20,EEE,3,7.98,64.11,182,52,2,3,2,3,36,14,56,0,1,1
21,ECE,3,8.32,78.7,159,51,4,1,5,3,35,9,49,0,0,1
21,Mechanical,1,6.96,68.21,181,15,3,1,5,2,40,11,50,0,1,1
18,ECE,2,7.21,64.47,235,42,5,2,3,7,27,26,62,0,1,1
24,CSE,2,7.1,81.37,332,20,7,1,4,5,100,14,63,0,1,1
21,Civil,2,5.84,66.66,88,14,7,2,3,1,5,19,27,0,1,1
21,Civil,1,7.24,73.35,157,52,1,0,1,1,24,21,27,0,0,0
20,ECE,2,7.64,79.64,113,51,0,1,3,0,20,22,42,0,1,1
22,EEE,2,8.39,66.33,308,36,3,2,3,5,46,35,56,1,0,1
22,ECE,3,7.79,65.91,143,43,4,1,3,1,25,25,51,0,1,1
19,ECE,2,6.97,72.44,159,43,1,1,5,0,22,19,73,1,1,1
21,CSE,3,8.16,52.79,323,33,4,2,0,3,83,16,43,0,1,1
22,ECE,3,7.61,88.58,155,11,4,0,4,5,35,11,60,1,1,1
23,AIML,3,5.96,71.74,128,34,1,1,6,1,44,12,44,0,1,1
20,Mechanical,3,7.53,73.26,186,59,1,1,1,1,36,7,53,0,0,1
23,Civil,3,8.04,79.04,184,35,4,2,3,1,31,43,47,0,1,0
21,CSE,3,7.83,79.62,229,41,4,1,4,7,63,6,37,1,1,1
19,Mechanical,2,6.53,73.18,94,48,0,0,3,2,21,2,68,0,0,1
19,CSE,3,6.58,76.76,207,53,1,3,6,2,57,23,35,0,1,1
20,CSE,3,9.14,87.39,217,55,4,1,7,4,50,28,29,0,0,0
20,CSE,2,6.76,83.8,232,29,4,1,1,1,65,19,67,0,1,1
21,ECE,2,7.58,68.38,102,42,1,1,1,2,25,36,60,0,1,1
22,Mechanical,3,5.24,58.0,24,22,3,0,2,1,11,18,71,0,0,1
20,IT,2,8.65,68.89,244,42,5,2,5,6,65,31,66,0,1,1
25,Chemical,3,8.05,77.21,83,51,5,1,4,4,21,21,52,0,1,1
20,ECE,3,8.85,65.45,232,53,5,0,2,5,29,20,31,0,0,1
21,CSE,1,6.89,62.2,331,42,2,1,6,8,88,22,41,1,1,1
24,ECE,2,8.57,81.09,230,43,5,2,6,0,35,8,41,1,1,1
23,EEE,3,6.5,67.37,88,53,4,0,3,2,20,18,59,0,1,1
22,ECE,2,8.85,77.28,231,38,1,3,4,2,31,20,59,0,1,1
22,ECE,1,5.73,79.51,152,6,3,2,1,0,20,6,58,0,1,1
20,CSE,3,8.27,83.5,175,36,0,1,7,3,71,20,64,0,1,1
18,Mechanical,2,7.56,75.84,132,45,1,0,2,1,24,17,64,0,1,1
21,IT,2,8.11,68.55,282,41,2,2,7,4,59,25,51,0,1,1
19,Chemical,3,7.86,73.74,155,29,2,0,2,2,27,13,45,0,0,1
21,IT,3,7.77,68.66,262,59,3,1,3,3,75,15,23,1,1,1
20,AIML,3,9.45,78.25,209,26,2,0,4,1,71,25,59,0,0,1
23,Civil,2,9.1,72.49,162,47,7,1,4,3,23,24,32,0,1,0
23,AIML,2,8.03,76.1,355,42,4,2,5,2,99,6,38,1,1,1
22,CSE,2,7.72,72.31,212,72,1,0,9,4,58,19,51,0,1,1
22,Mechanical,3,8.65,70.99,182,59,2,1,5,1,22,23,54,0,0,1
20,AIML,3,8.72,68.86,263,54,3,3,5,3,69,35,42,0,1,1
19,IT,3,7.49,85.08,166,69,6,2,2,2,52,27,66,1,1,1
22,ECE,3,7.45,68.58,259,49,4,1,5,3,39,14,50,0,1,1
22,Mechanical,2,6.73,78.65,142,47,1,3,2,2,24,12,58,1,1,1
21,EEE,2,7.82,73.87,159,36,5,0,7,4,24,10,54,0,0,1
21,Mechanical,3,7.59,74.65,195,58,2,0,5,1,30,13,56,1,1,1
21,Chemical,3,8.24,76.83,79,32,1,0,3,0,23,26,62,0,0,1
20,Mechanical,3,8.94,76.23,98,41,2,0,5,1,19,11,40,0,0,0
20,AIML,3,8.45,76.66,216,67,5,1,5,2,67,15,40,0,1,1
21,Mechanical,3,8.3,80.08,77,44,1,0,1,0,13,19,43,0,1,1
21,Civil,3,7.21,63.8,101,41,3,1,4,2,22,19,50,0,0,1
24,ECE,3,7.05,70.93,161,61,4,1,1,1,30,15,66,0,1,1
21,EEE,2,8.19,76.07,127,35,3,1,2,1,20,26,57,0,1,1
22,ECE,3,7.89,79.53,215,43,4,1,4,2,38,29,39,0,1,1
22,CSE,2,8.15,72.83,203,25,2,0,5,3,43,21,50,1,1,1
19,Mechanical,1,6.96,70.52,196,47,9,0,7,1,22,4,43,0,1,1
22,ECE,2,6.71,76.6,218,46,4,0,6,1,31,0,36,0,0,1
21,IT,3,6.96,60.6,192,41,8,2,5,1,54,8,54,0,1,1
21,ECE,3,8.0,83.13,82,33,0,0,3,1,16,28,61,0,1,1
19,EEE,2,7.54,67.84,95,46,4,0,2,3,13,20,57,0,0,1
23,Mechanical,2,8.84,85.35,301,38,4,2,6,2,46,21,61,1,1,1
24,Civil,3,6.52,79.33,70,16,0,1,2,3,26,17,60,1,0,1
18,Mechanical,3,6.54,68.12,155,47,1,0,1,2,23,19,51,0,0,1
20,Chemical,2,7.34,80.18,126,41,6,0,3,3,21,27,66,1,0,1
20,CSE,2,7.06,69.72,242,33,4,0,2,4,62,19,62,0,1,1
22,CSE,1,7.08,67.28,256,46,2,4,4,1,72,21,66,1,1,1
21,Mechanical,3,7.44,76.2,85,23,2,0,4,0,25,14,31,0,0,1
20,EEE,2,7.62,80.2,117,53,3,0,2,1,25,24,35,0,0,1
22,Civil,3,6.29,63.09,96,41,2,1,1,1,18,9,50,0,0,1
21,Mechanical,2,7.01,59.95,78,18,4,5,1,1,18,16,73,0,1,1
21,CSE,2,8.12,77.13,214,60,3,0,2,3,58,17,48,0,1,1
21,Mechanical,2,7.28,84.53,249,70,4,0,7,0,36,20,78,0,1,1
21,AIML,2,6.81,71.38,220,55,5,0,1,2,69,16,65,0,1,1
21,ECE,2,7.2,81.85,110,55,2,1,2,1,26,16,57,1,1,0
20,Mechanical,3,6.32,77.67,113,32,5,2,2,1,30,13,53,0,0,1
21,EEE,2,9.02,84.88,209,25,5,0,4,1,25,26,46,0,1,1
23,IT,1,8.51,75.88,264,45,4,2,4,7,76,12,44,0,1,1
21,Mechanical,2,9.59,75.92,241,51,3,4,6,5,38,29,31,0,1,1
23,Chemical,2,7.59,75.06,105,38,8,2,4,0,12,16,39,0,0,1
21,AIML,2,7.2,64.78,184,32,4,1,7,2,70,26,40,0,0,1
22,CSE,3,6.62,76.87,242,39,4,3,6,6,56,18,28,0,1,1
20,CSE,1,8.14,73.1,358,36,4,2,4,3,87,17,58,0,1,1
22,ECE,2,7.12,71.53,81,27,5,2,3,3,22,11,30,0,1,1
20,AIML,3,6.53,69.41,211,31,0,2,5,2,61,13,52,0,1,1
18,ECE,3,8.48,71.51,172,44,2,1,1,5,18,12,44,0,0,1
20,CSE,1,7.78,70.95,323,35,5,3,7,0,66,23,41,0,1,1
18,AIML,2,7.72,77.2,274,59,3,2,4,3,92,28,32,0,0,1
24,IT,2,7.69,66.47,241,47,2,2,4,3,65,0,55,0,1,1
25,Chemical,3,7.7,66.79,174,51,0,0,1,0,22,12,60,0,0,1
22,AIML,3,5.86,62.55,150,43,4,0,6,4,57,13,30,1,0,1
19,CSE,3,6.37,70.67,148,28,6,0,3,1,62,13,50,0,0,1
23,IT,1,9.32,68.35,317,74,4,3,3,3,100,21,66,0,1,1
22,Chemical,3,7.31,68.19,97,49,0,1,3,2,17,7,66,0,0,1
20,ECE,2,7.85,58.69,186,49,1,2,4,1,29,13,50,0,1,1
21,Mechanical,3,8.03,64.25,74,28,4,0,4,4,15,18,43,0,1,1
22,AIML,2,7.18,69.88,200,26,3,3,4,3,60,8,72,1,1,1
18,CSE,1,6.84,73.91,241,43,9,3,2,3,67,18,46,1,1,1
21,ECE,1,6.59,71.58,207,21,3,0,5,0,33,21,76,0,1,1
22,Mechanical,2,6.64,70.97,105,29,1,0,3,2,26,17,54,0,0,1
20,Civil,3,6.76,67.52,74,38,2,0,1,2,16,24,40,1,0,1
21,AIML,1,7.1,80.89,300,33,6,2,3,5,73,21,48,1,1,1
21,Chemical,2,6.4,67.05,113,43,3,1,1,1,22,26,52,0,0,1
22,ECE,2,8.28,66.14,261,57,4,2,4,1,46,22,58,1,1,1
24,ECE,1,9.0,88.36,207,35,6,1,3,6,26,20,37,1,1,1
23,Civil,3,6.56,64.63,56,29,6,1,3,4,14,27,56,1,1,1
22,IT,2,6.05,67.22,166,28,2,3,5,1,52,15,50,0,0,1
21,Mechanical,3,7.4,80.4,157,37,3,1,2,0,25,23,52,0,1,1
21,ECE,2,8.79,73.41,131,52,4,1,3,3,20,35,52,0,1,1
21,CSE,1,6.62,78.87,301,2,1,0,7,2,67,6,58,0,1,1
19,CSE,3,6.24,70.72,177,32,2,1,6,3,53,14,49,0,0,1
22,Chemical,3,5.34,70.56,73,0,4,1,2,2,23,11,43,0,0,1
22,Civil,3,7.57,75.79,103,47,5,0,2,1,16,15,52,0,0,1
21,Chemical,3,6.5,68.94,51,28,1,0,4,0,15,21,54,0,0,1
23,Mechanical,1,8.5,88.04,192,48,5,2,0,2,40,41,67,1,1,1
22,EEE,3,7.97,80.73,129,39,1,2,3,3,21,19,52,0,1,1
21,AIML,2,8.77,65.77,228,60,5,2,5,1,54,30,69,0,1,1
18,EEE,1,8.68,74.51,174,38,5,2,3,1,30,25,58,0,1,1
19,ECE,3,6.0,74.62,162,27,1,2,4,3,27,1,38,0,0,1
21,IT,3,7.11,56.09,232,45,4,1,4,1,65,25,52,0,0,1
21,Mechanical,3,8.32,70.76,140,72,3,1,5,2,25,13,55,0,0,1
20,CSE,2,6.34,77.7,252,23,4,0,2,0,72,23,60,0,1,1
20,ECE,3,7.03,74.65,76,52,5,0,1,2,18,20,66,0,0,1
20,Mechanical,3,7.41,69.96,97,23,4,0,1,2,20,12,44,0,0,1
22,Civil,2,7.46,78.81,92,30,4,0,4,3,17,31,55,0,1,1
22,ECE,2,7.75,89.99,118,63,4,0,4,2,16,8,43,0,1,1
21,IT,2,6.92,65.56,235,39,6,0,7,2,70,14,65,0,1,1
20,EEE,2,6.7,62.83,136,36,2,0,2,3,31,16,59,1,1,1
19,CSE,2,7.88,87.26,376,37,4,1,4,3,100,12,50,0,1,1
19,CSE,3,7.2,80.09,178,31,3,0,5,3,58,17,47,0,1,1
21,Mechanical,2,9.3,77.72,220,44,5,1,1,2,31,16,48,1,1,1
19,CSE,3,6.41,70.9,282,49,1,0,2,2,83,29,65,0,1,1
20,IT,1,7.7,80.56,261,28,5,2,6,9,77,30,63,0,1,1
24,IT,2,6.37,76.33,374,18,4,0,4,1,81,0,55,0,1,1
21,Chemical,3,7.66,80.92,144,30,3,0,1,0,28,17,55,0,0,1
23,Mechanical,3,7.17,67.22,82,34,5,1,2,2,11,30,36,0,0,0
19,Mechanical,1,8.2,74.37,247,18,6,1,4,1,21,39,72,0,1,1
20,EEE,3,6.74,85.2,79,22,5,2,6,2,14,21,45,0,0,0
24,AIML,3,5.79,73.09,204,34,3,2,4,2,84,0,40,0,0,1
21,IT,2,8.59,89.17,220,51,6,4,2,3,69,28,46,0,1,1
22,CSE,1,8.51,78.63,287,63,4,0,2,2,70,25,76,1,1,1
25,ECE,2,8.3,73.0,158,48,4,2,3,1,25,37,50,0,1,1
21,CSE,2,8.26,69.78,190,53,2,3,5,2,44,22,54,0,1,1
20,Civil,2,7.58,71.37,184,57,0,0,1,1,30,17,52,1,0,1
21,CSE,2,8.02,84.23,250,38,7,2,6,1,63,10,45,1,1,1
19,AIML,2,6.73,72.28,255,49,2,2,3,4,61,15,65,0,1,1
19,ECE,3,7.0,62.22,112,44,1,0,2,2,15,10,63,0,0,1
18,IT,2,8.46,70.23,225,43,1,1,5,5,70,22,41,0,1,1
23,CSE,2,9.23,95.9,234,61,3,1,9,4,68,22,66,0,1,1
22,Chemical,3,7.63,68.52,79,22,4,2,2,1,11,29,48,1,0,1
20,AIML,2,4.69,66.86,197,22,2,0,2,2,51,0,42,0,1,1
20,Mechanical,2,7.8,81.22,169,40,0,0,3,2,30,31,43,0,0,1
22,Mechanical,1,8.96,76.49,232,61,3,5,7,2,37,10,52,0,1,1
23,AIML,2,7.24,56.55,250,39,6,2,4,4,64,26,60,1,1,1
20,AIML,3,6.5,62.18,209,40,4,3,5,1,59,9,57,0,1,1
20,ECE,3,8.17,69.48,112,56,2,0,3,0,21,5,40,0,0,1
23,Civil,3,7.05,62.57,91,37,4,1,6,1,19,4,72,0,0,1
23,Mechanical,3,7.04,82.52,69,15,7,2,4,3,16,8,41,0,1,1
23,IT,2,6.08,75.06,173,33,1,1,4,3,69,19,53,0,0,1
20,CSE,2,6.1,78.19,236,17,6,1,3,3,66,27,69,0,1,1
19,EEE,3,8.06,69.52,183,45,4,0,2,2,30,21,48,1,1,1
21,ECE,2,6.45,68.98,69,36,5,0,2,4,25,12,59,0,0,1
20,IT,1,9.25,86.78,330,67,2,4,5,6,82,30,50,1,1,1
23,EEE,3,9.05,66.57,99,50,6,1,3,3,24,29,48,1,1,1
19,Chemical,2,6.61,84.06,147,32,2,0,2,2,29,0,51,0,1,1
22,Civil,2,6.91,80.2,94,29,2,1,2,3,20,12,46,1,1,1
23,EEE,2,8.1,78.84,146,46,2,2,6,4,26,31,39,0,1,1
25,Chemical,2,8.8,73.8,166,63,3,2,5,4,29,18,44,0,1,1
22,IT,2,7.64,65.18,174,26,7,2,4,0,51,19,59,0,1,1
24,CSE,2,6.95,76.93,271,44,2,1,4,1,63,14,55,0,1,1
19,ECE,2,7.17,83.6,121,33,4,1,7,4,23,18,57,1,0,1
21,EEE,3,7.45,76.42,79,37,4,2,4,3,22,30,67,0,1,1
18,Mechanical,2,7.04,77.04,206,27,3,1,2,0,22,11,46,0,0,1
25,Chemical,2,8.54,82.01,138,33,3,1,5,3,26,12,59,0,0,1
23,ECE,3,6.76,72.88,47,38,2,0,2,1,8,20,50,1,0,0
18,IT,1,8.14,79.57,277,46,5,0,3,2,69,19,64,0,1,1
18,AIML,2,8.15,86.8,263,42,3,0,6,5,66,19,44,0,0,1
21,EEE,3,7.36,77.56,108,44,1,1,3,1,21,15,45,0,0,1
20,Mechanical,2,7.31,74.36,74,22,3,2,2,4,21,25,38,1,1,1
23,EEE,1,7.73,69.15,166,44,5,2,4,1,26,23,47,0,1,1
20,CSE,2,6.76,77.44,224,43,5,2,7,4,49,1,52,1,1,1
22,ECE,2,8.16,76.72,224,35,8,0,1,3,41,31,48,0,1,1
21,CSE,3,7.24,73.89,188,40,3,3,4,3,55,23,50,1,1,1
21,ECE,1,7.54,78.04,170,51,3,1,3,1,27,23,46,1,1,1
20,AIML,1,6.82,72.02,218,25,7,2,6,3,78,10,82,1,1,1
25,Civil,2,9.16,82.01,163,58,5,3,3,3,33,21,49,0,1,1
21,Mechanical,2,8.23,77.7,180,43,5,1,1,1,31,41,65,0,1,1
21,Mechanical,3,6.11,67.1,59,39,3,0,3,4,17,11,58,0,0,1
21,CSE,2,7.98,81.75,255,43,3,1,7,6,82,30,58,0,1,1
23,ECE,2,6.98,54.23,142,22,3,2,3,1,14,10,58,0,1,1
23,CSE,3,6.58,75.17,138,29,4,1,3,1,49,19,48,0,1,1
22,CSE,1,7.13,65.67,227,37,4,2,5,1,62,27,56,1,1,1
21,IT,3,7.79,82.98,179,22,5,1,6,2,61,14,48,0,0,1
23,IT,3,7.23,60.3,178,67,2,0,5,5,67,16,68,0,0,1
20,Civil,2,7.46,70.14,196,36,7,2,2,2,31,25,48,0,1,1
22,Chemical,2,7.74,77.58,117,42,1,1,6,3,15,11,65,0,0,1
21,Chemical,2,8.3,75.59,206,41,2,1,4,1,23,23,52,1,1,0
21,CSE,2,9.47,75.31,314,40,5,4,5,3,68,23,51,0,1,1
25,ECE,2,7.28,80.97,121,42,2,1,1,4,22,21,50,0,1,1
25,CSE,2,7.14,63.63,185,40,2,0,7,4,67,17,53,0,1,1
21,EEE,3,7.44,74.51,72,9,7,2,2,0,33,21,73,1,1,1
21,ECE,3,7.95,71.04,79,39,4,1,5,4,13,21,56,0,0,1
23,ECE,2,8.43,82.35,205,48,5,3,1,0,35,31,47,1,1,0
25,CSE,1,6.9,68.05,224,25,6,4,2,4,61,0,74,0,1,1
22,CSE,1,9.81,81.44,312,34,5,2,6,1,84,32,65,0,1,1
19,IT,3,6.35,68.19,212,46,1,1,1,1,78,15,60,0,1,1
20,AIML,1,8.51,76.78,265,44,4,1,4,2,77,22,72,0,1,0
23,CSE,3,7.99,76.61,214,20,7,1,1,2,60,29,64,0,1,1
22,Civil,1,6.56,71.28,145,40,4,0,3,0,21,16,57,0,0,1
22,CSE,3,7.58,73.84,181,26,4,0,3,2,51,11,38,0,1,1
22,AIML,2,6.02,64.36,185,51,1,1,1,3,60,19,55,0,1,1
21,Civil,2,6.8,73.38,71,29,2,1,4,1,8,16,55,0,0,1
21,Civil,1,7.69,66.37,282,15,3,3,5,2,41,29,52,0,1,1
22,IT,3,7.47,76.53,178,56,2,2,3,5,50,26,37,1,1,1
20,Mechanical,2,8.56,77.28,136,46,6,1,3,5,24,22,42,1,0,1
22,CSE,1,7.16,57.24,281,30,6,2,6,1,68,7,58,0,1,1
22,EEE,1,8.06,77.14,156,45,6,1,4,3,30,14,59,0,1,1
23,Civil,3,8.14,87.93,143,50,2,1,4,1,27,19,64,1,1,1
20,ECE,2,7.45,73.15,157,64,4,0,4,0,28,19,51,0,1,1
22,CSE,2,7.5,75.24,243,32,7,1,4,5,62,7,63,0,1,1
19,EEE,2,6.26,65.03,69,21,1,0,1,2,21,30,57,0,0,1
20,Mechanical,2,6.12,86.21,71,68,0,1,2,1,20,11,54,0,0,1
21,Civil,3,6.63,86.94,59,19,0,0,3,1,16,6,45,0,0,0
19,IT,1,8.93,90.73,278,47,3,1,5,1,84,28,46,0,1,1
24,AIML,2,8.69,92.49,218,39,3,1,5,4,51,20,54,0,1,1
23,Mechanical,3,8.41,70.75,116,34,3,2,3,1,19,31,45,0,0,1
19,AIML,3,7.67,65.64,222,35,4,1,7,0,59,24,60,0,1,1
23,AIML,3,7.79,94.8,171,30,7,4,3,1,63,13,42,0,1,1
21,CSE,1,7.4,72.56,365,44,7,1,5,1,80,25,41,1,1,1
22,IT,3,7.03,66.71,186,37,3,1,4,2,62,12,47,0,0,1
23,ECE,3,5.62,71.24,69,24,2,0,2,3,16,13,40,0,0,1
21,Mechanical,1,7.93,67.54,163,48,5,0,2,2,27,18,72,0,1,1
19,CSE,2,7.9,77.13,220,18,7,0,4,2,42,25,31,1,0,0
18,ECE,2,6.98,66.54,93,37,1,2,3,0,18,26,67,0,1,1
21,EEE,3,8.13,82.34,116,39,4,0,2,0,23,20,46,0,0,1
24,ECE,3,8.39,70.75,123,44,6,1,7,2,14,27,46,0,0,1
21,Mechanical,3,6.4,62.17,169,39,4,0,1,2,23,8,49,0,1,1
21,Civil,3,9.31,73.22,195,54,4,1,3,2,29,27,43,0,1,1
19,AIML,2,7.96,77.83,297,57,5,0,6,8,73,5,48,1,1,0
23,Civil,1,9.07,74.7,216,46,6,3,4,0,24,41,63,1,1,1
20,Civil,2,6.92,78.28,89,35,2,0,1,3,13,11,57,0,0,1
22,IT,3,8.58,77.24,273,51,6,1,7,3,73,21,49,0,1,1
22,Mechanical,3,7.91,79.62,102,21,3,2,4,2,23,18,42,0,0,1
20,ECE,1,7.5,67.39,151,57,6,2,5,3,20,23,77,1,1,1
19,Mechanical,3,6.42,69.38,107,40,1,1,4,4,25,24,54,1,0,1
21,Mechanical,2,7.51,73.82,204,33,3,2,1,6,28,9,50,0,1,1
20,Chemical,2,8.16,70.45,217,40,4,0,1,1,25,22,43,0,0,1
22,AIML,2,7.57,70.73,234,52,6,1,3,5,81,16,31,0,1,1
22,Mechanical,2,7.58,77.04,149,32,2,1,2,4,23,19,59,0,1,1
20,CSE,3,6.94,60.32,248,49,1,2,5,3,70,16,47,0,1,1
21,Chemical,2,9.87,67.26,599,93,14,2,4,1,63,26,47,0,1,1
19,CSE,3,7.5,73.13,284,33,9,2,3,5,88,3,45,1,1,1
20,IT,1,6.96,63.2,260,25,5,2,1,6,81,22,63,0,1,0
22,Civil,2,8.31,62.11,149,59,5,0,1,2,30,24,36,0,1,1
22,ECE,3,8.06,75.25,132,52,1,0,3,1,15,22,57,0,0,1
22,EEE,3,8.77,71.06,139,48,5,1,3,2,30,22,53,0,1,1
20,IT,3,7.03,60.48,237,40,1,2,3,1,68,22,52,0,1,1
21,ECE,1,7.71,68.81,384,37,4,3,2,1,53,16,60,1,1,1
21,Civil,2,6.25,71.74,92,34,4,2,2,3,24,29,42,0,0,1
25,Civil,2,7.03,75.23,194,49,2,1,3,2,21,19,56,0,0,1
22,ECE,1,7.75,73.08,212,55,4,2,4,1,38,18,38,1,1,1
24,Mechanical,2,7.57,82.12,92,52,1,1,3,1,11,28,60,0,0,1
20,ECE,2,7.18,77.65,152,36,4,2,0,2,33,9,39,0,0,1
21,Chemical,1,9.74,64.55,1032,85,11,3,4,0,96,13,58,0,1,1
22,Mechanical,1,7.96,71.26,189,72,1,1,4,3,30,20,41,0,0,1
21,ECE,2,7.25,58.25,87,23,3,1,1,3,23,23,41,0,1,1
22,ECE,1,8.86,87.8,212,51,7,4,3,0,25,13,49,0,1,1
21,CSE,2,7.71,71.28,257,42,4,4,3,1,67,34,73,0,1,1
25,Chemical,3,6.9,87.29,161,60,3,3,0,0,21,9,55,0,0,1
20,AIML,2,8.42,73.74,238,64,3,3,8,2,48,29,51,0,1,1
24,CSE,2,6.64,69.82,353,6,3,1,3,2,92,11,38,0,1,1
21,ECE,2,7.17,76.9,101,16,2,0,4,3,19,29,48,0,1,1
21,Mechanical,1,6.86,84.35,187,54,4,2,5,0,27,16,71,0,0,1
21,Mechanical,3,7.13,86.35,121,48,3,1,2,1,25,20,55,0,0,1
20,AIML,3,8.52,77.25,215,37,5,0,5,3,59,18,46,0,0,1
24,AIML,2,7.66,73.89,186,45,3,2,3,3,57,19,38,0,1,1
23,AIML,2,6.03,65.09,159,27,5,1,4,3,61,0,41,1,0,1
25,EEE,3,7.02,85.49,241,34,4,1,4,2,40,16,52,1,0,1
25,Chemical,2,7.73,79.4,90,48,0,0,2,0,21,15,34,0,0,0
22,Civil,2,7.75,70.42,134,48,1,3,0,1,27,25,60,0,1,1
21,ECE,2,7.35,80.09,216,36,5,3,5,4,28,25,27,0,1,0
23,IT,2,8.15,80.75,214,38,2,2,4,5,65,18,66,0,1,1
18,IT,3,7.85,70.27,189,36,2,3,1,2,58,16,35,1,1,1
23,Mechanical,2,7.37,69.89,90,32,5,1,2,1,25,1,67,0,0,1
21,EEE,2,7.7,66.42,95,26,1,2,3,3,25,4,40,1,1,1
22,CSE,2,7.38,81.63,174,52,5,1,4,2,71,28,53,0,1,1
21,CSE,2,7.55,70.32,202,76,6,3,3,1,56,17,57,0,1,1
21,ECE,3,7.51,65.5,139,39,1,1,2,1,18,18,50,1,0,1
19,ECE,1,8.61,87.84,241,46,4,0,4,1,29,22,61,1,1,1
21,Chemical,1,8.15,78.29,216,82,1,4,3,2,29,7,59,0,1,1
21,CSE,3,7.35,58.4,187,19,4,3,4,5,57,23,55,1,1,1
20,Mechanical,3,7.01,77.33,174,29,3,2,4,0,25,1,52,1,0,1
20,Civil,2,8.06,62.11,174,48,1,1,0,2,23,22,55,1,0,1
21,IT,1,8.02,69.87,263,41,3,2,4,0,67,31,53,0,1,1
20,CSE,1,7.67,77.59,269,32,4,1,7,1,90,20,79,0,1,1
23,AIML,2,7.24,76.02,197,65,1,3,4,7,71,11,35,0,1,0
19,EEE,2,7.56,68.72,183,53,5,0,4,2,31,28,57,0,0,1
21,CSE,2,6.93,62.78,203,43,5,1,2,0,51,15,54,0,1,1
20,Civil,3,6.12,82.1,130,45,1,3,0,1,26,14,70,0,0,1
21,Mechanical,3,8.69,88.17,143,52,4,0,4,2,23,31,49,0,0,1
21,Mechanical,1,9.11,77.02,231,61,8,5,2,3,34,22,62,0,1,1
22,Mechanical,2,7.63,73.92,126,51,2,2,7,3,25,13,50,0,1,1
21,CSE,1,8.21,71.01,304,20,9,2,5,2,83,27,50,0,1,1
21,Mechanical,3,7.17,70.73,107,38,5,0,1,0,16,9,54,1,0,1
20,EEE,2,7.94,75.28,270,42,3,2,0,2,33,7,37,0,1,1
21,CSE,3,7.46,79.02,150,27,8,0,6,1,49,18,31,1,1,1
21,AIML,2,7.68,62.59,185,33,5,1,3,4,44,11,49,0,1,1
22,ECE,3,6.53,73.55,136,31,3,1,1,1,22,11,54,1,0,1
21,ECE,1,9.28,90.36,244,49,7,1,1,2,46,12,59,0,1,1
22,CSE,2,6.58,68.36,167,55,4,1,5,4,50,16,58,0,1,1
21,ECE,2,8.23,69.12,228,57,3,2,3,4,35,2,53,0,1,0
20,Chemical,1,7.09,80.12,169,34,8,2,1,2,20,20,51,0,1,1
20,IT,2,5.85,60.74,172,45,1,0,2,1,66,28,45,0,0,1
19,CSE,3,8.17,66.65,237,40,2,0,5,4,46,36,43,1,1,1
21,ECE,3,7.51,60.89,314,12,1,3,5,0,39,16,61,1,1,1
23,ECE,1,6.61,74.39,173,32,3,2,4,1,33,18,61,1,1,1
22,Civil,3,7.94,66.23,87,58,6,2,0,2,24,20,19,0,0,0
21,ECE,3,7.07,60.44,101,61,1,1,3,2,22,30,37,0,0,1
20,AIML,1,9.33,80.51,337,53,6,3,11,2,79,30,73,1,1,1
23,AIML,2,6.33,62.38,181,30,8,0,5,3,59,10,70,1,1,1
19,CSE,2,6.99,76.27,186,36,9,1,4,2,46,6,55,0,1,1
21,Mechanical,3,8.08,79.12,152,37,7,1,2,0,26,34,38,0,1,1
23,AIML,2,7.17,73.15,185,36,11,1,3,2,51,13,50,0,1,1
21,Mechanical,2,6.83,66.07,226,23,2,3,4,1,26,14,52,0,1,0
19,ECE,2,7.72,80.05,180,25,4,1,4,2,26,11,40,1,1,1
20,Mechanical,3,8.31,66.28,265,42,1,2,2,2,36,25,45,0,0,1
21,AIML,2,7.48,81.65,193,37,2,0,0,2,62,7,42,1,0,1
20,CSE,3,7.2,71.05,243,23,5,2,5,2,59,29,43,0,1,1
22,IT,3,6.73,70.54,204,36,5,0,1,3,65,25,37,1,1,1
21,IT,1,7.4,75.92,242,43,1,3,2,1,65,19,32,1,1,1
20,ECE,3,6.43,79.31,137,42,1,1,3,0,18,1,31,0,1,0
20,Mechanical,3,8.42,78.75,108,15,5,0,5,2,23,8,51,1,0,1
23,Civil,2,8.13,72.52,140,48,5,0,7,1,23,26,42,0,1,0
21,EEE,2,6.43,74.38,114,46,3,0,5,3,23,28,61,1,1,1
22,AIML,2,7.04,80.19,185,45,3,1,3,2,42,12,48,0,1,1
21,AIML,1,8.41,83.82,297,52,7,3,6,3,76,3,53,0,1,1
19,Civil,3,7.93,76.6,124,40,3,1,5,1,21,13,59,0,0,1
21,AIML,1,7.69,76.03,237,32,1,4,1,4,70,22,54,1,1,1
21,CSE,2,7.31,75.94,231,40,3,2,3,3,64,17,50,0,1,1
21,Chemical,2,7.52,79.81,260,47,5,1,3,2,33,19,64,0,1,1
22,CSE,3,7.0,71.25,260,44,7,2,6,5,67,16,52,1,1,1
23,Mechanical,3,8.29,77.56,189,64,3,1,5,1,35,28,52,1,0,1
22,CSE,1,8.37,77.62,266,38,2,2,7,0,76,29,59,0,1,1
21,EEE,1,8.02,65.67,205,43,5,2,1,1,29,8,58,0,1,1
21,CSE,3,6.45,66.15,145,34,4,1,2,1,67,19,51,0,1,0
22,Civil,2,7.0,79.31,82,23,1,2,5,0,16,14,57,0,0,1
20,CSE,1,7.24,86.84,239,31,6,1,4,2,70,25,67,0,1,1
22,IT,1,7.46,74.32,313,36,2,0,4,4,86,23,60,0,1,1
23,Mechanical,3,7.53,73.17,161,38,2,2,1,0,23,14,32,1,1,1
20,ECE,3,8.71,73.97,148,39,2,0,1,0,21,27,58,0,0,1
23,ECE,2,7.67,57.58,175,56,7,1,3,3,28,27,70,0,1,1
23,ECE,2,6.35,81.17,68,36,0,1,3,2,17,7,36,0,0,0
21,ECE,3,7.95,69.88,92,51,3,5,4,1,12,24,48,0,1,1
23,Chemical,3,6.23,58.24,100,27,0,0,0,2,18,10,52,0,0,1
19,Mechanical,2,7.91,77.37,175,29,5,2,5,1,32,21,59,0,1,1
18,ECE,3,7.0,72.35,116,44,6,0,4,0,21,18,63,0,1,1
20,IT,3,7.86,90.07,166,3,9,0,2,1,61,11,50,0,0,0
21,ECE,2,7.97,78.89,200,46,3,0,6,1,38,19,41,0,1,1
21,Chemical,2,7.67,85.63,106,11,4,2,1,1,25,24,44,0,1,1
24,AIML,3,6.48,75.77,140,45,1,1,5,2,48,6,63,1,1,1
20,IT,2,6.99,68.19,229,12,1,1,2,2,50,5,65,1,1,1
20,CSE,2,7.95,93.06,322,31,7,0,5,2,73,21,53,1,1,1
22,EEE,1,7.92,86.77,241,52,2,2,3,6,34,28,53,0,1,1
18,Mechanical,1,9.32,83.86,233,33,3,1,4,5,39,16,55,0,1,1
22,EEE,1,7.89,83.07,174,42,8,0,4,1,21,27,64,0,1,1
21,Mechanical,2,8.18,78.66,219,64,3,1,2,6,35,19,68,0,1,1
25,Mechanical,3,7.03,74.15,54,54,3,4,2,2,7,24,56,0,0,1
22,Chemical,2,6.79,75.2,166,40,2,0,1,1,30,11,50,0,1,1
19,ECE,3,8.34,91.48,127,63,2,0,3,1,24,16,45,0,1,1
19,CSE,3,6.75,80.3,152,40,2,1,3,3,59,10,50,0,0,1
19,ECE,2,6.3,70.16,125,22,2,1,2,2,24,11,45,0,1,1
24,Mechanical,3,6.22,71.54,68,12,0,1,2,2,24,10,35,0,0,1
22,IT,3,7.66,63.59,182,41,2,0,3,1,63,23,36,0,1,1
21,ECE,2,6.93,73.22,93,37,1,2,4,3,15,9,66,0,1,1
20,Mechanical,2,6.22,74.3,134,52,2,3,2,1,22,4,58,0,1,1
23,CSE,3,8.99,81.7,205,51,5,3,7,2,71,25,63,0,1,1
20,EEE,2,5.64,69.54,232,41,1,0,3,0,31,12,47,0,1,1
22,Mechanical,2,7.15,68.27,152,44,6,0,3,0,26,23,66,0,1,0
22,Chemical,2,8.88,84.8,149,49,4,1,4,0,23,26,66,0,1,1
20,Mechanical,2,7.55,81.35,110,22,2,0,1,2,24,18,47,0,0,1
21,CSE,2,9.59,81.32,268,38,4,2,5,2,78,30,47,0,1,1
20,ECE,3,8.02,76.29,149,48,2,0,4,2,21,12,52,0,1,1
21,IT,2,6.5,70.65,202,37,4,0,4,1,69,12,60,1,0,1
24,IT,3,7.99,77.79,272,22,3,2,4,2,77,29,45,0,1,0
22,Mechanical,2,7.02,76.19,123,29,3,0,6,2,30,16,37,0,1,1
23,EEE,3,7.13,61.26,148,17,1,1,3,3,28,19,68,0,0,1
21,Mechanical,3,6.5,67.51,125,48,4,2,1,0,38,24,49,0,0,1
20,Mechanical,2,6.94,63.31,105,38,2,2,3,0,20,11,67,0,1,1
22,Mechanical,2,8.12,72.16,145,54,6,0,2,1,28,26,63,1,1,1
21,Mechanical,3,6.58,79.62,134,18,2,0,2,1,26,18,68,0,0,1
20,AIML,3,5.71,61.31,120,24,2,4,4,2,44,28,49,1,1,1
21,CSE,2,7.85,63.94,252,34,5,0,6,3,66,10,26,1,1,1
22,CSE,3,7.14,63.53,204,32,3,0,4,3,64,10,53,0,1,1
22,Mechanical,1,8.53,79.18,169,66,5,1,5,1,27,18,61,0,1,1
20,Chemical,3,6.7,76.44,42,43,0,0,3,0,19,23,61,0,0,1
23,Chemical,3,8.22,76.46,81,51,4,3,7,1,17,14,59,0,0,1
21,CSE,3,7.96,60.84,198,38,8,0,7,4,39,33,30,1,0,1
20,Chemical,1,8.19,71.22,194,38,2,4,1,3,27,10,57,1,1,1
20,Civil,1,6.6,82.58,165,41,3,1,2,3,22,28,57,0,1,1
22,CSE,2,7.45,74.51,231,67,3,1,4,4,64,9,51,0,1,1
21,ECE,1,8.52,62.65,169,43,3,0,1,2,33,23,69,1,1,1
21,Chemical,1,7.28,67.5,207,19,4,2,1,2,40,24,41,0,1,1
20,ECE,1,5.97,54.5,211,27,2,0,1,1,36,16,64,0,1,1
22,Chemical,1,7.17,69.54,185,41,2,3,3,3,30,6,46,1,1,1
22,ECE,1,6.94,73.01,180,51,2,1,1,2,28,16,44,0,1,1
20,IT,2,6.98,71.21,214,45,2,2,3,2,64,16,52,0,1,1
24,CSE,2,6.27,67.31,271,36,5,1,2,3,76,19,55,1,1,1
19,CSE,1,8.41,91.49,302,37,3,2,5,3,73,21,69,0,1,1
20,Mechanical,3,7.87,76.72,115,46,4,0,1,1,32,21,53,0,0,1
21,IT,3,6.58,68.57,167,13,8,0,5,0,41,0,34,0,0,1
22,IT,2,7.13,78.24,184,47,3,2,7,4,67,29,34,0,0,1
20,Chemical,2,6.76,77.1,97,18,5,0,2,2,29,18,62,0,0,1
21,CSE,3,7.76,77.72,196,42,2,0,2,1,47,0,49,1,1,1
20,IT,2,6.65,90.47,217,32,0,2,4,2,62,25,37,0,0,1
21,Civil,3,6.62,65.95,98,48,0,1,2,1,24,11,42,1,0,1
22,Chemical,2,7.58,83.13,97,30,1,1,3,3,17,20,60,0,0,1
25,Mechanical,2,6.78,79.86,83,11,0,1,0,1,24,18,52,0,0,1
21,IT,3,8.78,67.9,218,48,4,1,6,0,69,29,63,0,1,1
22,CSE,3,6.74,75.4,194,45,6,1,6,1,61,19,48,0,0,0
21,Mechanical,3,7.97,68.79,108,61,5,2,7,0,20,19,61,0,1,1
20,Civil,2,8.25,76.96,230,40,1,3,4,1,37,14,66,0,1,1
20,Mechanical,3,6.16,78.4,43,45,2,1,1,3,19,14,45,1,0,1
25,IT,1,7.53,75.08,263,43,4,0,6,4,73,20,57,0,1,1
20,EEE,2,6.76,56.3,75,42,2,2,3,3,20,2,62,0,0,1
22,Mechanical,1,8.52,82.81,199,51,9,3,1,1,27,21,78,0,1,1
20,Civil,3,7.28,62.32,124,17,2,2,5,0,25,26,50,0,0,1
22,CSE,2,8.26,73.11,277,28,3,2,5,2,76,30,45,1,1,1
20,AIML,3,8.74,86.61,180,35,4,0,3,5,47,28,57,0,0,1
24,IT,1,9.22,71.32,289,43,3,3,3,4,83,23,47,1,1,0
22,Mechanical,2,6.59,74.56,247,26,4,0,1,1,37,0,62,1,1,1
19,Civil,1,6.75,66.51,151,33,3,3,1,0,33,17,71,1,1,0
22,AIML,3,6.35,54.49,158,31,4,0,4,4,59,21,43,1,0,0
21,ECE,3,8.31,71.49,174,41,4,2,4,2,26,22,56,0,1,1
20,EEE,1,8.39,72.17,212,63,6,1,4,2,35,24,80,1,1,1
20,CSE,3,7.93,66.33,176,55,3,1,5,5,39,22,42,0,0,0
22,Mechanical,2,7.97,75.64,110,38,3,2,2,5,18,34,52,0,1,1
22,ECE,3,7.0,72.93,51,52,2,0,2,2,17,8,60,1,0,1
20,Civil,1,7.83,72.02,178,75,3,2,3,5,30,6,65,0,1,1
23,ECE,1,8.04,72.89,186,45,4,1,2,2,34,23,54,1,1,1
20,Civil,2,7.6,79.05,152,28,5,1,3,1,23,22,44,0,0,1
19,CSE,3,6.8,62.09,166,30,2,1,1,1,43,21,43,0,0,1
21,ECE,3,8.72,86.4,162,56,3,1,4,3,33,20,72,0,1,1
19,IT,1,6.73,67.08,224,26,5,2,4,2,57,27,68,0,1,1
20,CSE,2,7.14,70.34,195,28,6,2,6,6,56,16,43,0,1,1
21,ECE,3,8.59,70.92,155,44,0,0,7,0,25,22,41,0,0,0
20,Mechanical,1,8.54,69.0,248,59,3,3,2,3,43,16,63,1,1,1
20,ECE,1,6.67,78.49,216,42,2,3,0,0,22,8,58,1,1,1
22,Civil,1,5.89,62.97,146,48,4,4,1,0,30,0,68,1,1,1
21,AIML,3,6.47,74.36,159,17,2,3,2,2,47,16,65,0,1,1
23,AIML,3,7.45,76.72,156,34,3,1,1,0,43,17,36,0,1,1
21,CSE,1,7.8,73.2,249,31,3,2,7,4,60,31,56,0,1,1
21,Mechanical,1,7.72,82.6,275,30,4,2,4,1,39,11,71,0,1,1
20,CSE,2,7.99,76.27,205,41,3,3,8,1,54,34,32,0,1,1
22,CSE,2,7.52,58.68,295,45,9,1,5,2,78,31,56,1,1,1
20,CSE,2,8.31,72.07,211,37,0,3,6,4,57,20,62,0,1,1
20,IT,2,8.14,95.62,229,52,1,1,3,3,83,7,48,0,1,1
23,ECE,1,5.92,69.26,175,13,8,1,1,0,24,1,65,0,0,1
22,ECE,2,7.57,73.66,99,52,2,1,2,3,14,8,45,0,1,1
21,Mechanical,3,7.17,80.11,201,30,1,2,1,0,28,9,51,0,0,1
19,IT,2,7.73,84.98,252,56,3,0,4,5,57,13,72,0,1,1
19,CSE,3,7.14,66.22,184,53,2,0,2,1,52,26,59,0,0,1
21,EEE,3,5.98,69.27,53,16,3,2,4,0,13,14,63,0,0,1
22,CSE,2,7.89,75.24,233,41,6,3,3,3,73,10,49,0,1,1
21,CSE,3,7.94,65.15,249,38,2,1,6,4,67,18,46,0,1,1
18,Mechanical,2,5.93,67.5,71,24,0,1,1,0,16,0,52,1,1,1
20,AIML,3,8.82,79.77,256,55,1,1,6,2,66,30,55,0,1,1
21,Mechanical,3,8.15,74.66,237,46,3,1,4,0,41,39,59,1,1,1
22,EEE,3,6.59,85.36,63,27,2,1,2,1,10,11,54,0,0,1
19,Civil,2,6.57,76.53,103,28,3,1,3,2,23,18,71,0,1,1
19,IT,3,7.52,76.5,265,54,2,0,4,0,66,18,47,0,1,1
20,EEE,1,9.87,75.37,1164,91,10,4,5,1,68,28,64,1,1,1
19,ECE,2,8.03,81.07,230,38,2,0,1,2,32,19,48,1,1,1
21,Mechanical,2,7.92,73.69,122,54,3,1,2,2,22,22,73,0,1,1
19,IT,1,8.25,65.36,337,35,3,1,4,0,93,8,36,0,1,1
22,EEE,3,6.41,61.77,50,34,3,1,2,2,15,0,57,0,0,1
22,ECE,3,7.23,74.93,128,39,2,0,1,3,21,17,48,0,1,1
25,CSE,3,7.64,83.53,212,39,6,0,6,3,70,19,52,0,1,1
24,CSE,3,7.15,69.79,163,36,2,1,2,0,54,16,53,1,0,1
20,Civil,3,7.9,81.73,127,23,3,1,10,2,36,31,72,0,0,1
18,EEE,1,8.67,80.96,179,40,7,3,3,3,31,38,63,1,1,1
20,EEE,1,7.05,80.86,187,33,3,1,5,2,38,25,68,1,1,1
22,Mechanical,2,7.47,65.97,164,63,2,1,10,4,28,17,49,0,0,1
19,CSE,1,7.3,65.18,286,28,6,1,5,0,76,18,72,0,1,1
21,AIML,3,6.99,84.98,169,1,3,1,2,1,67,0,62,1,1,1
20,EEE,2,6.1,57.22,81,53,1,1,2,4,16,14,38,0,1,1
20,Mechanical,3,7.7,77.36,183,47,2,1,2,0,18,19,48,1,0,1
22,EEE,1,10.0,93.25,218,55,7,4,2,1,32,31,81,0,1,1
22,IT,3,7.71,77.66,234,37,5,0,4,4,58,20,56,0,1,1
21,EEE,3,9.3,89.89,121,33,2,1,5,1,14,40,55,0,0,1
23,Mechanical,3,8.45,86.57,94,65,2,3,7,2,19,31,53,0,1,1
19,IT,2,6.86,77.84,164,32,5,2,3,2,69,10,60,0,1,1
20,ECE,2,7.86,77.79,112,32,4,2,4,1,15,26,57,0,0,1
21,CSE,3,8.02,67.67,196,71,3,1,5,2,70,17,35,0,1,1
22,CSE,3,7.97,65.31,227,42,3,0,5,4,52,22,49,0,1,1
21,Mechanical,1,7.14,71.3,194,47,4,0,4,1,29,9,44,0,0,1
19,IT,2,7.68,61.44,215,68,6,0,4,3,69,10,57,0,1,1
24,Mechanical,2,8.92,82.79,137,50,3,0,4,2,30,33,76,0,1,1
20,Mechanical,2,6.18,86.89,71,30,2,0,2,2,17,15,47,1,0,1
21,IT,2,8.38,77.13,202,38,5,4,1,4,58,22,67,0,1,1
22,Mechanical,2,8.5,79.84,142,45,4,1,0,1,27,20,40,0,0,1
24,CSE,1,6.29,61.6,233,47,4,0,6,3,59,29,61,0,1,1
22,CSE,1,7.22,72.16,342,33,4,0,5,0,87,8,41,0,1,1
24,IT,1,9.89,74.52,1183,93,8,4,7,2,69,25,58,1,1,1
20,EEE,1,8.49,75.45,297,41,7,0,3,1,39,17,56,1,1,1
21,AIML,2,7.51,76.89,180,48,6,1,9,3,54,5,50,0,1,1
23,IT,2,7.03,67.79,211,51,5,1,1,0,55,31,56,0,1,1
21,Civil,2,7.57,75.08,203,37,2,0,1,3,28,15,48,0,1,1
21,Civil,1,8.12,79.35,248,67,4,1,1,1,36,27,60,0,1,1
25,Civil,1,7.61,84.21,179,57,5,5,4,1,31,8,46,0,1,1
20,CSE,2,8.88,79.05,233,46,7,0,7,2,68,26,63,1,1,1
21,Mechanical,1,7.78,70.64,234,34,1,0,5,3,30,12,55,0,1,1
23,Mechanical,2,8.13,74.97,128,13,3,1,3,2,23,5,30,0,0,1
23,AIML,1,6.85,75.19,297,48,4,4,2,0,75,15,63,0,1,1
25,AIML,1,8.06,69.28,366,52,9,0,4,4,80,33,52,0,1,1
23,CSE,3,6.92,66.99,310,34,3,2,1,3,78,20,66,0,1,0
19,Civil,1,7.32,74.3,283,9,4,1,7,2,37,13,59,0,1,1
24,EEE,2,8.81,63.78,235,26,7,0,1,2,36,18,64,0,1,1
21,CSE,3,6.79,70.75,196,16,4,1,4,3,70,17,53,0,0,1
22,AIML,1,7.31,70.2,257,44,4,1,4,1,56,23,63,0,1,1
21,Civil,2,6.03,73.37,109,27,1,2,2,0,24,17,59,1,1,1
22,EEE,3,6.6,64.85,65,43,2,0,2,1,15,10,26,0,0,1
21,Civil,2,6.06,66.23,68,16,3,2,3,0,21,28,49,0,0,0
23,CSE,2,8.5,76.87,309,44,5,1,3,3,70,29,54,0,1,1
20,Chemical,3,7.66,69.47,128,45,4,1,4,2,25,15,49,1,1,1
20,AIML,3,8.04,68.64,195,62,4,3,4,6,56,19,51,0,1,1
21,IT,3,7.75,70.05,191,39,6,1,8,2,55,22,51,0,1,0
18,Chemical,2,6.68,56.37,188,39,3,0,2,2,33,13,56,0,1,1
22,IT,3,8.04,68.62,222,24,4,1,7,2,57,9,62,0,1,1
20,EEE,1,7.59,78.37,177,27,2,1,2,0,24,31,53,0,1,1
21,IT,2,7.99,64.64,209,45,4,3,4,1,58,34,64,0,1,1
19,Mechanical,2,5.18,58.81,78,41,3,1,3,3,17,9,46,0,0,1
20,IT,1,6.74,69.4,352,26,4,3,2,9,91,19,62,0,1,1
22,ECE,2,6.9,76.85,86,27,0,1,3,3,23,18,58,0,0,1
20,CSE,3,7.61,65.28,258,18,3,2,2,2,76,31,45,1,1,1
20,Chemical,2,6.16,64.9,259,7,1,2,1,1,38,11,67,0,1,1
20,Civil,3,9.28,89.03,167,19,7,1,3,1,23,19,42,0,1,1
20,Mechanical,3,8.42,77.91,85,56,2,2,2,4,15,27,61,0,0,1
22,Civil,1,8.86,82.85,195,43,3,1,7,2,22,20,64,1,1,1
20,EEE,1,8.97,71.07,188,52,8,0,4,2,34,9,66,0,1,1
21,CSE,2,7.96,70.78,251,36,5,2,4,3,68,17,55,0,1,1
22,CSE,1,6.79,78.69,242,44,7,1,3,3,61,0,68,1,1,1
21,Mechanical,1,8.14,78.34,174,52,4,1,5,1,20,8,70,0,1,1
21,ECE,2,7.08,76.61,305,35,5,2,2,0,40,14,46,0,1,1
20,AIML,3,7.15,77.6,183,20,6,1,4,1,60,15,40,0,1,1
24,CSE,3,8.08,81.67,207,61,4,2,5,0,56,28,53,0,1,1
21,Chemical,1,7.27,70.41,210,21,1,0,1,0,39,13,27,0,0,1
20,CSE,2,6.98,64.55,263,27,4,1,3,1,95,28,60,0,1,1
23,IT,3,8.17,71.1,191,43,2,1,5,2,66,19,49,0,1,1
22,Mechanical,3,6.65,68.22,131,21,5,1,4,1,23,10,43,0,0,1
21,EEE,2,7.24,57.23,267,48,2,1,0,1,36,23,56,0,0,1
23,CSE,2,7.43,76.98,243,38,3,1,5,3,49,16,59,0,1,1
19,EEE,3,7.84,81.11,158,49,5,0,0,4,20,21,54,1,0,1
23,IT,2,8.12,76.61,284,27,3,3,3,5,90,24,41,0,1,0
22,CSE,2,6.94,67.38,180,51,2,2,5,2,63,24,77,0,1,1
21,EEE,1,6.33,70.79,119,34,2,4,2,0,25,15,70,0,1,1
20,Civil,2,8.59,65.42,163,56,4,2,5,0,24,11,66,0,1,1
19,Mechanical,3,5.44,54.69,28,36,3,0,1,0,13,6,51,1,0,1
24,CSE,2,7.85,86.83,293,34,6,0,5,1,83,13,47,0,1,1
20,CSE,1,7.71,60.22,312,58,4,0,3,1,91,13,30,0,1,1
20,ECE,3,7.57,79.82,84,34,3,1,1,1,17,27,60,0,1,1
22,CSE,2,7.76,84.36,195,42,4,0,3,3,67,19,67,0,1,1
22,CSE,1,7.55,73.78,272,53,7,2,3,2,95,24,63,1,1,1
20,AIML,3,7.28,72.58,220,7,3,0,5,3,84,13,57,1,1,1
22,CSE,1,8.03,76.68,259,50,5,0,7,4,55,17,60,0,1,1
21,ECE,3,7.58,58.94,142,51,2,1,5,1,27,24,39,0,1,1
23,CSE,3,4.99,61.3,227,17,2,0,1,2,81,14,63,0,0,1
19,AIML,2,7.44,83.53,227,45,1,1,1,2,73,14,51,1,1,1
19,CSE,2,8.18,76.76,248,69,4,1,6,3,82,20,61,1,1,1
22,ECE,1,7.14,71.49,217,33,3,1,5,3,28,16,72,0,1,1
20,IT,2,7.89,75.52,207,47,4,2,4,3,63,17,57,1,1,1
21,CSE,2,8.37,71.62,208,28,6,2,4,0,44,25,56,0,1,1
18,IT,2,7.58,65.37,229,50,3,0,4,3,77,18,61,0,0,0
22,CSE,3,7.46,80.16,215,47,5,2,3,1,69,22,54,0,1,1
23,Civil,2,6.35,63.5,55,47,5,1,5,0,17,7,66,0,1,1
23,IT,1,7.67,89.9,281,19,7,1,7,2,86,20,63,1,1,1
24,EEE,2,7.92,73.0,126,50,1,3,2,1,29,16,48,0,1,1
23,Mechanical,1,7.38,75.92,173,55,2,3,5,2,28,3,57,1,1,1
21,ECE,3,7.02,83.94,82,44,2,1,1,2,12,0,52,0,0,1
21,EEE,2,7.94,78.47,145,43,4,0,4,2,25,16,52,0,1,1
23,ECE,3,7.65,64.56,83,15,4,1,1,0,7,2,50,0,0,1
24,IT,3,7.75,70.41,181,29,4,1,3,3,64,21,56,0,1,1
25,IT,1,6.42,58.26,298,23,8,1,3,2,69,27,51,0,1,1
22,CSE,2,7.86,73.45,178,57,4,0,2,1,50,18,38,0,0,1
20,IT,2,6.14,62.11,201,10,1,1,3,3,56,8,42,0,1,1
24,ECE,1,7.52,72.19,173,70,1,2,1,5,28,30,59,0,1,1
24,CSE,3,9.0,88.17,289,42,6,0,5,3,87,34,55,0,1,1
22,Civil,3,7.83,86.69,160,46,5,0,3,1,32,23,38,0,0,1
23,CSE,2,7.78,62.26,306,47,2,1,4,4,61,23,38,0,1,1
21,AIML,3,6.64,58.5,215,24,4,1,3,1,70,24,30,0,1,1
24,Mechanical,3,8.66,77.92,149,42,5,3,2,0,24,23,36,0,1,1
19,Civil,2,7.76,73.09,94,18,4,2,7,1,20,16,64,0,1,1
23,ECE,2,5.53,57.86,76,42,0,0,3,0,17,13,44,0,1,1
19,EEE,2,6.92,70.14,167,46,4,0,3,2,31,21,54,1,1,1
20,AIML,2,7.73,74.15,273,33,3,3,5,1,70,21,36,0,1,1
20,Chemical,1,7.56,71.4,253,52,3,0,3,1,42,20,46,1,1,1
21,EEE,2,8.42,85.17,156,45,2,1,5,3,32,20,39,0,1,1
20,CSE,3,6.39,77.49,159,8,1,1,1,2,43,15,32,0,1,1
24,Mechanical,3,7.5,72.57,62,55,2,1,4,1,24,18,63,0,0,1
21,CSE,2,6.97,80.65,239,40,3,3,4,4,70,6,49,0,1,1
23,IT,1,7.88,81.07,334,54,7,2,5,1,75,17,57,1,1,1
20,ECE,3,6.88,72.31,65,38,1,0,2,3,14,22,41,1,0,1
18,Mechanical,3,7.4,55.06,87,35,2,0,1,4,16,18,44,0,0,1
22,Chemical,2,8.78,67.57,141,46,8,0,4,3,27,15,37,1,0,1
22,IT,3,6.01,65.78,117,15,3,0,3,1,46,18,61,0,0,1
21,Mechanical,3,9.1,81.95,134,56,3,0,1,0,24,14,60,0,1,1
22,Mechanical,1,10.0,72.06,255,58,7,3,1,4,41,32,49,1,1,1
23,CSE,2,7.07,79.81,183,36,4,1,3,3,51,14,52,0,1,1
21,EEE,2,8.69,87.54,125,38,4,1,3,3,32,20,47,0,1,1
24,Civil,2,8.26,79.19,143,28,3,1,2,2,22,16,65,0,1,1
22,ECE,2,8.15,79.15,171,55,3,0,6,2,28,11,50,0,1,1
22,ECE,2,6.85,76.6,84,14,3,0,1,3,17,25,52,0,1,1
21,EEE,3,6.55,73.27,256,45,1,2,1,2,31,0,42,1,1,0
18,Mechanical,2,7.09,72.73,209,11,2,2,3,1,39,9,45,0,0,1
20,AIML,3,6.99,70.89,198,29,5,1,5,6,55,13,42,1,0,1
22,CSE,2,6.45,76.67,293,41,5,3,4,0,54,17,61,0,1,1
22,EEE,3,6.68,77.13,83,47,1,1,1,1,21,17,43,0,0,1
20,CSE,2,8.36,66.48,272,41,10,2,6,1,80,29,21,0,1,0
22,Civil,2,8.81,77.48,147,57,9,2,6,0,27,13,63,0,0,1
20,IT,1,6.98,75.33,301,21,4,3,6,2,81,7,38,1,1,1
20,CSE,2,9.57,69.74,243,42,4,2,7,2,66,17,43,0,1,1
24,Mechanical,3,6.13,73.6,117,37,5,1,4,2,26,20,49,0,0,1
21,AIML,1,9.93,68.57,475,78,13,4,5,4,86,2,21,0,1,1
20,IT,2,5.9,82.2,273,21,1,1,1,5,79,31,57,0,1,1
21,IT,1,6.21,74.63,279,29,0,1,4,2,67,0,58,1,1,0
21,Civil,3,8.32,76.94,135,40,6,1,1,0,34,16,30,0,0,0
22,AIML,2,7.09,75.47,198,34,3,2,5,2,53,15,37,1,1,1
24,EEE,2,7.46,74.34,99,59,3,1,2,2,24,17,52,1,1,1
21,Chemical,1,7.44,62.54,161,54,2,0,3,1,29,20,71,1,1,1
21,EEE,2,6.36,69.57,113,45,4,4,3,3,20,20,54,0,0,1
21,CSE,1,6.23,57.98,241,33,3,5,7,1,80,14,55,0,1,1
21,AIML,3,5.41,64.73,147,31,2,2,3,0,51,8,41,0,0,1
20,ECE,1,7.43,74.44,150,27,2,1,3,2,28,0,61,0,1,1
18,IT,3,7.62,65.37,181,65,3,3,5,2,52,8,48,0,1,1
23,ECE,3,6.44,69.7,94,24,6,0,3,2,19,26,69,0,0,1
21,ECE,1,5.71,78.31,158,48,5,1,2,3,28,1,52,0,1,1
21,Mechanical,3,8.02,71.47,102,41,3,1,2,1,29,34,50,0,0,1
19,EEE,3,8.13,68.99,114,61,0,3,2,2,28,16,39,0,1,1
23,Mechanical,3,6.02,76.64,47,25,2,2,1,0,13,0,40,0,0,0
20,AIML,2,6.35,71.5,183,42,4,1,2,6,51,22,56,0,0,1
21,ECE,3,7.88,74.64,84,61,4,1,1,2,24,11,47,0,1,1
23,Civil,2,5.72,71.7,141,47,2,0,1,2,31,3,52,1,0,1
21,Mechanical,2,6.19,70.64,62,35,1,2,3,2,15,17,44,0,0,1
24,CSE,2,8.61,71.82,205,47,3,1,4,2,61,13,59,0,1,1
20,CSE,3,6.76,63.26,196,43,9,2,4,3,53,2,50,0,1,1
22,EEE,1,7.65,86.72,232,56,5,1,1,0,34,16,62,0,1,1
25,ECE,2,6.36,73.33,171,44,3,0,1,0,29,11,60,0,0,1
21,IT,3,8.19,86.86,212,49,6,1,9,2,73,29,29,0,1,1
22,CSE,3,7.14,70.85,179,54,4,3,6,2,55,20,28,0,1,1
21,IT,3,8.08,84.22,224,27,4,1,5,3,66,27,66,0,1,1
22,CSE,1,7.16,67.11,248,46,3,1,6,1,77,12,63,0,1,1
23,CSE,2,6.38,59.08,210,24,2,0,2,3,60,18,58,1,0,1
22,IT,3,7.1,75.73,227,61,3,1,2,2,54,10,67,0,1,1
24,Civil,2,6.63,77.49,137,47,4,4,2,0,31,9,47,0,0,0
21,Civil,1,7.16,79.98,172,19,2,2,4,2,22,18,49,1,0,1
21,AIML,1,6.88,74.69,219,19,3,2,1,3,69,13,56,0,1,1
20,AIML,2,6.27,65.01,192,15,2,2,3,1,57,9,61,0,1,1
22,CSE,2,8.01,78.04,217,50,4,3,8,0,60,29,59,0,1,1
23,Civil,1,8.0,77.91,205,54,7,1,4,1,31,2,75,0,1,1
22,CSE,3,6.35,69.5,181,8,3,0,6,2,49,2,56,0,1,1
20,Chemical,3,8.72,74.43,141,40,1,1,6,0,16,24,32,1,0,0
21,EEE,3,6.57,62.82,93,28,3,1,1,2,22,18,53,1,1,1
22,Mechanical,2,8.07,76.95,102,47,3,3,5,2,30,10,48,1,1,1
24,AIML,2,5.12,67.77,228,22,4,0,2,4,78,2,50,1,1,1
20,EEE,2,7.1,62.15,83,41,3,2,3,4,28,5,31,0,1,0
19,CSE,3,5.62,81.31,143,14,5,1,4,4,45,21,50,0,1,1
21,EEE,3,6.46,60.34,123,15,2,0,1,1,26,21,37,0,0,0
19,EEE,1,7.95,70.42,255,33,3,3,2,1,43,17,39,1,1,1
25,Civil,2,7.6,75.76,150,40,4,4,5,3,22,28,35,1,0,1
21,EEE,3,6.55,73.33,87,35,1,0,1,1,22,23,47,0,0,1
21,Chemical,2,7.39,67.58,115,17,2,1,0,0,29,21,48,0,0,0
20,ECE,3,7.46,66.96,123,29,4,1,3,1,21,13,41,0,0,0
21,ECE,2,6.81,70.73,94,41,2,0,1,2,22,20,52,0,1,1
25,CSE,3,7.78,74.35,212,60,1,1,6,4,59,18,41,0,1,1
21,CSE,3,7.32,83.1,156,26,7,1,7,2,63,29,38,0,1,1
18,CSE,3,6.74,63.7,197,47,3,1,2,5,60,10,69,1,1,1
20,CSE,3,8.75,78.17,182,32,4,0,7,0,58,23,52,0,1,1
25,CSE,3,6.86,70.52,260,57,2,1,4,2,70,16,52,1,1,1
25,AIML,3,6.29,72.45,145,13,4,1,3,2,44,13,47,0,1,0
20,AIML,3,8.04,73.47,284,19,4,1,2,3,53,24,33,0,1,1
21,Mechanical,2,7.88,82.29,114,40,3,0,3,3,32,10,55,1,1,1
19,ECE,1,5.87,73.2,142,11,4,1,1,1,25,11,52,0,1,1
21,Chemical,2,5.67,76.98,140,31,0,1,2,0,12,14,45,0,0,1
19,IT,2,7.76,75.36,197,29,6,3,5,3,46,23,56,1,1,1
22,CSE,3,6.6,70.7,131,43,3,1,3,1,51,17,47,1,1,0
24,Civil,3,7.46,70.75,260,37,3,2,8,4,39,14,45,0,1,1
20,Civil,3,6.86,61.22,85,25,4,1,6,2,25,14,33,1,0,1
21,IT,3,7.65,76.79,232,45,3,2,4,2,62,46,63,1,1,1
19,CSE,3,7.84,77.89,217,30,3,1,2,2,69,15,58,0,1,1
20,Civil,3,5.6,71.5,109,27,1,0,1,2,21,5,44,0,0,1
19,Chemical,1,6.74,68.49,187,27,0,3,3,1,28,0,46,0,0,1
20,Chemical,3,8.56,68.91,90,56,3,1,3,1,17,22,29,0,1,0
25,IT,3,7.58,68.22,198,24,5,1,4,2,64,25,49,0,1,1
19,CSE,3,7.79,76.18,251,21,5,2,4,1,72,17,52,1,1,1
23,IT,1,9.58,88.06,313,60,6,3,1,4,100,14,44,0,1,1
19,EEE,3,8.21,64.88,135,26,3,0,1,1,25,25,39,0,0,1
21,CSE,2,7.45,84.83,203,41,4,0,9,0,67,8,55,0,1,1
21,AIML,1,6.65,56.17,249,48,2,0,4,3,60,6,62,0,1,1
24,Chemical,2,8.52,89.8,122,55,4,5,2,0,11,27,47,0,1,1
20,CSE,1,8.79,70.54,300,45,4,2,3,2,76,16,42,0,1,1
20,CSE,2,7.61,84.27,238,54,3,5,4,5,51,7,53,1,1,1
22,EEE,3,8.93,75.12,133,48,8,2,8,5,24,22,49,0,0,1
22,Chemical,3,7.59,83.87,103,26,0,2,1,4,16,18,37,0,0,1
22,Chemical,2,7.56,57.67,107,66,2,3,3,3,9,15,58,1,0,1
18,AIML,3,8.37,80.58,191,36,7,2,1,2,54,31,42,0,1,1
20,EEE,3,7.77,81.74,144,45,2,2,0,1,28,33,29,0,1,1
23,Chemical,3,8.0,77.46,149,44,4,2,5,2,24,22,59,0,1,1
21,EEE,3,5.52,71.54,88,10,4,1,3,5,25,9,57,0,0,1
21,AIML,3,7.66,81.56,256,53,5,0,7,3,70,20,66,0,1,1
20,Mechanical,1,7.32,74.55,141,34,3,3,4,2,32,33,71,0,1,1
20,ECE,2,7.02,69.08,111,49,1,2,4,2,20,18,54,0,1,1
24,ECE,2,7.3,63.99,112,25,3,2,1,2,14,21,42,0,1,1
22,ECE,1,7.16,79.26,166,27,1,1,1,0,22,18,42,0,1,1
19,CSE,1,8.36,84.26,275,50,6,4,3,2,63,19,38,0,1,1
24,Mechanical,2,6.47,75.41,107,48,3,0,1,1,24,3,49,0,1,1
21,IT,3,5.81,73.83,112,38,5,2,3,3,68,11,44,1,0,1
20,CSE,2,7.37,75.23,187,16,5,2,5,1,54,27,59,0,0,1
21,ECE,3,8.48,73.88,109,57,5,0,3,2,19,37,59,0,1,1
22,EEE,2,7.05,80.43,167,31,1,0,8,1,29,26,59,0,0,1
21,ECE,2,7.27,69.77,121,22,2,2,2,1,19,26,62,0,1,1
21,Mechanical,3,7.1,73.46,56,52,2,0,2,4,23,32,45,1,0,0
22,Civil,2,9.63,84.6,129,45,3,3,4,3,13,29,62,0,1,1
20,EEE,3,8.15,85.7,219,57,5,2,3,6,34,35,63,1,0,1
24,ECE,1,7.24,52.66,308,41,4,0,2,0,40,12,44,0,1,1
21,ECE,1,7.57,80.28,206,42,3,1,1,3,36,16,57,0,1,1
21,IT,2,6.83,68.66,188,49,4,1,2,2,46,18,62,0,0,1
22,ECE,2,9.08,82.53,168,37,6,2,2,2,27,42,43,0,1,1
21,ECE,1,6.44,57.36,169,48,1,0,1,1,20,0,81,1,1,1
21,Mechanical,3,6.52,65.55,227,13,1,0,5,2,24,13,56,0,0,1
22,Mechanical,1,8.5,85.36,266,48,0,1,7,1,40,28,53,1,1,1
23,CSE,3,8.79,86.31,228,69,4,1,6,4,55,18,51,1,0,1
22,Chemical,3,7.33,72.07,159,51,4,1,4,1,29,23,53,1,0,1
23,Chemical,2,7.26,85.11,86,39,5,0,6,0,29,15,64,0,0,1
20,AIML,2,7.53,74.01,181,60,1,1,9,0,52,25,67,0,1,1
21,Chemical,1,7.81,77.24,235,33,7,3,5,2,35,7,58,0,1,1
21,ECE,2,9.28,73.84,189,55,4,1,7,2,26,35,58,1,1,1
19,AIML,2,7.87,71.91,201,39,8,1,6,2,64,35,57,1,1,1
22,Mechanical,2,7.18,75.83,197,39,3,1,3,1,26,25,56,0,1,1
20,CSE,1,8.09,59.57,321,54,5,0,4,4,74,14,50,0,1,1
20,Mechanical,3,8.15,76.71,87,46,3,2,2,0,21,26,37,0,0,0
20,Civil,3,6.54,73.98,72,24,2,0,2,1,24,16,38,0,0,1
20,IT,1,7.97,75.47,240,10,5,1,4,6,64,32,61,1,1,1
20,IT,3,7.37,83.61,258,55,4,1,1,0,66,26,41,0,0,1
21,AIML,2,6.52,67.45,208,44,6,1,3,5,54,9,53,0,0,1
21,IT,1,7.39,71.94,230,47,4,0,1,4,68,0,67,1,1,1
20,EEE,2,7.09,69.83,114,43,2,1,1,2,17,11,47,0,1,0
20,Mechanical,3,6.93,70.01,71,35,5,1,2,1,13,24,60,0,0,1
23,Civil,3,8.94,77.43,157,33,3,1,4,2,23,25,44,0,0,1
19,ECE,2,7.52,70.09,91,43,3,1,5,5,16,16,63,0,1,1
21,ECE,2,7.8,82.76,159,42,5,0,4,3,24,12,61,0,0,1
21,IT,2,8.06,85.5,315,60,2,0,6,3,82,20,51,0,1,1
21,EEE,2,7.44,81.79,138,38,5,1,4,1,26,0,20,0,1,1
23,CSE,2,7.12,77.73,185,48,5,2,5,1,55,23,48,0,1,1
22,ECE,1,9.02,71.98,213,47,6,2,4,0,32,29,56,0,1,1
25,ECE,3,8.62,77.0,86,51,2,1,0,2,20,31,31,1,0,1
23,EEE,2,8.27,91.01,141,30,3,0,2,1,22,17,65,1,0,1
20,CSE,3,7.26,71.66,190,17,7,1,6,3,51,17,27,0,1,1
20,ECE,3,7.65,77.17,142,37,4,0,7,4,26,21,43,1,0,1
20,Mechanical,3,6.66,60.78,106,45,1,0,2,1,20,8,43,0,1,1
21,Mechanical,2,7.58,78.0,125,43,2,1,5,3,17,18,54,0,1,0
21,ECE,3,6.35,65.54,73,28,4,0,3,2,19,27,40,1,0,1
20,Civil,3,8.03,73.78,160,34,2,0,3,1,32,16,31,0,0,1
20,Mechanical,3,8.75,58.65,232,26,5,2,3,2,38,11,46,0,1,1
21,Mechanical,2,6.54,70.52,118,41,3,1,2,3,27,26,36,0,0,1
22,Mechanical,2,8.99,85.01,308,41,7,0,5,1,46,44,63,0,1,1
22,Mechanical,1,8.28,83.03,307,13,0,1,2,2,35,15,63,0,1,1
25,Civil,2,6.84,69.09,90,35,1,2,2,3,28,12,63,0,0,1
20,CSE,3,7.57,79.56,159,50,3,0,5,3,57,22,49,0,1,1
21,ECE,3,8.66,84.4,116,79,3,1,3,0,26,30,51,0,1,1
24,Civil,1,8.8,72.75,211,65,4,1,3,3,24,21,72,1,1,1
22,CSE,2,8.53,84.03,208,51,4,0,5,7,73,12,46,0,1,1
21,CSE,2,7.18,70.62,192,36,7,3,4,5,57,11,52,0,1,1
21,IT,2,6.7,62.14,272,41,7,1,3,0,80,16,45,0,1,1
19,ECE,2,7.5,69.08,169,36,7,0,2,2,29,23,36,0,0,1
23,Mechanical,3,7.45,75.34,115,29,2,2,1,1,18,35,41,0,0,1
22,ECE,2,7.32,62.83,105,24,2,1,0,3,24,20,49,0,0,1
21,AIML,3,6.83,57.41,227,8,3,1,5,5,79,0,63,0,0,1
21,Civil,2,6.64,73.95,128,37,1,0,3,2,26,22,56,0,1,1
21,AIML,3,7.96,77.87,254,46,4,0,4,3,72,17,57,1,1,1
20,Civil,3,6.75,69.64,53,52,5,1,2,1,21,5,69,0,0,1
22,ECE,2,8.18,76.78,127,13,4,0,5,4,21,30,46,1,1,1
21,CSE,3,7.1,77.24,294,51,4,1,7,2,75,10,45,0,1,1
19,ECE,3,7.27,61.22,107,42,7,3,6,2,25,14,35,0,1,1
21,EEE,2,6.5,51.92,155,50,3,0,2,0,24,23,49,0,0,1
24,Civil,2,7.84,80.7,124,62,1,2,4,3,28,21,36,1,0,1
21,EEE,2,7.26,75.78,117,15,2,1,3,3,22,7,43,1,0,0
21,Chemical,2,6.58,74.68,105,41,7,2,1,1,26,9,53,0,0,1
22,IT,2,7.31,67.45,224,42,5,3,4,3,58,23,54,0,1,1
22,AIML,3,6.62,72.41,235,44,1,0,3,1,56,25,80,0,1,1
22,ECE,1,6.41,77.84,132,54,4,1,3,1,24,1,63,1,1,1
23,EEE,3,7.99,76.91,116,41,4,0,3,0,20,21,44,0,1,1
19,CSE,3,6.37,66.65,213,25,8,1,4,4,56,2,41,0,1,1
24,CSE,2,7.89,76.68,187,37,4,0,4,4,53,14,66,0,1,1
23,EEE,3,9.29,89.02,115,29,8,2,0,1,26,24,74,0,0,1
21,IT,3,6.55,71.97,128,63,2,1,2,7,47,19,40,0,1,1
22,Mechanical,2,7.9,67.24,142,64,3,0,4,0,15,0,64,0,1,1
20,AIML,2,7.15,84.81,221,35,5,0,3,6,45,14,57,0,1,1
21,ECE,2,7.71,72.43,223,44,3,3,1,2,32,17,55,0,1,1
20,ECE,3,5.84,63.72,34,16,1,0,1,4,13,23,46,0,0,1
18,Chemical,3,7.7,70.16,85,33,5,1,5,0,20,17,65,0,0,1
25,CSE,2,7.59,77.66,315,52,1,1,7,5,82,24,61,0,1,1
20,AIML,2,9.55,76.18,283,57,7,2,6,4,71,18,36,1,1,1
21,CSE,2,5.76,56.84,170,34,9,3,3,4,50,2,49,0,1,1
20,Chemical,2,7.09,75.7,121,36,0,0,6,1,14,3,46,1,0,1
21,CSE,2,7.89,76.61,262,52,6,1,1,4,62,24,46,0,1,1
21,Civil,3,8.1,76.46,113,18,5,0,3,0,25,23,31,0,0,0
20,ECE,3,7.24,65.85,135,42,5,1,4,3,27,17,40,1,0,1
22,Mechanical,3,8.42,73.95,210,70,4,1,4,1,36,0,53,0,1,1
24,IT,2,7.55,77.16,333,51,2,1,8,0,89,17,35,0,1,0
21,ECE,2,7.62,74.96,290,21,5,0,2,2,42,18,56,0,1,1
25,Chemical,1,6.28,72.18,182,37,2,2,3,3,32,2,67,0,1,1
22,CSE,3,7.85,85.67,199,37,4,2,11,3,67,22,38,0,1,1
21,EEE,3,8.64,79.36,154,66,2,3,4,3,28,25,51,0,1,1
20,Chemical,3,6.51,74.17,81,35,3,1,5,1,26,24,46,0,0,1
19,CSE,2,7.12,66.17,189,66,2,0,1,3,55,1,68,0,1,1
23,Civil,2,6.3,62.07,123,61,1,0,3,4,23,6,63,0,1,1
21,AIML,2,7.89,79.89,223,49,7,0,4,5,60,29,71,0,1,1
21,AIML,1,7.61,70.94,244,43,1,4,9,4,80,24,55,1,1,1
22,CSE,3,8.04,63.36,193,61,4,3,6,5,58,21,57,0,1,1
20,Mechanical,2,7.43,77.11,139,31,2,3,0,0,23,13,55,0,1,1
22,CSE,3,7.27,80.41,181,44,4,1,4,2,62,12,36,0,1,0
20,ECE,2,7.45,66.33,130,36,1,0,2,0,20,22,64,0,1,1
24,Mechanical,2,7.64,62.33,98,34,2,2,2,3,33,19,59,0,1,1
20,CSE,3,7.37,83.52,168,51,6,0,2,3,58,18,30,0,0,1
20,AIML,3,7.71,83.73,220,42,3,2,6,1,62,22,52,1,1,1
22,CSE,3,8.56,84.49,199,74,3,1,6,2,61,22,45,0,1,0
20,CSE,1,8.58,71.61,290,39,5,0,5,7,62,21,64,0,1,1
24,ECE,2,8.99,76.68,178,36,4,4,9,1,32,31,36,0,1,1
22,ECE,1,6.76,74.4,191,35,4,0,1,0,29,3,65,0,1,1
20,Chemical,3,6.71,77.68,59,42,3,0,6,0,15,14,41,0,0,1
20,Mechanical,2,8.44,76.08,215,43,3,3,10,3,28,6,49,0,1,1
24,Chemical,3,6.49,89.3,112,42,0,0,4,3,20,24,39,0,0,1
21,Mechanical,2,8.88,82.61,245,37,4,5,2,1,42,20,71,0,1,1
23,Chemical,2,7.07,73.51,130,48,4,1,5,1,20,20,65,0,0,1
19,AIML,2,7.38,72.54,276,27,2,1,4,4,77,2,43,0,1,1
24,CSE,3,7.03,74.13,214,18,7,0,5,4,58,6,69,0,1,1
21,IT,2,7.51,76.74,249,17,8,1,4,5,62,21,76,0,1,1
22,ECE,2,8.91,70.66,223,67,4,0,2,1,42,20,52,1,1,1
21,Civil,2,8.62,69.2,143,55,2,1,4,1,22,10,61,0,1,1
19,ECE,1,9.41,74.93,194,59,5,3,1,4,34,20,62,0,1,1
24,Chemical,2,9.44,77.97,139,47,8,0,4,3,25,14,65,0,1,1
25,AIML,3,6.96,73.44,184,47,5,1,3,4,37,14,39,0,0,1
21,EEE,3,6.49,67.65,210,24,2,0,1,1,37,29,48,1,0,1
24,EEE,3,7.49,73.79,214,29,5,1,1,3,29,22,56,0,1,1
20,CSE,1,8.03,65.72,403,45,2,4,3,0,85,18,75,0,1,1
20,Mechanical,1,6.5,79.26,323,39,1,1,2,4,37,14,51,1,1,1
19,EEE,2,8.17,66.49,203,34,2,0,1,2,30,23,70,0,1,1
21,CSE,2,6.62,73.32,166,48,5,2,3,3,32,3,73,0,1,1
19,IT,1,7.4,66.54,250,25,4,2,4,3,64,21,60,1,1,1
21,EEE,2,8.13,78.82,109,44,5,3,7,3,24,28,61,0,1,1
20,Mechanical,2,7.9,86.2,275,51,3,3,1,3,44,28,38,0,1,1
22,IT,3,7.41,79.45,179,15,6,1,1,1,49,16,45,0,1,1
23,Mechanical,1,7.96,69.25,195,40,3,0,2,2,26,26,72,0,1,1
22,AIML,2,8.06,77.42,251,52,5,1,5,1,70,7,70,0,1,1
20,IT,2,6.99,69.83,187,41,5,1,6,1,72,22,60,1,1,1
22,CSE,1,8.03,66.47,248,48,3,1,3,1,62,11,47,0,1,1
20,ECE,3,7.35,80.46,82,27,4,1,3,0,13,18,51,0,0,1
22,CSE,3,7.47,90.21,224,34,5,0,5,2,69,19,55,0,1,1
21,EEE,1,8.73,87.01,207,59,6,4,2,4,28,19,70,0,1,1
21,Chemical,2,7.74,66.26,144,63,4,1,1,1,26,0,57,0,0,1
19,Chemical,1,8.96,93.21,234,34,6,2,4,1,37,8,40,0,1,1
23,IT,3,6.93,67.84,237,33,4,1,6,4,68,5,50,0,1,0
24,Mechanical,2,7.42,70.87,113,17,1,1,1,2,32,9,40,0,0,1
22,Chemical,3,6.06,64.17,110,33,2,1,4,1,26,12,67,0,0,1
24,ECE,2,6.68,72.5,139,39,4,1,3,1,25,22,61,0,1,1
24,IT,1,7.43,59.42,288,39,9,3,5,1,78,9,65,0,1,1
20,CSE,3,7.75,67.99,296,51,6,0,6,1,79,31,55,0,1,1
22,CSE,3,6.93,80.36,186,11,5,1,7,3,55,23,61,0,1,1
20,Civil,2,6.57,89.18,96,33,1,2,2,2,21,34,40,0,0,1
21,AIML,2,7.79,59.43,195,50,4,2,5,2,58,37,45,0,1,1
20,AIML,3,5.93,76.38,135,55,0,0,1,2,39,23,31,0,0,1
25,Mechanical,3,5.96,60.63,159,33,2,0,6,1,25,3,46,1,0,1
22,Civil,3,6.65,68.06,55,41,2,0,3,1,22,14,47,1,0,1
20,AIML,2,7.84,66.22,227,21,4,4,7,4,69,8,42,1,1,1
21,Mechanical,2,6.76,78.64,97,20,3,5,1,0,30,4,39,0,1,1
21,ECE,3,7.43,77.8,65,61,1,1,1,4,17,20,29,0,0,1
22,AIML,1,8.39,77.69,255,49,6,0,8,4,73,15,46,1,1,1
24,ECE,2,7.9,80.72,111,43,5,2,5,2,18,10,49,1,1,1
20,Mechanical,1,9.22,83.88,357,46,5,2,6,4,46,30,65,0,1,1
21,CSE,2,7.64,66.52,300,44,7,3,4,3,75,10,57,1,1,1
21,CSE,3,8.56,79.72,245,28,9,2,6,1,100,24,54,1,1,0
21,Civil,3,7.88,70.78,179,58,2,0,0,4,28,26,38,0,0,1
21,Chemical,1,7.42,68.42,156,42,2,1,0,2,21,26,67,1,1,1
19,ECE,3,6.53,74.48,69,12,2,1,6,2,24,20,49,1,0,1
20,CSE,2,7.64,83.77,218,44,3,2,3,2,54,18,48,0,1,1
21,CSE,3,6.25,69.47,164,22,2,0,2,0,54,0,45,0,0,1
23,CSE,3,7.17,84.51,156,56,4,0,3,0,63,7,53,1,0,1
20,AIML,2,7.38,71.32,263,30,6,2,2,3,72,10,45,0,1,1
20,Mechanical,3,8.35,64.9,97,43,4,2,3,3,17,20,55,0,1,1
22,CSE,2,6.9,62.64,169,36,8,2,6,2,43,22,55,0,1,1
24,CSE,3,7.73,63.69,166,51,4,2,3,2,68,30,51,0,1,1
21,Mechanical,3,6.52,73.76,47,56,2,1,5,3,14,23,44,0,0,1
18,AIML,2,8.24,89.87,246,46,6,2,1,2,75,17,30,0,1,1
22,AIML,1,9.04,87.12,310,58,7,1,2,2,75,32,44,0,1,1
21,EEE,1,7.04,78.95,204,27,8,1,3,3,37,4,66,0,1,1
22,CSE,2,7.62,85.89,225,39,3,1,3,3,71,29,41,0,1,1
20,EEE,3,9.55,85.37,174,56,6,0,3,1,26,17,50,0,1,0
18,CSE,3,6.72,79.54,156,33,4,0,3,3,49,6,50,0,1,1
20,AIML,2,6.26,70.8,230,44,3,2,8,2,70,28,44,0,1,1
22,ECE,2,7.69,68.46,103,32,6,1,1,0,22,22,42,1,1,1
21,EEE,2,6.59,62.43,82,33,0,0,3,1,19,10,48,0,0,1
20,AIML,3,7.67,71.81,267,29,4,0,3,3,65,7,53,0,0,1
21,Civil,2,8.24,64.22,117,55,2,2,4,2,28,26,60,0,1,1
22,Civil,2,6.63,68.79,74,39,2,1,2,2,17,13,45,0,1,1
19,ECE,3,6.1,67.26,88,46,1,1,2,1,5,8,23,0,0,0
22,AIML,3,8.22,82.51,240,38,6,0,3,2,48,17,51,0,1,1
22,CSE,3,8.82,77.2,201,83,5,0,7,1,68,27,52,1,1,1
21,Chemical,2,7.24,82.1,187,43,1,1,11,1,39,20,41,0,1,1
25,CSE,1,8.93,75.39,284,57,4,2,5,3,68,21,48,1,1,1
23,AIML,2,9.0,71.77,284,61,4,1,8,0,74,12,38,0,1,1
20,IT,2,8.11,88.58,203,44,6,1,6,9,68,34,58,0,1,1
19,AIML,3,7.47,82.09,271,40,4,1,2,3,76,26,52,1,1,1
20,CSE,3,7.93,76.38,282,41,10,0,8,4,70,31,42,0,1,1
20,AIML,3,8.09,71.77,220,54,5,1,5,3,47,22,56,0,1,1
21,Mechanical,1,5.84,84.74,239,25,1,2,3,1,32,7,39,0,1,1
23,AIML,2,7.4,73.98,326,43,4,1,6,4,89,10,35,0,1,1
23,Mechanical,3,6.24,76.17,134,43,3,0,5,1,25,20,66,0,0,1
20,IT,2,6.73,82.16,207,44,3,2,3,4,57,11,63,0,1,0
21,CSE,2,7.77,78.09,204,10,9,1,4,2,61,13,58,1,1,1
19,Civil,3,7.27,65.24,80,40,3,1,1,2,23,13,54,0,0,1
21,EEE,1,7.78,73.7,203,31,7,1,7,3,41,0,66,0,1,1
19,EEE,2,7.39,70.17,124,36,4,0,2,3,20,15,55,0,1,1
24,CSE,3,7.19,72.93,165,51,1,2,1,4,52,19,41,0,1,1
23,EEE,2,7.49,76.34,97,71,1,1,1,1,21,24,33,1,0,1
20,Mechanical,3,8.68,75.11,155,36,7,2,7,2,29,20,30,0,0,1
22,Chemical,2,8.05,73.29,260,34,2,1,4,6,30,19,48,0,1,1
21,Mechanical,2,6.7,72.59,84,37,1,0,0,0,15,30,53,1,1,1
22,ECE,3,6.97,61.82,93,40,4,1,2,0,20,12,66,0,1,1
21,Mechanical,1,8.33,74.39,278,32,3,0,3,1,39,35,65,0,1,1
20,CSE,2,7.27,75.28,294,48,2,3,4,4,70,11,36,1,1,1
22,IT,2,7.94,76.7,206,31,4,3,2,4,68,28,58,0,1,1
19,Mechanical,1,7.73,69.49,169,22,2,2,9,4,29,24,58,1,1,1
21,IT,2,7.68,71.07,182,27,6,5,4,4,67,30,36,1,0,1
20,CSE,2,8.58,66.94,237,57,4,2,4,4,71,20,69,0,1,1
22,CSE,3,7.69,69.18,198,39,6,1,5,4,59,22,65,1,1,1
23,CSE,2,9.15,66.18,281,22,7,2,6,0,75,33,55,0,1,1
19,Civil,2,6.94,70.51,113,43,4,2,1,1,23,34,28,0,1,1
21,Mechanical,3,6.57,74.22,141,36,1,0,0,2,24,19,44,0,0,1
22,Mechanical,1,8.09,70.76,159,59,5,4,5,0,20,20,59,1,1,1
20,Civil,1,7.57,58.35,244,42,3,4,2,3,29,18,64,0,1,1
21,IT,2,7.61,80.39,234,44,3,3,5,2,66,22,38,0,1,1
22,Mechanical,3,7.66,75.96,95,37,1,0,5,2,21,12,61,0,0,1
21,IT,2,6.4,64.37,204,27,4,0,1,5,81,11,72,0,1,1
23,Mechanical,1,5.9,62.44,175,18,2,1,3,2,27,16,43,0,0,1
21,Mechanical,3,7.96,81.75,153,28,2,1,1,3,12,33,41,0,0,1
22,Chemical,3,6.13,72.67,67,37,2,0,0,2,20,5,51,1,0,1
20,Mechanical,3,6.92,77.06,85,23,3,0,0,0,19,16,38,0,0,1
18,CSE,3,7.2,62.44,156,35,2,0,3,2,50,15,55,0,0,0
19,Mechanical,3,7.28,77.1,175,60,5,0,6,2,31,12,62,0,0,1
23,CSE,2,8.16,68.76,233,54,10,1,4,4,62,29,56,0,1,1
23,ECE,3,7.92,65.41,80,47,3,1,2,0,18,7,15,0,0,1
22,CSE,3,7.55,73.95,188,46,5,1,4,2,64,17,43,0,1,1
20,ECE,1,8.23,79.72,188,36,1,2,3,3,25,8,49,0,1,1
21,Mechanical,3,6.48,70.96,151,23,2,1,5,2,26,16,39,0,0,1
22,AIML,2,6.86,72.51,307,47,3,1,6,0,65,11,58,0,1,1
22,CSE,3,10.0,73.83,265,65,6,1,3,3,78,33,35,0,1,1
19,IT,3,7.48,60.12,230,17,6,1,1,3,73,20,60,0,1,1
23,CSE,1,8.5,80.34,307,46,3,4,4,3,66,17,52,0,1,1
20,CSE,1,6.77,73.35,284,26,7,3,1,3,74,11,68,0,1,1
20,Mechanical,3,7.97,72.06,73,36,2,1,5,2,19,7,26,0,0,0
23,Mechanical,3,7.13,69.66,209,25,2,0,3,2,29,25,30,0,0,0
21,ECE,3,6.9,72.73,124,49,2,0,2,0,22,24,60,0,1,1
21,AIML,2,8.99,75.84,228,32,8,0,3,1,79,11,45,1,1,1
21,ECE,3,8.66,82.63,131,23,4,1,5,1,22,34,53,0,1,1
25,Chemical,3,7.33,78.67,89,32,2,0,3,0,23,17,46,0,0,1
19,IT,3,7.56,73.56,220,65,4,0,5,4,69,13,49,0,1,1
22,ECE,2,7.18,71.37,227,52,2,0,3,5,25,16,54,0,1,1
20,ECE,2,6.53,72.75,227,54,5,0,4,2,39,20,55,0,1,1
19,CSE,3,7.43,53.6,198,54,3,3,4,4,51,19,19,1,1,1
21,AIML,3,7.56,73.73,231,37,2,1,4,6,57,22,65,0,1,1
21,Mechanical,1,8.64,66.4,208,46,3,3,3,3,31,12,57,0,1,1
20,CSE,2,8.01,78.57,217,39,6,1,3,2,73,25,54,0,1,1
21,EEE,3,6.51,77.17,75,17,3,1,3,2,20,8,38,1,0,0
22,IT,2,5.77,50.62,272,15,2,0,3,1,64,18,59,0,1,1
21,IT,2,7.24,77.87,233,48,11,0,6,2,57,16,59,1,1,1
22,ECE,2,6.42,69.79,155,24,3,0,2,2,14,22,53,0,1,1
23,AIML,3,7.27,76.74,180,40,4,2,2,4,55,8,41,0,0,1
21,IT,2,7.89,82.21,213,29,5,1,7,3,57,17,51,0,1,0
21,ECE,3,7.64,75.99,100,36,6,2,2,3,10,12,46,1,0,1
21,EEE,2,7.13,73.79,122,45,2,0,1,2,11,6,38,0,0,1
21,Civil,3,7.71,66.54,89,20,3,0,4,2,31,22,48,0,0,1
19,Civil,3,8.55,71.26,132,46,7,1,6,1,25,29,73,0,1,1
20,ECE,3,7.71,88.69,90,49,4,0,4,1,24,11,38,1,0,0
20,CSE,3,7.68,81.53,228,41,5,0,3,3,65,22,55,1,1,1
21,CSE,3,6.91,75.35,234,24,2,0,6,0,54,23,66,0,1,1
25,CSE,2,7.66,67.8,193,41,6,0,7,3,52,34,66,1,1,1
21,CSE,1,9.07,81.5,399,32,9,3,4,2,96,15,65,1,1,1
21,CSE,2,7.47,70.86,270,38,5,0,3,4,90,29,67,1,1,1
21,Mechanical,3,7.1,88.31,85,25,2,1,3,3,17,12,33,0,1,1
22,ECE,3,8.41,86.6,191,36,2,1,3,2,27,30,56,0,0,1
21,CSE,2,7.39,67.82,187,64,5,0,3,7,44,17,47,0,1,1
21,EEE,2,8.04,70.59,179,58,1,0,2,2,26,28,67,0,0,1
22,Mechanical,3,7.56,72.63,103,46,3,0,2,3,25,32,54,1,0,1
19,CSE,2,7.98,84.56,245,48,5,1,5,6,59,21,32,1,1,1
21,CSE,2,8.25,84.1,239,50,4,1,3,3,83,16,55,0,1,1
21,ECE,1,8.87,63.14,218,48,1,1,5,2,30,24,74,1,1,1
22,CSE,3,8.29,79.47,329,42,3,1,9,1,100,27,41,1,1,1
25,CSE,2,8.78,86.24,257,40,4,0,2,4,77,28,50,0,1,1
22,EEE,2,7.33,71.96,177,40,4,1,1,3,31,17,44,0,1,1
21,ECE,1,6.77,75.52,138,20,1,4,2,0,36,22,66,0,1,1
20,Mechanical,3,7.26,86.51,108,40,3,2,1,2,28,7,38,0,0,1
21,CSE,3,9.84,91.24,217,70,3,2,8,6,76,41,63,0,1,1
23,Civil,3,7.31,76.83,152,47,1,1,1,0,36,20,51,0,0,1
24,CSE,3,5.81,70.97,119,32,2,1,2,2,50,3,46,1,1,1
23,IT,3,9.66,80.66,264,32,6,2,11,5,68,31,39,0,1,1
20,CSE,2,7.72,78.62,231,35,4,0,2,5,75,12,46,0,1,1
22,AIML,1,7.09,71.32,302,68,6,1,5,2,85,14,46,0,1,1
23,Mechanical,3,6.41,77.89,130,36,3,0,1,1,23,0,41,0,0,1
22,CSE,1,7.93,68.19,303,31,3,1,4,2,78,13,48,0,1,1
22,AIML,3,8.05,71.46,256,45,9,0,9,2,63,8,48,1,1,1
21,EEE,1,8.38,74.03,264,49,3,2,3,2,50,31,61,1,1,1
22,CSE,1,8.57,86.06,299,46,3,5,6,6,75,12,60,1,1,1
20,EEE,2,6.29,75.74,114,36,2,2,3,0,21,13,51,0,0,1
19,Civil,3,6.41,72.65,69,23,2,1,0,0,19,18,48,0,0,1
23,CSE,3,7.4,76.16,311,62,1,0,3,2,84,21,47,1,1,1
24,CSE,3,8.37,62.85,317,43,5,2,2,4,76,25,48,1,0,0
23,IT,3,7.04,77.1,223,37,3,0,7,5,70,27,47,0,0,1
20,Civil,2,5.61,60.22,116,24,4,1,1,1,21,6,34,0,0,1
19,Chemical,3,8.13,71.24,133,64,5,1,1,2,21,13,46,0,1,1
20,Mechanical,2,5.2,88.38,81,22,3,1,2,1,26,21,38,0,0,1
23,EEE,3,6.98,75.69,170,26,2,1,4,2,20,6,45,0,0,1
22,ECE,3,8.07,76.69,74,53,4,0,5,2,22,23,59,1,1,1
24,Mechanical,2,8.2,74.51,138,32,2,1,1,0,23,19,45,0,1,1
20,Mechanical,2,6.15,78.24,103,14,0,0,3,0,14,10,44,0,0,1
21,CSE,3,8.17,68.36,182,40,3,0,1,2,70,31,52,0,1,1
22,Mechanical,2,8.72,73.8,209,45,2,1,2,1,34,20,47,0,1,1
20,Mechanical,2,8.12,83.87,105,61,2,0,4,3,19,14,64,0,1,1
24,Civil,3,7.2,72.87,89,22,3,0,2,1,13,14,38,0,1,1
21,Mechanical,3,7.8,77.54,111,39,3,0,3,2,26,11,43,0,0,1
18,Mechanical,1,7.18,68.57,143,32,1,1,3,3,29,26,53,0,1,1
18,Civil,2,8.47,81.03,138,30,4,0,3,2,29,17,62,0,1,1
23,CSE,3,8.7,73.92,232,36,9,0,6,4,62,25,62,0,1,1
22,ECE,2,7.2,61.56,196,45,2,0,4,0,42,21,38,0,1,1
22,Civil,3,8.07,82.57,94,66,4,1,3,1,26,16,55,1,0,1
22,EEE,2,8.42,70.45,156,55,2,0,5,1,32,25,51,0,1,1
21,Chemical,2,7.36,64.48,129,57,1,2,1,1,29,34,36,0,1,0
22,CSE,3,5.46,60.33,142,0,2,0,4,2,49,13,53,0,1,1
24,AIML,3,7.53,74.29,175,37,3,1,5,2,37,10,53,1,0,1
20,AIML,3,4.77,59.82,176,22,3,0,1,4,62,4,23,0,0,1
22,CSE,3,8.78,90.86,283,61,5,3,2,3,74,24,53,0,1,1
20,EEE,2,8.07,83.4,136,74,3,2,2,3,31,24,46,1,1,1
20,IT,2,7.34,74.1,200,45,1,2,6,4,67,24,66,1,1,1
21,AIML,3,8.21,69.6,251,41,4,1,4,2,68,33,65,1,1,1
23,Mechanical,1,6.8,78.31,156,28,3,0,3,1,28,16,56,1,1,1
18,Mechanical,2,8.52,79.31,167,43,1,1,3,2,28,28,49,1,1,1
21,CSE,3,7.59,69.25,225,23,3,2,3,2,77,20,46,0,1,1
22,ECE,3,7.61,75.88,78,22,4,0,6,0,23,12,48,1,0,1
19,Mechanical,3,7.04,73.87,210,41,4,0,2,0,32,11,67,0,0,1
22,CSE,1,7.53,68.65,302,37,2,3,5,1,81,12,74,0,1,1
24,Mechanical,3,7.86,65.25,94,35,4,1,4,1,15,14,52,0,0,1
19,EEE,3,6.6,79.43,104,51,0,1,1,4,11,6,54,1,0,1
20,Mechanical,1,6.71,76.42,183,78,5,4,2,2,24,17,63,1,1,1
25,AIML,2,8.43,75.91,349,39,3,1,3,1,82,30,64,0,1,1
20,Mechanical,2,7.96,79.06,201,30,3,1,1,0,28,31,43,1,1,1
19,CSE,3,6.54,77.08,310,50,5,3,0,5,76,16,44,1,1,1
24,Civil,3,7.45,70.85,228,25,1,0,2,3,29,11,85,0,0,1
23,AIML,2,7.54,71.78,185,28,5,0,6,2,45,16,76,0,1,1
22,AIML,3,6.74,83.72,156,43,3,0,4,6,52,34,56,1,0,1
21,Mechanical,3,7.54,69.48,74,49,1,0,3,0,25,29,54,0,0,1
23,IT,2,7.48,87.03,305,39,3,1,6,6,78,11,53,0,1,1
22,IT,3,8.12,99.4,182,43,3,2,7,4,44,13,26,0,0,1
22,CSE,2,7.86,76.98,207,66,6,0,4,1,63,10,44,0,1,1
23,Civil,2,7.04,60.5,172,35,2,0,3,0,29,19,50,0,1,1
22,ECE,3,6.87,71.29,207,52,1,1,4,1,28,24,58,0,1,1
21,IT,2,7.87,75.72,361,47,8,3,1,5,85,21,33,0,1,1
21,AIML,3,5.82,68.06,205,51,3,1,2,1,60,10,58,0,0,1
21,ECE,2,6.54,80.06,104,22,6,1,3,4,13,21,67,0,1,1
21,ECE,2,7.34,70.11,195,37,2,1,3,2,25,15,34,0,0,1
21,CSE,1,7.64,77.6,318,31,7,2,7,3,80,23,52,0,1,1
21,CSE,3,8.19,79.0,241,29,6,2,4,2,79,18,53,0,1,1
22,EEE,2,6.3,73.17,118,52,5,0,1,1,26,14,28,1,0,1
21,AIML,2,7.12,66.2,213,38,2,1,6,2,55,21,61,0,1,1
18,Chemical,2,7.49,80.49,88,27,6,1,2,3,26,6,45,0,0,1
20,AIML,3,7.08,65.59,215,35,1,1,3,2,68,36,48,1,1,1
20,CSE,2,6.87,74.72,168,12,5,0,6,5,51,13,46,0,0,1
22,CSE,3,6.81,75.33,191,34,4,3,4,1,59,14,49,0,1,0
21,Mechanical,3,7.56,67.21,119,49,1,0,2,3,24,22,48,0,0,0
20,AIML,1,7.52,66.52,282,61,4,4,4,3,66,20,52,0,1,1
22,AIML,2,7.18,70.49,175,0,1,1,6,6,63,24,46,0,1,1
18,CSE,1,6.75,79.4,297,28,2,2,5,5,82,21,70,1,1,1
20,CSE,1,9.69,84.0,319,60,1,1,6,6,73,18,62,1,1,1
23,AIML,1,7.87,82.52,269,48,5,2,8,6,74,20,58,0,1,1
21,IT,2,8.84,86.16,258,40,5,1,4,2,75,13,44,1,1,1
22,EEE,3,7.11,77.99,124,39,5,0,4,2,23,16,43,0,1,1
23,CSE,1,7.85,74.88,236,37,8,3,3,3,67,35,68,0,1,1
24,IT,2,7.93,52.63,210,43,5,2,4,3,50,24,59,0,1,1
19,Chemical,2,7.4,78.46,148,58,2,1,2,0,23,17,41,0,0,1
22,Mechanical,2,7.6,90.74,173,52,4,1,4,0,26,9,72,0,1,1
22,Chemical,2,7.7,69.45,107,27,1,2,6,2,26,4,50,1,1,1
20,CSE,2,7.32,73.14,196,27,3,2,11,1,71,15,67,0,0,1
24,IT,3,7.27,85.69,247,47,5,1,3,3,83,16,41,1,1,1
21,AIML,2,8.38,80.53,230,27,3,2,3,3,65,9,43,0,0,1
23,Chemical,2,6.68,74.66,126,39,4,0,1,2,32,16,41,0,0,1
21,Civil,3,8.83,75.35,99,57,4,2,5,5,27,20,66,1,1,1
21,ECE,3,7.85,77.1,186,35,1,0,1,4,23,18,44,1,1,1
20,IT,2,7.26,74.62,180,37,1,1,0,5,58,17,47,1,1,1
23,ECE,3,8.12,78.88,103,56,3,0,3,3,23,17,36,0,0,1
21,Civil,3,8.07,67.79,99,77,4,3,5,0,18,10,44,0,0,1
18,EEE,1,8.03,92.61,176,52,4,1,3,1,28,36,65,0,1,1
18,Mechanical,1,7.67,74.66,205,43,1,4,4,1,28,23,57,1,1,1
22,Mechanical,1,6.37,63.38,196,17,0,1,2,1,27,17,60,1,1,1
20,CSE,1,7.17,68.01,298,10,5,2,4,1,76,26,69,0,1,1
21,Mechanical,1,7.82,67.28,179,37,2,0,3,3,34,30,44,0,1,1
22,AIML,1,8.18,74.39,273,58,1,2,10,3,65,16,60,0,1,1
20,Civil,2,7.58,71.99,161,46,2,2,1,1,25,18,62,1,1,1
21,IT,3,7.72,81.59,174,52,5,0,6,2,64,3,42,1,1,1
20,ECE,2,7.31,64.44,103,43,1,3,2,2,12,12,51,0,1,1
24,AIML,2,8.06,66.09,291,51,6,1,3,4,88,9,51,0,1,1
23,CSE,2,9.36,65.84,276,47,6,1,3,3,76,25,52,0,1,1
20,Mechanical,3,7.51,76.56,147,52,6,0,3,2,32,12,34,0,0,1
21,Mechanical,2,7.41,78.46,219,54,5,0,4,1,41,18,50,0,1,1
21,Chemical,2,7.51,50.18,102,45,2,1,3,2,14,24,50,0,1,1
24,EEE,3,8.06,78.71,90,45,2,1,2,0,18,31,28,1,0,1
21,CSE,2,7.49,68.96,208,13,4,0,1,4,59,20,47,0,1,1
21,CSE,2,8.2,83.49,305,43,5,1,6,3,68,25,66,0,1,1
24,IT,1,8.55,90.81,276,45,5,4,2,5,86,22,66,0,1,1
20,IT,3,8.89,66.45,276,51,4,1,3,3,73,20,55,0,1,1
21,IT,2,7.91,71.27,179,61,4,4,2,3,70,17,66,0,1,1
19,AIML,3,7.46,81.09,225,39,6,3,6,1,59,20,61,0,1,1
21,Chemical,3,7.67,81.8,71,77,2,0,1,2,16,26,40,0,0,0
21,CSE,3,7.37,72.55,203,39,5,0,5,5,81,21,49,1,1,1
24,Mechanical,3,7.53,80.58,250,51,3,0,4,1,40,19,33,0,0,1
21,ECE,2,8.69,81.13,194,47,4,0,3,0,31,13,37,0,0,1
20,ECE,1,7.38,80.48,273,20,4,0,2,2,29,9,50,1,1,1
23,EEE,3,6.26,77.4,83,33,1,1,1,1,22,13,35,0,1,1
23,Civil,2,7.64,73.58,170,30,2,5,5,3,29,15,72,0,1,1
22,Mechanical,3,7.54,79.98,144,55,4,2,2,4,16,16,48,0,0,1
22,AIML,2,8.37,75.99,200,43,11,1,3,3,48,9,54,0,1,1
20,AIML,2,7.4,79.79,187,26,4,2,1,1,58,19,62,0,1,1
22,Civil,2,7.14,67.65,82,52,1,1,4,3,22,19,48,0,1,0
19,ECE,3,6.85,75.05,210,47,2,2,4,1,25,6,56,0,1,1
20,Mechanical,1,7.24,76.14,261,59,1,0,4,1,43,20,56,0,1,1
24,IT,2,6.81,78.43,201,48,4,0,4,4,54,36,56,0,0,1
22,Mechanical,3,6.35,69.54,58,38,2,1,2,0,11,10,47,0,0,1
20,ECE,2,5.66,61.52,67,32,4,1,4,2,11,4,41,1,0,1
19,ECE,2,8.22,75.76,127,50,2,0,5,5,25,10,39,0,1,1
24,Chemical,2,7.68,64.45,86,19,2,0,0,1,18,13,61,0,1,1
19,ECE,2,9.3,76.82,128,37,4,1,5,2,20,21,48,0,1,1
20,AIML,3,6.11,58.55,144,30,3,2,2,1,45,12,36,0,1,1
20,ECE,2,9.17,79.9,243,48,3,2,3,0,42,40,41,1,1,1
18,CSE,1,7.63,82.1,361,26,7,2,6,4,94,26,53,0,1,1
20,AIML,2,6.16,76.31,174,0,3,2,5,3,61,24,55,0,1,1
25,EEE,3,5.65,56.21,191,29,2,1,3,1,28,18,55,0,0,1
20,CSE,3,6.9,73.84,218,33,1,1,4,2,61,5,48,1,1,1
21,ECE,1,8.53,94.84,352,31,3,1,2,3,41,23,56,0,1,1
22,EEE,2,7.73,70.84,192,28,2,5,3,1,29,22,45,0,1,1
21,AIML,3,7.04,75.83,155,30,0,0,3,1,56,10,54,0,1,1
22,AIML,3,8.32,85.11,234,23,4,1,3,3,60,17,52,0,1,1
22,EEE,2,7.61,63.88,160,70,1,2,4,0,33,27,54,0,0,1
21,Chemical,1,6.41,73.1,167,34,1,3,2,4,21,24,69,0,0,1
22,IT,1,9.98,83.74,622,81,14,3,5,2,77,31,50,0,1,1
22,AIML,2,6.62,68.87,197,57,8,0,5,2,57,4,37,0,1,1
22,Chemical,3,6.45,60.38,120,35,2,0,0,1,21,21,62,0,0,1
22,Civil,2,7.32,82.25,148,21,1,0,3,3,25,18,39,0,0,1
20,Chemical,3,7.64,62.03,64,20,2,0,5,0,19,22,57,0,1,0
22,CSE,2,6.95,56.41,338,53,7,1,3,2,88,16,49,0,1,1
22,Chemical,3,5.85,58.73,65,24,1,0,4,2,25,16,50,1,0,1
20,Civil,2,6.99,69.43,98,20,1,0,4,2,20,26,41,1,0,1
23,AIML,2,8.34,65.65,222,33,5,1,4,3,67,19,55,1,1,1
20,EEE,2,7.5,65.55,103,25,1,0,2,2,34,24,57,0,1,1
20,CSE,3,8.3,71.61,219,56,6,2,5,1,70,16,43,0,1,1
23,IT,2,7.94,84.71,216,40,4,1,3,6,69,20,42,1,1,1
20,EEE,2,7.03,75.72,185,33,0,0,0,3,31,17,45,0,0,1
21,CSE,1,7.14,74.46,265,50,5,2,3,2,69,14,49,1,1,0
21,Chemical,1,7.91,86.92,204,31,1,0,0,1,40,20,48,1,0,1
23,Chemical,2,7.67,86.54,121,40,6,0,1,2,21,23,88,1,0,1
21,Civil,1,7.85,68.47,168,57,2,1,4,1,32,10,54,0,1,0
22,CSE,2,7.67,67.47,228,36,6,1,4,2,62,17,28,0,1,1
22,EEE,2,7.38,69.09,200,26,3,0,2,4,31,17,56,0,0,1
22,Civil,2,9.79,75.0,1067,85,12,3,4,2,64,15,38,0,1,1
24,CSE,3,6.66,81.19,169,30,6,0,3,1,50,11,45,0,1,1
22,EEE,2,6.6,63.54,204,52,3,1,0,5,33,22,49,0,0,1
21,AIML,2,8.13,75.46,283,26,3,2,7,2,74,19,43,0,1,1
24,Mechanical,3,6.51,69.88,165,33,2,0,4,2,31,9,61,0,1,1
21,EEE,3,5.76,78.71,118,1,3,0,1,3,25,9,41,0,0,1
18,Civil,3,7.06,78.93,203,46,4,1,3,2,27,10,49,1,0,1
20,ECE,3,7.58,66.82,68,29,3,0,6,0,24,17,46,1,0,1
22,Mechanical,2,7.36,79.39,110,49,0,2,3,2,25,16,45,0,1,1
20,CSE,2,6.48,68.67,179,41,5,1,4,1,53,18,49,0,1,1
21,EEE,1,8.69,79.75,195,37,4,0,6,1,25,36,56,0,1,1
21,Civil,1,7.95,66.36,204,34,4,3,6,2,34,27,60,0,1,1
21,Mechanical,2,8.48,62.75,169,49,0,1,2,2,33,17,37,0,1,1
18,Civil,2,7.46,71.74,119,31,2,2,3,3,27,8,44,0,1,1
23,EEE,3,7.77,67.81,74,39,4,2,3,3,19,12,62,1,1,1
21,ECE,3,6.38,69.04,207,62,0,0,3,2,36,21,57,0,1,1
20,Civil,2,4.89,60.88,72,8,3,1,2,2,0,10,68,0,0,1
21,IT,1,7.78,75.23,281,70,6,2,9,3,69,5,68,0,1,1
21,Mechanical,2,6.36,72.11,82,48,3,0,2,5,19,13,49,0,1,1
22,Mechanical,2,8.24,81.55,201,40,5,2,4,1,30,28,58,1,1,1
21,Mechanical,2,8.29,81.63,230,36,4,3,4,0,43,17,60,0,0,1
19,ECE,2,7.76,84.2,107,34,4,4,2,1,25,17,47,0,1,1
23,ECE,1,9.55,71.94,463,93,7,3,2,0,73,24,72,1,1,1
21,CSE,3,7.34,64.66,285,28,4,1,0,3,66,17,59,0,0,1
19,Chemical,3,7.82,82.14,88,28,3,1,2,0,27,12,63,0,0,1
22,IT,2,7.84,77.09,268,35,3,0,4,2,91,17,47,1,1,1
22,ECE,2,6.72,77.08,156,22,0,0,5,0,28,22,47,0,1,1
22,CSE,2,5.9,74.74,180,29,1,2,2,2,63,10,79,1,0,1
21,EEE,3,7.67,72.61,90,37,2,0,2,4,16,19,55,0,0,1
21,IT,3,7.33,71.43,196,30,5,0,8,1,52,23,44,0,0,1
21,EEE,3,7.84,89.41,86,35,3,0,0,3,28,24,54,0,1,1
19,Mechanical,3,7.33,64.16,84,39,2,0,2,2,19,16,41,0,0,1
20,EEE,2,7.36,70.29,115,54,2,0,4,1,31,13,44,0,1,1
25,CSE,3,7.2,79.2,143,24,3,2,5,4,64,11,51,0,1,1
22,Mechanical,2,7.23,71.76,119,52,2,3,6,1,22,29,59,0,0,1
21,ECE,3,9.39,76.0,160,68,4,1,3,4,17,30,56,0,1,1
20,AIML,1,7.55,79.91,298,48,2,3,5,1,74,24,59,1,1,1
22,IT,3,7.07,82.38,203,58,0,1,1,4,58,18,52,0,1,1
20,Mechanical,3,7.97,76.75,213,57,1,1,5,2,22,35,48,0,0,0
20,Chemical,2,7.88,64.18,89,23,4,1,4,1,15,15,52,1,0,1
20,Mechanical,3,7.42,74.62,92,16,3,2,3,1,15,19,72,0,1,1
22,Civil,1,7.02,75.4,167,23,5,1,3,0,24,14,48,0,1,0
22,ECE,3,6.24,62.68,52,39,2,2,2,2,15,7,64,0,0,1
19,IT,2,7.45,84.71,215,39,3,0,4,5,65,11,63,1,1,1
19,Mechanical,1,7.59,78.18,154,42,5,1,2,2,20,16,72,0,1,1
22,IT,3,6.92,65.2,149,46,1,1,5,1,42,8,29,0,0,1
21,Mechanical,2,8.18,80.21,182,28,2,1,3,3,38,21,46,0,0,1
22,EEE,2,8.29,80.42,215,33,3,2,1,4,33,32,59,0,1,1
20,CSE,2,8.48,72.75,248,21,4,2,2,4,73,30,40,1,1,1
22,IT,1,6.88,63.02,250,60,2,3,3,2,72,21,44,0,1,1
24,AIML,1,8.63,75.59,290,51,6,1,1,2,84,22,58,0,1,1
21,CSE,3,5.74,63.87,125,40,5,0,3,2,48,18,40,0,1,1
20,ECE,2,7.45,75.74,112,35,3,1,0,3,22,19,33,0,0,1
22,CSE,2,8.23,74.37,223,57,5,1,6,2,65,30,63,1,1,1
20,CSE,2,6.63,74.75,194,17,1,2,4,3,58,25,49,0,1,1
19,AIML,1,6.61,72.84,275,41,7,1,0,3,54,18,76,1,1,1
20,EEE,1,7.7,80.08,188,39,5,3,1,4,32,9,63,1,1,1
23,Mechanical,2,8.9,82.74,291,53,4,3,7,0,38,29,46,0,1,1
21,ECE,3,8.8,85.35,109,47,4,2,4,2,24,22,41,0,0,1
23,EEE,1,8.75,71.78,239,52,5,2,3,2,26,24,54,0,1,1
21,EEE,2,6.65,78.86,153,10,2,1,5,1,23,9,65,1,1,1
21,EEE,3,7.35,87.46,116,29,1,2,2,3,18,29,52,1,1,1
18,Chemical,3,9.25,88.38,124,59,5,1,1,5,27,30,44,0,1,1
22,EEE,3,8.12,65.37,140,67,3,0,2,3,25,18,52,1,1,0
19,ECE,3,6.03,81.11,77,21,2,2,4,2,9,26,57,1,0,1
21,Civil,1,8.43,82.53,179,54,2,3,5,1,24,18,58,0,1,1
20,EEE,1,7.13,80.11,188,45,4,1,5,3,28,28,43,0,1,1
21,ECE,2,7.26,67.48,163,42,1,0,4,1,21,18,58,0,0,1
21,Mechanical,2,8.14,65.68,171,63,1,2,3,5,29,16,60,0,1,1
18,AIML,2,7.19,83.55,208,32,4,1,4,2,56,33,45,0,1,1
20,Mechanical,2,7.06,69.18,83,49,1,1,1,3,18,15,28,0,0,1
25,Mechanical,2,8.42,70.99,200,43,4,1,5,0,31,14,46,0,1,1
19,EEE,3,7.99,64.39,107,63,6,1,1,3,16,21,55,1,1,1
20,CSE,1,8.04,63.35,263,35,3,2,2,4,54,23,51,0,1,1
20,ECE,1,9.54,80.54,275,55,4,0,4,0,47,14,66,0,1,1
21,Mechanical,1,7.93,81.88,181,25,4,2,2,2,23,25,48,0,1,1
22,IT,2,7.78,77.01,245,32,5,0,1,6,58,9,56,0,1,1
20,Chemical,2,7.24,72.15,148,59,1,1,4,1,26,3,52,0,0,1
21,CSE,2,6.68,80.94,272,29,5,1,3,1,63,15,68,0,1,1
22,EEE,2,6.3,80.69,95,29,3,1,4,0,26,23,72,0,1,1
20,AIML,3,8.09,69.31,215,56,5,2,5,2,52,13,45,0,1,1
24,EEE,2,7.12,74.15,102,27,2,0,2,3,21,33,60,0,1,1
25,Chemical,2,9.7,81.94,138,53,7,1,4,1,28,29,59,1,1,1
19,EEE,3,6.6,68.93,91,30,3,0,4,3,12,37,61,0,0,1
20,ECE,2,6.86,75.22,127,40,2,0,2,0,22,29,42,0,1,1
20,Civil,2,7.79,85.35,137,50,3,1,5,3,23,27,64,0,1,1
20,ECE,2,6.63,57.08,197,36,1,0,1,1,37,21,49,0,1,1
21,ECE,3,6.08,71.11,45,5,5,2,0,0,19,10,45,0,0,1
21,IT,1,8.33,77.7,284,44,2,5,3,5,90,11,57,1,1,1
21,ECE,3,5.49,65.86,84,20,1,0,4,3,18,5,45,0,0,0
20,Mechanical,2,7.67,79.93,166,24,4,2,5,1,24,30,56,0,1,1
20,ECE,2,7.69,72.74,197,2,2,0,4,1,36,15,57,0,1,1
25,AIML,2,8.29,71.45,239,34,5,2,3,5,59,18,50,0,1,1
24,CSE,3,7.76,80.41,158,60,2,1,1,4,57,32,62,0,1,1
19,AIML,2,9.87,72.73,298,59,5,0,5,3,84,34,64,0,1,1
22,Civil,1,9.56,68.89,716,87,10,4,3,1,77,16,48,0,1,1
21,Chemical,3,6.22,64.01,205,33,4,1,5,3,28,9,50,0,0,1
22,ECE,3,9.69,92.9,180,71,5,1,2,1,27,22,48,0,1,1
21,Civil,2,7.59,75.32,133,43,3,2,2,2,13,27,68,1,1,1
23,CSE,1,7.01,62.74,235,43,7,1,3,2,77,25,57,0,1,1
19,Civil,2,6.16,71.48,95,29,3,1,3,1,18,5,51,0,0,1
20,AIML,2,7.23,65.26,250,38,3,3,6,5,62,16,39,1,1,1
25,CSE,2,6.84,73.87,178,33,1,3,7,0,67,21,56,0,1,1
20,AIML,1,7.1,63.33,269,48,7,3,4,0,59,24,77,1,1,1
19,ECE,2,5.74,57.64,214,42,3,1,2,2,22,16,71,0,1,1
22,EEE,3,7.04,77.51,86,41,4,0,3,1,25,14,41,0,0,1
22,CSE,2,7.87,70.77,236,51,3,0,9,2,70,17,63,1,1,1
22,IT,2,6.65,80.08,241,34,7,3,2,2,65,13,48,0,1,1
22,Mechanical,3,6.98,56.89,95,43,2,2,3,2,15,16,60,0,0,1
22,Mechanical,3,6.94,76.25,118,42,1,0,2,2,31,9,37,0,0,1
20,AIML,2,7.58,70.8,256,26,4,2,8,2,71,20,44,1,1,1
21,AIML,2,8.92,83.69,265,22,6,1,6,3,70,10,65,0,1,1
22,Mechanical,3,7.53,71.14,113,54,1,0,2,1,24,12,43,1,1,1
23,EEE,3,6.37,74.65,104,33,1,1,3,1,12,8,45,0,0,1
20,ECE,1,7.64,72.52,159,39,2,1,1,2,27,19,70,0,1,1
19,ECE,1,8.05,76.46,182,38,3,2,5,1,35,16,66,0,1,1
22,ECE,3,6.31,79.37,65,29,1,0,3,1,10,17,37,0,0,1
20,IT,2,6.72,71.91,184,46,4,2,6,2,43,19,42,0,1,0
19,Mechanical,1,6.96,67.88,226,30,2,1,1,2,33,23,42,0,1,1
23,Civil,3,7.19,66.32,198,36,5,0,2,0,24,11,43,0,0,1
21,EEE,3,7.03,75.92,128,30,4,1,4,1,18,15,33,0,1,1
20,AIML,2,6.07,77.28,340,50,4,0,3,1,93,3,70,1,1,1
18,Chemical,2,7.01,77.1,120,48,2,2,5,2,22,21,42,1,0,1
19,CSE,1,7.72,86.9,246,71,5,2,7,2,69,0,64,0,1,0
22,Chemical,3,8.26,78.5,176,45,1,0,1,1,21,24,49,0,0,1
21,ECE,1,6.62,67.27,178,33,2,2,0,2,32,21,51,0,1,1
20,Mechanical,3,6.57,80.57,130,43,3,1,0,4,28,8,54,1,0,1
21,ECE,3,6.38,61.0,193,21,3,0,1,1,31,21,40,1,0,1
20,IT,2,6.11,63.9,209,44,3,0,3,4,56,18,48,0,1,1
19,AIML,3,5.1,66.87,209,28,4,0,6,1,71,22,39,0,0,0
20,CSE,1,8.13,68.84,282,56,5,4,4,6,94,17,79,1,1,1
21,IT,2,7.6,78.1,252,32,2,2,5,3,81,26,59,0,1,1
20,AIML,2,7.85,72.09,282,39,4,1,7,3,89,10,63,0,1,1
20,ECE,3,7.57,81.64,140,45,2,1,2,2,23,9,53,0,0,1
21,Civil,2,7.12,76.21,177,42,3,0,4,0,33,21,50,0,1,1
21,CSE,3,6.8,85.02,165,31,3,0,2,2,52,15,55,1,1,1
19,Mechanical,3,8.25,64.04,141,57,2,0,9,1,29,29,53,0,1,1
19,AIML,2,8.04,79.04,284,47,6,1,4,1,81,13,44,0,1,1
19,EEE,3,7.24,74.09,154,46,3,1,4,2,24,24,56,0,0,1
21,EEE,3,6.5,71.64,92,16,4,0,6,0,11,19,67,0,0,1
22,Mechanical,3,7.43,70.84,160,18,5,1,3,4,31,13,37,1,0,1
20,CSE,3,7.51,76.32,211,30,5,2,3,1,80,28,36,1,1,1
22,CSE,3,6.81,58.01,266,44,1,1,1,1,82,20,52,1,1,1
22,CSE,1,7.95,61.41,311,48,3,2,2,4,91,22,68,0,1,1
18,Chemical,2,7.99,69.74,96,63,1,3,1,3,20,25,48,0,1,1
18,IT,2,7.87,61.1,195,36,3,0,4,1,64,13,64,0,1,1
20,EEE,3,8.16,78.8,97,46,4,3,2,1,19,17,45,0,0,1
19,IT,3,8.07,68.82,253,31,5,3,3,2,77,18,37,0,0,1
21,ECE,2,8.38,76.24,126,60,5,1,4,4,25,23,50,0,1,1
19,ECE,2,7.04,74.49,150,31,4,0,7,3,31,7,55,1,0,1
22,CSE,1,8.41,75.69,273,57,7,2,2,5,91,30,43,1,1,1
21,IT,2,7.91,79.81,237,44,4,2,4,2,51,21,38,0,1,1
22,CSE,3,8.04,72.26,188,37,4,2,3,6,57,28,45,0,1,0
22,AIML,2,7.6,73.71,183,27,6,0,7,3,52,25,69,0,0,1
21,IT,1,8.16,72.38,379,51,3,2,7,2,72,32,41,0,1,1
24,Mechanical,1,6.88,78.4,143,32,4,0,4,2,27,0,69,0,1,1
25,CSE,3,7.75,65.25,165,15,4,0,5,4,48,22,64,0,0,1
21,CSE,2,8.53,79.75,201,74,5,3,7,3,50,18,52,1,1,1
19,AIML,3,8.75,88.57,215,54,6,0,3,3,60,14,61,1,1,1
21,Mechanical,1,7.64,77.59,164,51,5,1,3,0,25,22,66,0,1,1
20,AIML,2,9.02,74.48,279,42,7,1,2,3,70,16,37,0,1,1
21,Mechanical,2,7.36,75.71,103,24,2,2,2,2,16,19,29,1,0,1
21,IT,2,8.09,71.11,261,39,3,3,7,1,65,24,43,0,1,1
21,IT,1,7.8,82.4,332,59,5,4,6,6,85,18,63,1,1,1
22,IT,3,8.43,79.97,220,33,1,0,8,4,76,24,24,0,1,1
20,ECE,3,7.52,75.04,233,42,1,2,7,4,30,31,15,1,1,0
21,IT,3,6.84,81.57,193,27,1,4,7,3,64,6,58,1,1,1
20,IT,1,8.63,77.94,272,42,7,1,9,2,75,12,70,1,1,1
22,Chemical,2,7.08,62.24,109,55,2,0,3,3,20,18,48,0,0,1
22,Mechanical,2,7.77,75.09,151,53,4,1,2,4,30,6,83,0,1,1
18,Civil,3,5.91,66.77,42,37,4,0,2,1,13,12,52,1,0,1
22,Civil,3,8.05,75.38,204,51,3,0,4,1,32,25,49,1,0,1
20,ECE,2,5.91,72.18,91,20,6,1,5,1,23,1,53,0,0,1
22,Mechanical,2,7.08,77.34,74,58,2,0,5,0,15,18,46,0,0,0
21,ECE,3,6.19,62.02,132,28,1,1,1,1,19,12,38,0,1,1
21,EEE,1,6.8,71.69,272,48,1,0,4,3,41,4,61,1,1,1
22,Mechanical,2,7.47,72.32,118,64,1,2,1,1,22,33,46,0,0,0
23,EEE,1,7.18,74.27,148,29,5,4,1,2,26,12,45,1,1,1
22,ECE,3,7.98,78.25,159,27,3,1,1,0,27,34,49,0,0,1
21,CSE,2,7.29,72.66,196,43,2,0,5,2,42,9,48,1,0,1
22,Chemical,2,7.64,65.73,181,42,2,1,3,0,19,16,49,0,1,1
21,CSE,3,6.66,70.46,161,41,4,0,2,2,56,10,56,0,1,1
22,CSE,3,7.99,83.52,257,35,5,1,4,3,70,11,57,0,1,1
23,CSE,2,7.66,66.5,193,35,6,1,2,3,46,19,58,0,1,1
20,EEE,3,7.8,84.29,247,37,0,4,1,0,24,8,49,0,1,1
20,IT,2,8.15,64.05,235,56,4,0,8,5,63,22,54,0,1,1
20,Civil,3,8.08,77.07,287,53,4,2,0,3,33,9,50,1,0,1
20,EEE,3,7.7,70.14,138,43,3,4,3,1,26,13,54,1,1,1
21,Mechanical,2,7.65,74.12,109,77,1,2,2,3,25,31,40,1,1,1
20,CSE,2,8.44,81.89,220,63,7,4,6,2,68,7,51,1,1,1
21,IT,2,7.64,80.79,421,31,4,4,2,2,95,4,47,0,1,1
19,EEE,3,7.0,81.14,72,35,2,0,3,2,20,10,49,0,0,1
20,CSE,2,8.28,65.42,194,69,8,3,3,1,73,10,39,1,1,1
22,IT,1,8.64,71.26,267,41,6,3,1,5,63,31,71,1,1,1
21,Mechanical,3,7.31,69.13,121,76,6,0,5,1,25,10,46,0,1,1
21,Mechanical,3,7.88,69.69,141,46,6,3,2,1,21,23,62,0,0,1
22,Civil,2,7.89,77.96,179,53,3,0,3,3,18,21,65,0,1,1
25,ECE,1,7.83,80.36,172,43,5,3,0,0,25,16,76,1,1,1
21,AIML,2,6.25,56.75,159,13,5,0,6,3,44,20,55,0,1,1
19,Civil,2,6.56,63.1,248,46,2,0,1,1,35,6,46,1,0,0
19,Chemical,3,7.04,71.08,144,29,2,0,3,1,31,17,64,0,0,1
24,ECE,2,7.54,73.78,97,45,4,0,3,2,27,5,48,0,1,1
22,CSE,3,6.35,81.11,165,50,5,1,2,3,66,15,47,1,1,1
22,AIML,2,5.72,59.4,168,34,2,1,1,0,56,0,43,0,0,1
22,Mechanical,3,7.26,69.14,81,24,1,3,3,0,25,16,45,0,1,1
20,CSE,3,7.36,82.38,230,35,6,0,1,3,68,33,42,1,1,1
21,AIML,3,8.09,71.96,173,19,3,5,6,2,35,6,59,0,1,1
22,IT,2,9.14,84.03,425,43,6,1,2,3,88,13,52,1,1,0
23,Mechanical,3,6.2,66.22,184,34,2,0,1,4,33,29,40,0,0,1
20,ECE,2,7.79,72.76,140,44,1,1,3,1,25,10,46,1,1,1
21,ECE,2,9.52,84.12,153,54,5,1,1,1,28,30,59,0,1,1
20,Mechanical,2,6.38,68.16,132,31,5,0,5,3,27,28,48,0,0,1
24,Mechanical,2,6.67,65.8,90,38,1,0,6,5,22,11,55,0,0,1
20,IT,3,8.18,80.73,169,33,6,0,8,2,40,12,62,0,1,0
22,CSE,2,7.66,67.85,243,32,7,1,1,1,65,26,58,0,1,1
20,CSE,1,7.98,80.48,355,34,13,4,3,5,86,24,57,0,1,1
21,CSE,3,7.88,72.39,209,84,2,3,7,1,68,16,41,0,1,1
22,CSE,1,8.38,70.06,311,56,4,2,7,3,82,7,44,0,1,1
20,ECE,3,7.71,80.23,81,69,1,2,3,1,14,16,47,0,1,1
22,CSE,3,7.81,71.56,252,34,5,0,4,1,57,31,49,0,1,1
23,Mechanical,3,6.33,68.53,92,21,2,0,0,0,25,20,49,0,0,1
23,CSE,3,8.18,61.96,206,28,7,1,1,3,73,17,49,0,1,1
20,Chemical,2,8.83,69.69,169,38,3,0,2,3,22,20,58,0,1,1
22,CSE,2,8.44,84.76,229,37,3,1,8,2,53,24,49,0,1,1
21,IT,2,7.92,76.33,232,36,2,3,6,3,65,16,51,0,1,1
21,Mechanical,1,9.35,87.62,345,47,4,5,3,3,43,16,70,1,1,1
21,Civil,2,7.66,73.49,144,46,3,0,4,3,20,17,42,0,1,1
21,CSE,2,8.34,76.9,290,55,6,1,4,3,92,25,39,0,1,1
20,Mechanical,3,8.79,89.43,152,57,5,4,5,1,23,29,44,0,0,1
21,Mechanical,2,7.19,75.66,170,75,1,0,3,4,25,24,58,0,1,1
20,ECE,3,8.46,88.27,145,43,3,2,3,1,21,24,57,0,1,1
20,EEE,2,6.54,67.4,170,59,2,2,5,2,29,17,52,0,1,1
19,IT,2,6.77,69.58,214,49,5,2,3,2,49,0,69,0,1,1
20,IT,3,6.51,65.15,176,48,4,0,5,2,31,27,50,0,1,1
22,CSE,2,5.67,71.71,178,34,5,2,3,2,40,16,60,1,1,1
21,CSE,3,6.74,64.96,161,37,4,3,6,2,56,0,56,0,0,1
18,ECE,1,7.82,86.54,198,66,2,0,4,3,27,3,61,0,1,1
22,CSE,2,7.24,61.47,256,67,5,1,9,3,61,20,55,1,1,1
23,CSE,1,6.67,71.01,258,38,6,0,4,5,76,0,75,0,1,1
23,CSE,2,5.4,62.94,172,25,3,0,2,0,44,17,64,0,1,1
23,EEE,2,6.86,73.49,80,32,1,1,4,1,24,18,79,0,1,1
25,EEE,1,7.03,66.9,295,42,4,2,2,3,39,2,68,1,1,1
21,Mechanical,3,8.96,79.95,189,34,4,1,2,1,20,18,54,0,0,1
24,Chemical,3,7.33,76.03,157,16,3,0,5,1,23,28,35,1,0,1
24,Chemical,1,9.24,83.15,284,46,5,3,4,2,43,18,72,0,1,1
20,AIML,2,6.89,84.15,235,30,6,0,4,4,61,13,41,1,0,1
23,IT,2,8.39,76.26,230,37,5,0,4,3,45,15,61,0,1,1
22,ECE,3,7.56,71.98,108,43,3,0,1,1,23,13,44,1,0,1
22,CSE,2,6.81,70.22,207,48,9,0,6,2,55,11,52,0,1,1
23,CSE,3,7.57,63.82,159,46,4,0,5,1,63,3,46,0,0,1
21,Civil,2,7.32,79.93,93,49,4,2,3,4,24,13,62,0,0,1
21,IT,1,7.49,66.9,277,38,7,1,8,3,63,44,69,1,1,1
22,ECE,2,6.09,76.66,77,35,4,2,1,3,26,36,33,0,1,1
22,Mechanical,2,9.17,72.97,181,66,2,0,2,2,43,24,48,0,1,1
23,Mechanical,3,7.81,63.12,196,29,2,2,4,1,37,3,55,0,1,1
23,Civil,3,6.4,53.42,66,36,4,0,1,1,13,10,50,1,0,0
22,Civil,3,7.68,80.53,130,44,4,1,4,2,16,23,42,0,0,1
24,AIML,1,7.45,82.67,260,35,7,2,8,0,79,22,45,0,1,1
20,EEE,2,8.69,80.24,119,49,4,2,8,1,22,25,56,0,1,1
24,CSE,3,7.1,65.32,144,49,2,2,0,2,41,18,44,0,0,1
19,Chemical,3,7.31,64.98,99,28,5,0,3,1,19,23,55,0,0,1
21,AIML,2,6.97,68.9,279,49,0,1,8,1,78,8,76,0,0,1
19,IT,2,7.91,81.5,201,52,3,2,3,2,67,14,43,0,1,0
21,Chemical,1,7.74,72.63,164,18,7,1,2,0,25,4,51,0,1,1
21,EEE,2,8.56,66.9,194,35,3,0,7,3,27,25,54,0,1,1
19,AIML,2,7.76,68.42,301,52,7,1,1,4,77,32,50,0,1,1
22,CSE,2,9.58,81.83,248,74,3,2,10,0,64,30,57,1,1,1
22,ECE,2,7.38,81.9,182,43,4,0,5,1,20,12,43,0,1,1
20,EEE,2,6.83,76.11,110,37,3,5,1,2,23,13,43,0,1,1
22,EEE,2,6.88,65.92,105,34,3,2,3,1,25,6,23,0,0,1
20,CSE,2,6.89,71.67,218,47,3,2,3,6,52,14,38,0,1,1
20,Mechanical,3,6.66,78.26,68,25,2,0,1,2,21,19,55,0,0,1
20,IT,2,8.79,77.62,303,55,4,1,5,4,73,28,70,0,1,1
21,Chemical,3,7.13,61.4,126,33,4,0,1,2,27,23,48,0,0,1
22,EEE,1,8.01,70.67,196,23,4,1,4,5,37,7,61,0,1,1
21,Civil,3,6.27,50.0,48,23,3,1,2,0,6,16,61,0,0,1
22,CSE,1,7.75,76.81,281,36,13,1,5,4,52,15,60,0,1,1
21,Civil,3,5.36,76.23,104,15,5,1,3,3,13,30,22,0,0,1
22,Civil,1,8.06,85.99,291,67,3,2,3,1,51,29,55,0,1,1
25,ECE,3,6.9,71.52,78,32,4,0,4,3,11,10,42,0,0,1
21,Chemical,2,8.87,72.05,157,34,5,0,3,3,21,25,54,1,1,1
20,Mechanical,3,8.06,74.16,149,58,3,0,5,3,26,40,52,0,0,1
20,Chemical,2,8.19,77.12,111,30,1,2,2,3,25,26,69,0,1,1
21,Mechanical,2,6.76,80.23,79,16,2,0,2,2,16,23,65,0,0,1
21,Civil,3,7.66,76.98,97,60,5,2,2,3,13,32,60,0,0,1
20,CSE,2,9.17,67.5,289,43,9,1,4,3,84,18,45,0,1,1
23,CSE,1,7.11,78.28,225,49,4,3,5,2,60,13,41,1,1,1
24,ECE,3,6.64,57.79,83,56,3,2,0,2,19,18,53,1,1,1
20,Mechanical,3,7.4,74.94,178,18,1,1,1,1,22,20,41,0,0,1
20,AIML,2,7.72,86.37,237,30,6,2,4,2,50,20,56,0,1,1
20,IT,2,8.08,64.38,223,43,4,3,6,4,55,25,47,0,1,1
21,CSE,2,7.97,74.56,436,58,3,1,9,4,100,19,74,0,1,1
23,Chemical,1,7.96,74.91,192,51,6,0,3,1,32,10,39,1,1,1
21,Mechanical,2,6.91,72.05,152,40,3,1,4,4,28,23,55,0,1,1
19,CSE,1,9.45,85.92,340,59,5,5,5,3,74,27,66,1,1,1
21,CSE,3,8.65,72.87,208,38,6,2,6,5,71,18,67,0,1,1
19,Chemical,3,7.77,79.5,94,50,4,0,3,3,10,16,53,1,0,0
21,IT,2,8.58,75.53,255,44,0,1,7,2,69,12,57,1,1,1
21,EEE,2,7.49,74.8,97,48,2,0,0,2,26,6,53,0,1,1
22,Chemical,3,6.35,60.44,256,26,2,0,1,1,40,0,52,0,0,1
21,Chemical,3,8.14,83.51,90,44,3,0,3,0,25,22,59,0,0,1
23,CSE,1,6.71,72.54,359,24,4,2,7,0,92,27,74,1,1,1
18,EEE,2,9.29,83.84,145,54,3,1,7,2,22,24,53,0,1,1
22,Chemical,3,6.43,78.4,66,30,2,1,4,4,11,15,40,0,0,1
18,CSE,3,8.59,75.47,230,41,5,0,5,4,56,17,56,0,1,1
20,EEE,2,9.14,77.46,249,51,3,5,5,3,36,22,59,0,1,1
23,Mechanical,1,6.64,58.74,200,12,0,4,3,2,27,2,64,0,1,0
22,CSE,3,6.16,70.92,139,46,3,0,2,0,54,19,71,1,0,1
20,IT,2,7.98,85.11,376,29,0,2,2,3,90,34,59,1,1,1
21,AIML,1,9.11,78.75,335,42,6,1,4,3,82,29,39,0,1,1
22,CSE,3,8.0,69.79,243,34,5,0,6,2,74,19,45,0,1,1
24,CSE,2,6.85,78.12,194,12,6,1,1,2,60,0,46,0,0,1
22,IT,2,8.87,68.33,259,60,5,3,6,3,59,27,60,0,1,1
18,EEE,1,9.72,76.81,189,54,4,5,3,4,18,39,54,0,1,1
21,Chemical,1,7.0,67.7,191,38,3,1,4,1,31,17,37,0,1,1
20,Chemical,2,7.89,81.46,309,67,2,0,6,6,42,23,48,0,1,1
19,Civil,3,7.95,77.03,141,34,3,1,5,1,30,26,44,1,0,1
21,Mechanical,3,7.18,68.84,160,15,4,2,2,2,35,10,64,0,0,1
22,CSE,2,6.8,68.18,193,42,1,3,5,5,67,15,65,0,1,1
19,IT,2,6.66,72.51,200,43,3,2,4,5,49,22,70,0,1,1
22,Mechanical,2,6.05,70.77,113,2,4,1,2,2,22,13,47,1,0,1
22,Chemical,2,8.3,77.6,179,24,1,1,4,0,30,36,60,0,1,1
22,ECE,3,6.98,67.65,91,44,2,0,4,0,17,29,47,0,1,1
20,Mechanical,2,8.98,86.25,170,47,3,3,1,1,31,17,43,0,1,1
21,Chemical,2,8.03,86.86,102,54,8,3,4,1,25,24,41,0,1,1
19,EEE,2,7.49,83.88,159,41,4,2,3,2,32,12,65,0,0,1
20,Mechanical,3,8.65,86.22,108,51,4,1,5,5,19,7,62,0,0,1
20,Chemical,1,7.75,91.44,155,47,4,2,4,2,19,16,60,1,1,0
20,Mechanical,1,7.33,68.57,275,40,5,0,1,2,34,18,72,0,1,1
20,CSE,2,8.18,71.73,196,40,3,3,5,2,66,46,60,0,1,1
20,Chemical,2,7.08,62.94,130,28,4,1,2,3,32,0,50,0,0,1
23,Mechanical,2,7.69,72.96,98,54,4,2,1,1,24,23,37,0,1,1
22,AIML,3,7.7,65.97,161,66,5,1,1,6,48,5,74,0,1,1
20,Chemical,3,7.44,83.09,103,51,4,1,0,3,28,10,64,0,1,1
24,CSE,1,8.11,77.53,275,34,3,4,3,4,82,26,49,0,1,1
20,Chemical,3,7.71,72.41,140,28,1,1,2,2,24,24,63,1,0,1
21,Civil,1,7.94,67.81,279,25,3,1,6,1,46,27,38,1,1,1
22,AIML,3,6.93,63.27,217,35,2,1,6,4,88,25,52,0,0,1
21,Civil,2,6.65,67.66,121,36,0,1,2,3,33,11,55,0,0,1
20,CSE,2,6.9,83.46,210,31,3,3,4,6,65,7,56,0,1,1
21,Chemical,3,6.8,79.83,140,49,5,1,5,1,24,21,28,0,1,1
21,EEE,3,7.94,80.73,247,40,5,3,5,2,35,17,51,0,1,1
22,ECE,2,8.99,63.58,133,48,0,2,3,3,19,18,37,1,1,1
21,Chemical,3,7.37,72.93,109,27,4,3,3,0,32,32,60,0,0,1
21,CSE,2,8.57,75.73,309,56,6,0,6,3,78,21,40,0,1,1
20,ECE,2,6.93,67.31,91,31,3,0,4,0,15,19,43,0,1,1
21,Mechanical,2,7.4,74.09,122,6,5,1,5,1,20,22,40,0,1,0
20,CSE,1,7.63,68.12,270,54,5,2,6,4,70,22,71,0,1,1
23,CSE,3,7.88,71.46,255,25,7,1,5,6,63,15,37,1,1,0
22,EEE,2,7.0,66.35,138,20,1,0,4,1,23,9,49,1,1,1
21,IT,2,8.15,71.64,278,25,4,0,4,2,75,2,52,0,1,1
22,ECE,3,7.67,51.47,98,47,3,0,2,2,25,16,34,1,0,1
18,EEE,1,7.91,75.86,251,28,2,1,6,0,35,6,54,0,1,1
20,IT,3,6.89,76.44,244,39,4,1,5,3,66,16,56,0,1,1
21,AIML,2,6.11,63.94,225,29,2,1,4,1,67,3,53,0,1,1
21,AIML,3,6.99,80.21,170,40,4,0,4,6,45,15,49,0,1,1
22,CSE,2,8.16,70.03,310,63,3,1,12,3,71,15,70,0,1,1
24,Mechanical,3,5.87,60.24,27,47,2,0,5,3,5,19,40,0,0,1
21,CSE,2,6.18,77.13,260,31,6,0,3,1,62,17,49,1,1,1
21,Chemical,1,7.52,70.38,253,69,2,2,3,4,34,22,54,1,1,1
21,CSE,2,6.8,73.39,192,32,2,0,2,5,45,5,73,1,1,1
20,IT,1,10.0,71.77,364,39,5,2,4,1,94,41,53,1,1,1
20,Mechanical,1,7.96,74.38,171,25,4,3,3,1,26,21,53,0,1,1
24,CSE,2,7.17,70.68,202,45,3,0,5,1,54,20,48,0,1,1
22,EEE,2,8.47,74.47,172,30,5,1,2,3,21,19,57,0,1,0
24,AIML,2,7.45,71.33,173,45,3,2,2,6,38,10,45,0,1,1
20,Chemical,3,7.28,74.61,102,49,1,2,3,0,21,21,39,1,0,1
18,AIML,3,8.91,79.32,198,51,3,0,3,6,64,31,51,0,1,1
21,CSE,2,5.74,71.98,137,30,2,3,3,0,51,0,63,0,1,1
24,EEE,2,6.69,57.5,104,36,0,0,2,4,24,8,67,0,1,1
20,IT,3,7.81,85.48,185,36,4,1,6,0,55,31,54,1,0,1
19,Civil,2,6.69,69.89,81,50,0,0,1,3,17,10,45,0,0,1
19,Civil,2,6.68,67.74,277,42,2,0,2,2,38,4,52,0,1,1
22,Mechanical,1,8.46,79.47,240,33,5,1,3,1,33,29,68,0,1,1
22,CSE,2,6.93,70.91,193,6,7,0,3,4,54,18,43,0,1,1
22,EEE,1,8.07,76.64,208,65,3,2,2,2,29,3,79,0,1,1
19,CSE,3,7.14,70.22,162,50,4,4,4,1,50,11,59,0,1,0
22,CSE,2,7.8,78.97,272,54,4,2,7,3,60,25,54,0,1,1
21,CSE,2,7.42,62.49,230,23,3,1,4,3,73,16,43,0,1,1
20,ECE,3,8.07,77.49,139,30,5,1,4,0,30,23,39,0,0,1
20,ECE,2,8.31,73.04,120,53,1,1,7,3,20,24,54,0,1,1
21,Mechanical,3,6.76,58.91,94,32,2,2,1,2,12,29,76,1,0,1
20,ECE,2,6.13,77.36,108,30,2,0,1,1,19,14,29,0,1,1
24,AIML,3,7.24,70.52,185,55,3,0,0,5,70,10,52,0,1,1
21,CSE,2,7.01,79.52,201,38,1,1,4,3,69,0,40,0,0,1
21,ECE,3,6.75,76.67,115,38,2,1,1,4,24,29,47,0,1,1
22,Mechanical,2,6.03,64.11,83,44,2,1,6,1,21,8,48,0,0,1
22,AIML,2,7.15,81.05,170,25,4,0,4,2,44,16,69,0,1,1
18,EEE,3,7.39,72.0,104,43,6,0,4,3,14,14,56,0,1,1
21,Civil,2,7.0,67.69,107,62,2,1,11,1,18,33,55,1,0,0
20,AIML,3,7.31,66.44,230,54,4,4,7,1,57,24,47,0,1,1
21,Mechanical,1,8.3,70.96,238,40,4,2,1,1,31,6,59,0,1,1
22,Chemical,1,8.96,81.25,302,51,3,2,3,4,49,29,52,1,1,1
21,Chemical,1,9.06,73.82,204,40,5,1,7,3,34,18,77,1,1,1
21,CSE,2,6.95,75.23,264,35,1,0,2,2,55,4,58,0,1,1
20,CSE,3,6.71,67.89,152,28,2,0,1,2,66,19,58,0,1,1
21,Mechanical,3,6.18,76.42,113,30,4,0,3,0,24,0,57,0,0,1
20,IT,3,8.04,73.05,185,55,2,1,2,0,57,8,45,0,1,1
23,CSE,3,7.51,72.71,169,30,6,1,2,4,51,14,39,1,0,1
21,ECE,2,8.71,76.9,160,62,4,3,5,2,31,35,57,0,1,0
23,ECE,2,7.65,75.78,105,64,2,0,7,2,16,8,48,0,1,1
21,CSE,2,7.03,72.74,208,17,3,0,4,1,81,0,54,1,1,1
23,CSE,3,7.31,66.69,208,41,2,2,0,2,50,9,53,0,1,1
19,Mechanical,3,7.17,86.26,67,40,5,0,3,1,18,13,54,1,0,1
20,ECE,2,6.89,76.62,78,45,2,0,2,5,12,28,52,0,0,1
19,AIML,2,7.57,80.71,216,42,5,2,3,0,51,17,51,0,1,1
19,Chemical,2,6.76,79.86,97,34,2,0,4,0,20,25,57,0,1,1
23,Mechanical,3,8.53,75.81,136,68,2,0,2,3,20,25,57,0,0,1
22,IT,3,5.89,74.62,230,48,4,0,4,2,69,14,63,0,0,1
22,AIML,3,8.37,86.24,383,41,6,1,3,4,88,29,48,0,1,1
21,Mechanical,3,6.92,82.13,164,39,5,2,4,1,20,16,65,0,1,1
21,Mechanical,3,4.88,72.17,59,32,0,0,2,1,15,17,45,0,0,1
22,Civil,3,5.82,67.09,102,14,6,0,2,0,24,14,25,0,0,0
23,CSE,1,7.69,84.06,284,52,4,2,7,5,69,6,67,1,1,1
21,EEE,3,6.99,63.43,125,17,5,0,4,1,21,21,68,0,1,1
22,AIML,2,7.85,70.63,221,54,7,1,5,3,69,13,52,1,1,1
20,Chemical,2,7.14,56.69,133,33,6,2,2,3,27,18,48,1,1,1
25,CSE,2,7.99,73.85,203,30,1,1,3,4,81,21,36,0,0,1
19,ECE,2,7.51,71.12,110,44,2,1,2,2,23,31,36,0,1,1
21,Mechanical,2,8.05,72.46,138,46,7,1,6,1,24,25,48,0,1,1
23,Mechanical,2,8.24,74.83,209,20,1,0,2,1,37,24,65,0,1,1
20,EEE,3,7.78,67.22,117,18,2,0,0,3,21,13,60,0,0,1
20,ECE,3,7.1,77.09,101,35,4,0,3,1,23,7,52,0,0,1
21,Civil,1,8.96,77.11,229,24,4,2,2,2,38,31,54,0,1,1
21,EEE,3,7.29,71.06,101,32,3,0,1,0,15,28,53,1,0,1
24,ECE,2,6.88,62.64,137,47,1,0,5,1,26,6,73,1,0,1
23,Civil,3,6.99,65.22,107,43,4,0,2,1,24,32,46,1,0,1
21,ECE,3,7.68,68.01,109,34,6,2,5,2,33,19,50,0,0,1
25,EEE,1,9.81,79.55,488,87,12,3,4,3,96,0,60,0,1,1
22,IT,3,7.92,94.66,200,49,2,2,8,2,51,27,41,0,1,0
23,AIML,2,8.07,77.5,229,35,4,3,10,6,79,23,32,0,1,1
20,ECE,2,7.19,78.47,226,15,3,2,2,2,27,18,61,0,1,1
21,IT,3,8.27,82.47,205,36,6,0,3,2,71,38,42,0,1,1
18,CSE,2,7.51,62.63,208,45,1,0,6,1,64,28,51,0,1,1
18,ECE,2,7.04,80.57,77,19,2,2,2,1,14,6,54,0,1,1
22,EEE,3,5.73,70.09,51,42,4,1,2,1,19,18,36,0,0,1
19,CSE,3,7.86,82.66,202,33,3,1,4,6,63,16,49,1,1,1
21,ECE,2,7.0,65.22,104,63,4,0,2,2,25,27,56,0,1,1
22,IT,1,6.83,73.76,279,30,6,2,3,3,73,23,56,0,1,1
19,CSE,3,6.26,74.89,152,49,3,1,6,3,53,13,47,0,1,1
21,CSE,1,8.51,76.61,334,46,2,0,3,4,83,17,39,1,1,1
22,Mechanical,2,7.65,66.39,92,22,5,0,2,3,12,30,46,0,1,1
23,ECE,2,7.94,63.18,117,45,1,3,4,1,20,18,47,0,0,1
20,Chemical,2,7.31,78.35,127,21,3,1,1,3,14,33,57,1,0,1
25,Mechanical,3,7.38,77.66,106,19,3,3,1,4,21,12,36,0,0,0
23,Chemical,3,7.31,68.55,109,49,2,0,3,1,22,15,60,0,1,1
22,AIML,3,6.36,76.04,127,38,2,3,3,3,46,12,25,0,1,1
21,EEE,2,8.19,72.29,157,35,2,0,3,2,25,16,42,0,1,1
22,ECE,3,6.62,64.25,74,33,4,2,3,2,18,14,29,1,0,1
22,ECE,3,6.89,74.99,105,32,3,0,2,2,26,32,44,0,0,1
20,Civil,2,7.81,62.8,148,34,0,0,2,2,19,7,48,0,0,1
25,ECE,2,8.38,78.23,253,37,6,1,2,3,32,12,53,1,1,1
23,AIML,2,6.97,60.43,214,35,4,2,2,2,77,28,41,0,1,1
21,Mechanical,3,8.0,67.38,239,39,3,1,3,4,28,23,36,0,0,1
22,AIML,3,7.63,71.68,187,37,4,0,6,4,51,15,41,0,0,1
21,CSE,3,7.16,77.8,233,41,1,0,3,1,62,35,57,0,1,1
22,EEE,3,7.28,58.93,70,54,1,1,1,3,15,6,42,0,0,1
23,CSE,3,7.27,78.34,191,56,5,1,6,2,53,18,45,1,1,1
18,Mechanical,3,7.54,82.4,144,50,6,1,2,2,26,11,63,0,1,1
19,ECE,3,8.33,78.32,121,52,2,1,8,0,21,13,63,0,0,1
20,Civil,3,7.6,73.04,155,34,3,0,0,3,33,29,39,0,0,1
23,IT,2,7.27,73.05,172,26,4,0,4,2,54,3,46,0,0,1
21,IT,1,7.37,63.49,257,37,4,2,1,3,71,17,66,1,1,1
23,ECE,3,7.47,73.51,90,43,3,0,2,1,22,14,62,0,1,1
21,Mechanical,2,7.1,74.84,84,30,2,1,1,1,17,17,49,0,0,1
20,CSE,2,5.99,94.84,164,11,5,1,6,0,70,15,56,0,1,1
23,IT,3,8.32,85.6,190,60,5,1,9,3,53,30,47,1,0,1
21,AIML,3,7.24,71.99,196,36,2,1,3,2,66,13,69,0,1,1
21,IT,2,7.35,66.47,220,54,4,1,2,5,71,11,36,1,1,0
19,Civil,2,8.65,80.02,191,45,5,2,3,0,25,26,64,0,1,1
19,EEE,3,6.91,71.69,122,49,2,0,2,3,29,11,38,0,0,1
20,ECE,3,7.71,77.2,110,47,5,1,6,3,21,10,54,0,1,1
21,CSE,3,7.35,66.2,398,53,8,0,3,2,94,28,50,1,1,1
21,EEE,3,7.64,62.77,145,50,2,1,5,0,29,11,55,0,0,1
20,Mechanical,1,7.24,75.86,354,36,3,0,3,3,41,37,39,0,1,1
19,IT,3,8.12,72.53,169,44,2,3,5,4,58,13,42,0,1,1
20,Civil,3,8.86,78.2,92,70,1,1,3,1,14,16,62,0,0,1
21,IT,2,6.7,63.84,214,32,6,0,1,1,67,24,57,0,1,1
25,CSE,3,8.0,83.21,224,49,4,1,4,4,83,35,36,0,1,1
21,Civil,2,7.6,65.3,113,47,2,2,3,2,26,24,49,0,1,1
19,ECE,1,8.06,81.66,182,52,5,1,6,2,31,30,68,0,1,1
21,ECE,1,8.14,75.57,204,41,5,0,5,0,28,26,60,1,1,1
23,Chemical,2,6.43,68.89,69,47,2,0,2,2,25,23,47,1,0,1
22,Civil,3,6.68,72.5,164,36,1,0,1,0,29,19,59,0,0,1
23,Chemical,3,7.14,71.31,116,16,5,1,5,0,18,14,64,0,0,1
24,Mechanical,2,8.54,75.11,192,47,3,1,5,4,31,14,55,0,1,1
22,EEE,2,7.24,72.9,97,43,4,2,1,3,28,25,39,0,0,1
25,ECE,3,7.75,71.26,91,37,4,2,7,1,22,28,46,0,1,1
19,IT,3,7.4,75.78,212,40,1,0,4,2,60,19,58,0,0,1
23,CSE,3,7.41,82.7,201,41,1,2,4,2,69,13,53,0,1,1
23,Civil,3,7.48,91.61,159,54,3,1,4,1,31,5,44,0,0,1
23,CSE,3,6.66,78.3,177,40,1,0,3,4,51,7,41,0,0,1
21,Civil,3,7.22,77.81,128,59,3,0,4,0,22,21,75,0,1,0
22,AIML,1,7.4,59.12,267,27,3,2,7,2,66,18,72,0,1,1
20,AIML,2,7.45,72.75,325,31,3,0,3,2,71,39,49,0,1,1
21,CSE,2,6.92,67.38,177,45,0,0,5,2,45,15,48,0,1,0
21,IT,3,8.89,67.72,184,57,4,0,8,3,55,20,56,0,1,1
21,CSE,2,6.05,76.56,155,44,4,1,4,1,82,22,48,1,0,1
22,CSE,2,6.08,57.83,218,27,4,1,3,1,62,15,69,0,1,1
20,Mechanical,2,7.86,69.4,212,32,0,1,5,2,26,25,54,0,0,1
20,IT,2,8.2,64.0,213,40,6,2,4,0,74,12,44,0,1,1
20,CSE,2,8.87,77.38,298,18,5,1,4,6,95,18,51,0,1,1
22,IT,3,7.13,80.77,191,50,5,1,3,2,55,14,47,0,1,1
22,CSE,3,7.35,64.96,218,32,3,3,3,8,73,13,73,0,1,1
22,Civil,3,7.78,71.16,102,31,5,0,3,0,23,18,47,1,0,1
19,Civil,1,8.94,84.22,184,50,2,1,2,1,28,26,60,0,1,1
22,IT,3,6.24,78.76,232,50,2,2,1,0,81,28,67,0,1,1
22,AIML,2,7.66,74.64,255,49,3,3,3,6,70,15,50,0,1,1
19,CSE,1,8.29,67.86,335,41,3,0,5,3,72,12,52,0,1,1
20,Mechanical,1,7.47,71.65,218,48,7,0,2,1,35,3,64,0,1,1
21,CSE,2,7.87,72.19,235,48,4,1,6,1,79,6,67,0,1,1
21,EEE,2,6.98,68.09,105,58,3,1,6,2,20,23,47,0,1,1
19,AIML,2,8.54,68.07,318,60,2,2,4,3,83,18,34,0,1,1
20,Mechanical,2,6.0,74.22,81,27,1,0,0,0,18,18,35,0,0,0
18,IT,3,7.13,70.38,163,38,3,0,7,0,65,12,32,0,0,1
19,CSE,3,7.83,62.3,203,45,5,3,5,3,60,20,48,0,1,1
20,AIML,3,7.1,76.76,162,13,7,2,3,2,59,31,51,0,1,1
22,Mechanical,3,8.08,87.55,155,4,3,1,1,2,24,23,52,1,0,1
21,Mechanical,3,7.41,75.64,142,41,7,0,1,1,19,10,46,0,0,1
21,EEE,2,7.76,67.64,150,52,1,1,5,5,30,13,51,0,1,1
22,IT,3,7.83,89.84,240,78,5,0,7,1,80,16,65,0,0,1
21,EEE,2,7.46,73.66,209,38,4,0,2,1,20,20,54,0,1,1
20,CSE,3,5.94,74.4,186,27,6,0,5,5,46,27,56,1,1,1
20,EEE,1,9.24,76.82,256,66,6,2,6,6,28,34,62,0,1,1
20,Mechanical,1,8.91,73.94,214,35,3,4,2,2,36,22,62,1,1,1
21,CSE,2,8.12,81.07,221,68,4,1,3,3,73,26,38,0,1,1
21,Mechanical,3,7.04,65.74,76,25,3,0,4,4,10,19,42,1,0,1
21,Civil,3,7.73,71.68,100,47,3,1,3,2,20,26,63,0,1,1
21,Chemical,1,6.28,69.26,167,34,0,2,1,1,17,18,56,0,1,0
25,CSE,2,6.17,78.62,183,15,3,3,3,3,51,0,77,0,1,1
20,Civil,3,9.4,70.21,129,46,5,0,1,2,27,34,34,0,0,1
21,CSE,2,6.45,78.05,194,21,6,2,2,2,50,20,42,0,1,1
21,IT,2,7.24,78.58,211,32,2,3,3,3,52,27,57,0,1,1
22,ECE,2,7.62,78.49,175,55,2,2,4,2,16,38,67,0,1,1
22,AIML,3,7.64,79.34,258,17,4,3,5,3,79,16,64,0,1,1
22,IT,3,7.35,65.6,276,13,2,1,4,2,65,14,44,0,0,1
20,Civil,3,7.04,62.68,60,36,1,0,5,1,17,17,55,0,0,1
21,CSE,1,7.66,61.8,296,24,4,1,2,0,81,24,65,0,1,1
22,ECE,2,8.47,74.34,105,56,6,1,5,4,20,32,63,1,1,1
21,Civil,2,8.04,77.85,139,43,3,4,4,1,33,17,41,0,1,1
25,AIML,2,8.08,68.91,304,55,6,1,5,1,85,22,35,0,1,0
21,Chemical,2,5.85,72.7,138,7,3,2,3,2,23,20,56,1,1,1
21,Chemical,2,7.95,74.21,219,45,5,1,2,4,35,14,54,0,1,1
21,AIML,2,7.61,74.29,179,75,6,2,5,3,39,6,55,0,1,1
21,ECE,2,6.96,76.49,144,46,1,2,3,2,18,26,52,0,1,1
23,CSE,2,9.07,79.0,214,58,4,1,5,3,66,35,48,1,1,1
20,Chemical,3,6.1,61.15,70,45,2,1,3,2,25,24,51,1,0,1
21,CSE,2,7.47,84.75,320,33,3,2,7,1,86,22,44,1,1,1
21,ECE,2,8.5,80.94,185,40,6,1,3,0,32,16,53,0,1,1
23,Mechanical,2,7.63,66.54,180,25,2,1,5,3,24,21,30,0,0,1
21,EEE,2,5.83,67.08,108,33,2,0,4,4,16,15,77,0,0,1
24,EEE,3,8.57,78.55,102,80,4,1,4,3,26,12,41,0,1,1
23,CSE,2,6.05,60.93,219,40,3,0,4,1,71,2,63,0,1,1
20,Mechanical,2,6.48,76.13,174,14,4,0,1,0,29,9,56,0,0,1
23,Mechanical,2,8.32,68.72,132,36,1,1,4,2,22,31,58,0,1,1
24,ECE,3,6.53,82.72,168,43,3,1,5,1,31,17,38,0,1,1
20,Mechanical,2,7.28,79.78,77,42,3,0,3,2,16,18,28,0,0,0
21,CSE,2,6.67,66.52,169,33,0,1,1,1,61,19,57,0,1,1
20,CSE,3,7.41,66.18,166,30,4,1,3,1,38,26,53,1,1,1
22,CSE,3,8.37,77.7,205,30,6,0,2,4,65,23,54,1,0,1
19,IT,3,6.01,59.37,213,13,4,1,3,4,58,22,50,0,1,1
22,AIML,2,7.71,73.38,176,61,4,0,5,2,38,25,48,0,1,1
21,CSE,3,5.89,68.62,213,34,4,1,7,0,57,11,62,0,1,1
21,IT,2,9.28,82.27,297,64,7,2,2,2,86,30,69,0,1,1
18,EEE,2,6.72,78.29,77,38,2,1,5,4,23,5,48,0,1,1
22,ECE,1,8.23,82.19,177,47,6,4,0,2,18,25,61,0,1,1
21,Civil,2,7.75,81.48,101,39,3,3,2,5,20,17,37,0,1,1
22,IT,2,7.61,76.94,180,36,5,2,3,4,40,20,47,1,1,1
20,IT,1,7.38,74.65,252,23,3,1,5,4,78,9,61,1,1,1
20,CSE,3,6.19,65.11,128,23,3,1,1,3,35,0,43,0,0,1
21,Mechanical,2,8.75,64.14,162,26,1,0,5,2,26,18,48,0,0,1
24,EEE,2,6.7,72.36,86,20,6,2,2,1,21,22,65,0,1,1
20,CSE,2,7.4,65.1,198,40,7,3,7,3,63,9,59,0,1,1
22,CSE,3,7.06,73.33,147,31,2,0,1,3,55,27,58,1,1,1
19,CSE,3,8.19,60.33,212,43,5,2,4,0,62,4,52,0,1,1
22,IT,3,9.28,71.14,247,66,4,1,6,1,59,22,48,0,1,1
20,CSE,2,6.92,66.77,168,46,7,3,6,1,52,16,34,0,1,1
21,Mechanical,3,7.47,95.99,106,43,2,2,5,0,27,18,49,0,0,0
21,IT,2,8.41,71.65,243,29,9,0,3,8,63,19,61,1,1,0
19,Civil,1,8.88,75.3,557,34,8,4,3,2,63,24,71,0,1,1
20,AIML,1,7.62,74.73,287,32,1,1,4,2,84,15,48,0,1,1
21,IT,2,7.4,79.14,291,30,4,0,5,2,73,17,65,1,1,1
21,Chemical,2,8.59,72.35,209,20,2,2,6,0,35,35,61,0,1,1
25,CSE,3,5.78,54.75,200,50,1,0,3,2,54,5,69,0,0,1
21,Civil,3,8.12,65.04,104,47,5,1,5,0,11,34,33,0,1,1
23,CSE,2,6.82,69.41,254,44,4,0,6,2,66,11,59,0,1,1
21,ECE,2,7.63,85.0,105,36,6,1,1,4,23,26,67,0,1,1
19,Civil,2,7.55,67.05,100,44,3,2,3,0,22,26,33,0,0,1
20,CSE,3,6.83,77.23,227,35,4,0,8,6,62,24,58,1,1,1
21,CSE,3,7.61,70.76,270,54,9,0,2,2,73,15,63,0,1,1
20,AIML,2,7.2,71.6,198,48,1,1,5,2,64,28,50,1,1,1
23,AIML,3,8.21,68.13,201,41,3,2,4,4,72,9,46,0,1,1
22,IT,2,6.85,74.52,207,18,5,0,2,4,59,32,68,0,0,1
21,Mechanical,2,6.61,75.12,160,19,4,1,3,2,27,19,74,1,0,1
21,CSE,3,7.44,61.98,220,33,7,1,3,4,55,28,28,0,0,1
21,EEE,3,7.29,67.43,204,40,0,0,2,3,29,4,68,1,1,1
21,Mechanical,3,8.63,76.73,162,31,4,1,3,2,31,27,47,0,1,1
19,Mechanical,2,7.48,77.51,80,36,4,1,5,4,18,10,44,0,0,1
20,Chemical,3,7.35,90.1,89,52,2,1,2,1,20,23,35,0,0,1
20,Civil,2,6.47,66.04,93,45,5,0,2,2,28,14,55,0,0,1
20,CSE,2,7.66,55.69,222,36,3,1,2,2,83,13,90,0,1,1
22,CSE,2,6.53,66.75,174,34,4,2,6,3,60,25,58,0,1,1
18,Mechanical,3,7.19,75.4,80,54,2,2,6,2,19,11,30,1,1,1
20,AIML,1,6.97,75.62,294,55,5,4,4,4,91,7,45,1,1,1
23,AIML,3,7.79,73.43,244,46,6,1,7,1,69,22,36,0,1,1
25,Civil,2,7.41,66.12,119,51,7,0,3,1,17,6,51,0,1,0
21,ECE,3,8.33,79.19,191,57,3,1,3,1,18,21,30,0,0,1
21,IT,1,6.9,72.71,252,33,3,1,3,2,66,15,45,0,1,0
22,ECE,2,7.53,75.75,124,33,2,2,3,1,24,26,35,0,1,1
19,AIML,2,7.61,69.17,199,52,2,0,3,2,48,11,51,0,1,1
21,CSE,2,7.37,79.49,193,57,4,2,3,3,69,22,40,0,1,1
19,Chemical,1,8.67,79.04,182,39,3,1,4,3,22,16,61,0,1,1
21,AIML,1,7.68,73.83,252,32,6,3,3,2,63,15,53,0,1,1
25,ECE,2,6.6,78.39,68,28,2,1,4,2,3,17,50,0,0,1
22,CSE,2,7.83,72.56,230,19,4,0,6,2,65,7,60,0,1,1
25,CSE,2,9.01,85.02,259,27,7,0,7,1,76,31,54,0,1,1
22,CSE,3,6.76,67.58,204,16,0,2,2,2,52,10,51,0,0,1
21,CSE,2,7.43,65.76,202,37,0,1,5,4,65,21,72,1,1,1
22,EEE,3,7.51,73.89,112,33,5,0,0,2,20,25,51,0,0,1
22,CSE,2,8.29,62.12,241,36,2,2,5,3,81,16,51,0,1,1
21,ECE,1,8.38,79.21,197,42,6,2,5,1,28,21,54,1,1,0
20,EEE,3,7.44,81.02,80,57,4,2,0,1,12,22,72,0,0,1
21,IT,3,6.98,89.25,166,40,3,0,5,4,53,11,54,0,0,0
20,CSE,2,7.09,79.84,318,36,4,2,7,2,85,13,46,0,1,1
21,AIML,2,7.9,87.9,271,49,5,3,2,3,75,20,47,0,1,1
20,CSE,3,6.74,73.64,167,25,6,1,3,3,58,15,71,0,0,1
21,AIML,3,6.17,79.51,141,31,6,0,2,0,48,11,53,0,1,1
20,IT,3,7.15,74.2,325,27,4,1,4,2,81,6,52,0,1,1
20,IT,3,6.9,82.02,211,12,3,1,1,0,68,16,47,0,0,1
21,AIML,2,7.17,57.82,184,34,1,0,3,4,66,23,42,0,1,1
20,AIML,3,7.8,67.15,303,41,4,2,3,3,77,22,61,0,1,1
24,EEE,3,7.42,71.15,109,33,1,2,2,2,24,11,42,0,1,0
21,CSE,2,7.3,79.53,235,53,5,2,7,3,77,10,66,1,1,1
21,ECE,3,6.34,75.34,129,34,0,4,1,2,26,15,48,0,0,1
18,Chemical,3,7.0,65.83,100,44,1,0,3,2,25,13,32,0,0,1
23,Mechanical,2,6.12,59.66,58,14,1,0,4,1,9,18,61,0,0,1
22,IT,2,6.84,70.96,171,51,3,1,2,4,56,18,53,0,1,1
21,ECE,3,6.66,68.02,67,41,3,2,1,1,17,14,44,0,1,1
20,Chemical,2,7.51,71.18,158,61,5,2,5,2,36,14,57,1,1,1
22,Mechanical,2,7.55,72.21,197,55,4,1,4,0,34,16,50,0,0,1
24,EEE,3,7.13,71.2,113,13,0,1,8,1,31,29,53,1,0,1
21,ECE,2,6.53,77.66,150,19,2,1,2,3,22,21,43,0,0,1
20,Civil,1,6.28,76.39,138,19,7,4,5,1,12,17,70,1,0,1
19,CSE,2,8.64,74.58,230,49,4,0,6,3,61,9,37,0,1,1
18,EEE,3,6.63,68.5,64,47,2,0,5,3,10,12,43,1,0,1
22,IT,2,7.25,78.78,225,35,6,2,2,3,54,14,48,0,1,1
25,ECE,3,6.94,74.11,165,41,4,0,5,0,33,24,47,0,0,1
25,CSE,3,8.08,82.37,243,31,7,1,3,3,54,23,41,0,1,1
22,Mechanical,1,8.0,79.1,175,34,1,2,4,3,37,11,58,0,1,1
20,CSE,3,6.74,71.35,159,41,1,0,2,3,58,8,53,0,0,1
25,ECE,2,7.94,76.83,143,55,3,1,8,4,20,27,48,0,1,1
20,Chemical,3,6.2,56.58,71,39,3,1,4,1,16,14,51,1,0,1
20,AIML,2,7.41,69.33,178,31,3,0,6,3,60,26,63,0,1,1
22,IT,1,5.2,76.94,205,16,3,1,5,4,56,2,67,0,1,1
19,IT,1,8.02,82.94,329,34,3,2,3,0,80,15,87,0,1,1
23,ECE,1,7.39,71.87,152,41,3,1,3,1,22,29,58,1,1,1
25,AIML,2,7.31,65.61,205,60,4,1,7,4,62,14,68,1,1,1
22,Mechanical,3,8.38,81.41,174,43,5,2,5,1,35,23,35,1,0,1
22,EEE,2,6.86,58.41,108,37,2,0,1,1,15,14,55,1,1,1
21,CSE,2,6.9,75.43,170,50,4,0,5,0,48,20,41,0,1,0
19,ECE,2,6.23,70.3,102,40,2,2,3,2,24,19,38,1,0,1
22,IT,3,7.39,71.74,154,48,1,1,1,3,43,11,65,0,0,1
21,IT,3,7.29,80.73,153,39,4,4,4,3,56,23,45,0,0,0
23,Chemical,2,8.12,82.31,183,49,4,1,3,2,26,19,58,0,1,1
19,IT,3,7.32,78.82,215,41,7,0,4,7,63,3,38,0,1,1
20,CSE,2,7.78,85.81,198,22,1,0,4,2,60,27,55,0,0,1
21,IT,3,7.79,71.06,219,29,5,2,2,3,66,18,50,1,1,1
22,EEE,3,7.66,70.76,141,35,4,1,2,0,18,24,62,0,1,1
22,ECE,2,7.39,74.11,105,30,2,0,6,0,16,16,50,0,0,1
24,CSE,2,7.96,88.09,306,34,5,0,5,5,87,10,56,0,1,0
20,CSE,2,8.05,64.24,236,70,3,5,1,1,78,6,21,0,1,1
21,Mechanical,2,8.35,73.02,105,49,1,0,2,0,28,19,40,0,1,1
18,CSE,2,9.44,75.87,261,67,4,1,4,4,67,18,61,0,1,1
20,AIML,3,6.5,74.27,155,5,5,0,6,1,45,10,48,1,0,1
21,Chemical,3,7.79,66.92,120,64,0,0,15,4,32,39,37,1,0,1
21,EEE,2,7.49,74.43,162,26,3,3,3,2,25,24,34,0,1,1
21,AIML,2,7.67,86.53,187,62,7,0,4,2,66,5,54,0,0,1
21,CSE,2,8.14,67.41,245,36,6,4,2,3,60,21,47,1,0,1
22,IT,2,7.69,68.57,313,26,4,3,2,4,75,14,50,0,1,1
23,EEE,3,6.44,71.51,81,41,5,0,5,4,12,3,44,0,1,1
20,CSE,3,6.91,78.52,156,19,3,0,2,2,48,25,51,0,1,1
20,Mechanical,2,7.99,76.88,159,40,1,1,3,2,29,23,40,0,0,1
22,CSE,3,6.69,78.12,138,15,1,0,7,4,48,14,49,1,1,1
22,CSE,3,6.41,77.13,141,65,6,1,2,4,45,22,40,0,0,1
23,EEE,2,7.24,65.24,95,26,2,0,5,2,15,16,44,0,1,1
20,Mechanical,3,6.12,68.6,63,40,2,0,2,4,8,5,34,1,0,1
21,Mechanical,1,7.1,58.69,181,41,1,4,2,2,33,18,50,0,1,1
23,AIML,3,9.0,82.49,285,57,6,2,4,1,70,27,35,0,1,1
21,IT,2,7.04,87.42,227,32,6,1,2,2,70,12,52,0,1,1
21,CSE,3,7.68,70.43,234,46,4,0,4,1,75,17,47,0,0,1
25,CSE,2,6.8,69.55,246,63,3,0,5,4,50,17,47,0,0,1
19,IT,3,7.88,70.31,187,41,4,0,4,5,53,29,50,0,1,1
22,ECE,2,7.28,83.72,164,31,3,0,3,3,27,18,42,0,1,0
23,Civil,2,8.17,80.65,117,33,4,2,4,1,28,6,47,0,0,1
20,Chemical,2,7.23,71.04,108,41,4,1,9,0,20,20,53,0,0,1
22,EEE,2,7.1,63.12,120,32,1,1,3,1,16,25,44,1,0,0
21,Mechanical,2,7.37,71.63,123,32,5,0,2,1,24,33,63,0,0,1
23,CSE,3,7.35,66.09,242,39,4,1,8,1,54,20,43,0,1,1
23,Mechanical,2,7.69,73.89,233,31,2,0,1,2,28,18,36,0,1,1
23,AIML,2,6.91,73.12,208,36,2,2,4,1,57,22,72,0,1,1
19,IT,2,6.74,65.53,352,24,3,0,1,4,84,22,49,0,0,1
22,CSE,3,6.15,66.94,180,46,1,0,2,1,59,13,35,1,0,1
24,ECE,2,7.0,79.29,132,20,1,0,5,0,16,11,43,0,0,1
22,EEE,2,6.06,64.97,119,23,3,0,4,3,22,4,63,0,1,1
21,AIML,2,6.41,81.6,228,57,3,1,6,3,73,6,67,0,0,1
19,Mechanical,2,7.29,76.99,184,31,1,1,2,1,31,19,63,0,0,1
23,Chemical,2,8.0,78.03,136,35,1,0,3,3,28,25,64,0,1,1
19,EEE,2,7.21,76.42,133,35,5,2,3,4,25,29,57,1,1,1
20,AIML,2,9.19,63.84,226,60,2,1,4,6,71,13,48,0,1,1
24,Mechanical,2,7.76,81.4,134,21,3,0,0,4,25,17,48,0,1,1
24,AIML,2,7.67,82.76,191,46,4,0,2,1,55,28,49,0,1,1
25,CSE,2,6.54,74.76,176,14,5,2,2,6,51,13,52,0,1,1
21,AIML,3,7.84,65.39,252,63,4,1,7,5,76,31,48,0,1,1
20,ECE,3,7.84,78.29,183,36,6,1,1,1,29,17,41,0,0,1
21,AIML,3,6.54,63.71,150,0,0,3,7,3,60,1,51,0,0,1
19,IT,2,7.53,79.1,184,61,3,0,8,3,46,13,40,1,1,1
23,IT,3,8.65,81.97,278,60,3,0,4,1,72,15,30,0,1,1
21,Mechanical,2,7.72,72.15,174,32,3,1,4,0,28,27,62,0,0,1
21,Civil,3,8.07,77.6,111,29,3,0,3,0,21,35,57,0,0,1
19,Civil,3,7.06,74.75,64,23,6,1,2,1,14,14,59,0,0,1
21,CSE,3,5.86,77.72,280,17,2,2,0,1,65,22,43,0,1,1
23,Mechanical,3,7.76,78.26,167,47,2,1,6,1,25,31,51,0,0,1
22,EEE,2,7.37,66.81,258,49,2,2,2,1,26,24,47,1,1,1
19,AIML,1,7.96,63.16,349,13,3,3,3,4,84,26,56,0,1,1
20,IT,2,7.54,83.81,301,37,2,1,5,2,82,15,44,1,1,1
21,IT,2,6.83,62.69,212,39,0,1,3,2,61,21,41,0,1,1
19,ECE,3,7.4,65.63,121,23,2,1,4,2,30,17,47,0,0,1
24,Civil,1,7.21,69.89,224,49,3,2,2,0,37,25,33,1,1,0
22,IT,1,6.87,68.94,292,8,5,2,4,3,82,4,66,0,1,1
19,CSE,3,8.02,64.66,183,35,4,2,1,5,39,16,56,0,1,1
22,Mechanical,3,6.63,71.69,54,45,1,3,1,0,19,10,51,0,0,1
21,Mechanical,2,7.37,64.9,201,36,4,0,3,0,35,15,48,0,0,1
20,EEE,3,6.59,73.88,74,21,4,1,4,2,11,9,60,0,0,1
21,ECE,2,8.73,81.39,191,52,6,2,3,0,21,33,71,0,1,1
18,Mechanical,3,7.77,82.58,148,26,4,1,6,2,24,20,43,1,0,1
21,CSE,3,6.5,74.03,239,45,5,0,5,2,69,26,54,0,0,1
23,EEE,3,7.35,78.09,98,22,0,0,2,1,18,8,55,0,0,1
24,Chemical,3,7.37,63.25,134,54,4,2,4,0,23,29,39,0,0,1
20,Mechanical,1,7.84,69.33,272,55,7,2,1,4,48,27,72,0,1,1
22,AIML,1,7.22,72.05,271,65,2,2,7,3,75,7,38,0,1,1
20,Civil,3,6.78,77.7,57,29,3,0,2,2,13,16,46,0,1,1
21,AIML,3,8.61,77.2,218,49,5,2,4,3,58,8,48,1,1,1
20,ECE,2,6.74,69.65,99,19,1,0,3,2,13,9,50,0,0,1
21,EEE,2,6.61,75.26,80,53,5,2,5,1,20,17,60,1,1,0
20,CSE,2,5.95,55.62,159,28,9,0,5,4,55,0,50,0,1,1
24,CSE,2,7.28,66.15,230,57,3,1,3,2,74,29,36,0,1,0
23,ECE,1,6.65,72.54,242,49,2,2,3,2,36,14,66,0,1,1
20,CSE,1,9.62,81.02,402,50,11,1,8,3,100,15,58,0,1,1
22,IT,3,6.19,73.12,168,32,2,0,2,2,63,14,70,0,0,1
19,Mechanical,2,6.85,73.76,77,35,1,2,0,3,20,19,70,0,0,1
22,EEE,3,9.2,82.21,150,50,3,2,7,0,22,17,46,0,1,1
20,Civil,2,8.42,72.87,156,45,2,1,3,4,30,7,54,0,1,1
20,Chemical,3,5.8,77.89,47,16,0,0,1,1,9,14,43,1,0,1
22,Chemical,2,7.51,66.63,153,42,3,1,5,2,14,16,49,0,1,1
21,IT,2,7.7,72.97,277,46,3,2,4,6,73,0,46,0,1,1
21,CSE,2,6.66,71.54,238,15,3,0,3,3,70,10,77,0,1,1
21,EEE,2,8.02,80.13,116,63,4,3,3,3,26,12,58,0,1,1
19,Civil,3,6.14,63.12,79,4,0,2,3,0,23,15,57,0,0,1
19,Mechanical,2,6.04,68.76,82,36,2,0,1,1,25,3,47,0,1,1
21,Mechanical,3,8.15,83.38,114,36,2,1,3,3,26,19,30,0,1,0
22,Mechanical,2,7.98,75.5,249,29,7,0,3,2,35,22,46,0,1,1
19,IT,1,9.31,80.94,281,46,5,3,8,1,69,23,53,0,1,1
21,ECE,2,7.4,71.01,83,30,4,1,2,1,13,19,44,0,1,1
21,CSE,3,8.67,77.75,229,61,2,3,4,3,63,11,53,0,1,1
22,Mechanical,2,7.02,72.25,140,11,4,1,1,2,29,24,56,0,0,1
23,IT,2,8.47,79.97,208,33,5,2,4,2,52,25,35,1,1,1
21,AIML,2,9.08,70.42,233,50,8,1,6,2,88,21,66,1,1,1
21,AIML,3,6.56,70.04,186,19,5,1,6,3,56,28,43,1,1,1
21,ECE,3,5.82,69.6,30,27,2,0,2,2,13,25,50,0,0,1
20,ECE,1,9.9,80.18,1085,91,11,4,3,1,80,14,60,1,1,1
19,Civil,2,7.66,79.19,213,26,7,1,2,5,27,17,55,1,1,1
18,Civil,3,7.21,82.83,62,23,3,3,4,1,18,0,56,0,0,1
23,IT,2,8.31,76.77,239,26,8,2,0,2,56,21,55,1,1,0
20,IT,2,6.54,61.8,211,18,4,0,2,6,80,4,61,0,0,1
22,AIML,3,7.24,72.64,182,47,0,1,5,2,67,5,56,0,0,1
21,IT,2,6.84,60.53,275,32,6,2,9,3,72,22,56,0,1,1
21,Mechanical,2,8.88,67.02,384,37,4,2,0,2,53,21,45,0,1,1
23,EEE,1,8.4,72.43,214,25,1,0,2,2,28,24,62,1,1,1
22,CSE,2,6.89,73.68,241,27,5,1,5,3,66,33,61,0,0,1
18,EEE,3,7.38,66.11,102,32,3,1,4,1,26,18,38,0,1,1
22,Civil,3,7.2,82.34,147,12,2,1,2,4,30,16,43,0,0,1
21,CSE,3,6.22,71.46,158,35,2,0,3,2,47,17,43,0,1,1
20,Civil,2,8.84,86.98,206,35,2,1,4,0,38,31,61,0,1,1
22,AIML,3,6.98,84.51,173,25,7,3,5,3,50,37,60,0,1,1
22,IT,3,9.97,88.8,285,52,3,1,4,5,79,34,47,0,1,1
20,IT,2,7.52,70.71,211,46,1,2,6,0,69,25,22,0,1,1
25,CSE,2,8.56,70.02,275,23,5,0,4,3,78,23,46,0,1,1
22,CSE,3,7.37,66.96,209,27,6,2,10,2,54,25,36,0,1,1
21,AIML,3,7.61,75.31,171,30,0,1,3,3,52,6,48,0,0,1
19,CSE,3,6.99,69.28,310,15,2,0,11,2,77,9,56,0,0,1
20,EEE,3,5.82,61.36,47,40,3,0,4,0,26,10,55,1,0,1
21,CSE,2,8.92,82.68,325,56,5,1,3,0,89,16,72,0,1,1
22,CSE,2,6.98,75.89,207,30,6,0,3,3,46,20,58,1,0,0
21,ECE,2,8.74,71.52,160,42,3,3,5,5,17,24,50,1,1,1
22,EEE,2,9.28,75.77,127,68,7,1,2,3,19,26,38,0,1,1
20,EEE,1,7.19,62.68,321,24,4,2,2,2,37,15,55,1,1,1
22,ECE,2,6.78,72.28,106,20,2,0,0,0,19,11,51,0,0,1
22,Civil,2,7.0,69.21,88,43,1,0,3,1,18,16,58,0,0,1
22,CSE,3,5.73,75.18,127,15,3,2,4,2,41,0,64,0,0,1
22,Mechanical,2,7.79,74.79,193,42,2,2,2,0,27,8,44,0,0,1
23,IT,3,8.45,71.64,311,34,6,1,2,3,79,20,48,0,1,1
19,Civil,1,6.94,72.27,153,29,5,1,4,3,25,13,55,0,1,1
22,AIML,3,7.75,72.63,201,38,2,1,5,7,57,7,51,1,1,1
24,Chemical,3,7.16,67.46,54,15,2,1,3,2,18,7,59,0,0,1
21,Civil,3,7.16,71.74,121,56,1,0,0,1,20,18,51,0,0,1
20,CSE,2,7.48,64.51,199,43,7,1,6,3,47,19,45,0,1,1
25,ECE,1,8.03,76.53,210,35,4,3,2,0,30,19,45,1,1,1
20,AIML,1,7.21,74.43,377,22,4,3,6,2,87,18,63,0,1,1
20,CSE,3,7.36,80.82,227,12,6,0,4,1,38,14,55,0,0,1
20,IT,1,7.24,74.11,266,49,2,3,2,1,75,10,67,0,1,1
21,ECE,1,7.86,68.0,260,41,5,2,0,6,32,31,80,0,1,1
21,IT,2,6.72,50.0,200,4,3,1,3,2,65,20,57,0,1,1
21,IT,2,8.27,68.55,215,49,2,2,6,1,67,19,36,0,1,1
24,IT,3,7.05,74.64,258,39,8,1,7,1,63,22,62,0,0,1
21,CSE,2,6.44,78.97,227,57,4,3,5,1,64,12,54,0,1,1
21,AIML,3,7.17,73.44,232,70,3,2,2,2,55,12,42,0,1,1
23,ECE,2,7.44,67.88,156,43,2,1,3,4,25,13,38,1,1,1
22,CSE,3,6.93,73.72,166,57,1,0,3,6,60,35,29,0,0,1
20,Civil,3,5.98,52.08,122,37,2,0,5,2,25,15,38,0,0,1
18,Mechanical,2,7.39,73.79,80,41,2,1,2,0,20,25,59,0,0,1
22,Chemical,2,7.64,78.52,219,28,4,2,2,2,37,18,60,1,1,1
23,IT,1,8.11,70.33,245,52,3,3,2,4,55,27,57,0,1,1
21,CSE,3,8.21,83.05,257,46,4,0,4,3,77,15,44,1,1,1
20,CSE,2,7.92,85.18,311,41,5,1,5,2,83,6,44,0,1,1
22,IT,2,7.78,78.81,250,49,4,1,5,4,79,19,57,0,1,1
22,Chemical,2,7.98,78.14,154,38,5,0,4,2,30,24,47,0,1,1
21,EEE,3,6.87,50.0,209,17,3,1,2,2,43,22,38,0,1,1
23,Chemical,3,8.14,78.16,79,31,5,3,2,2,17,9,65,0,0,1
22,Civil,2,7.43,80.54,153,36,1,0,1,0,27,0,44,0,1,0
22,IT,2,7.34,72.61,235,37,3,0,5,4,63,21,52,0,1,0
22,ECE,3,6.29,75.83,119,38,3,1,6,2,15,13,53,0,1,1
22,AIML,3,7.73,75.69,176,38,2,0,3,5,67,22,41,0,1,1
21,Mechanical,3,7.64,74.74,89,49,1,3,1,2,20,27,51,0,0,1
21,ECE,3,7.98,78.92,135,50,4,1,7,2,26,15,60,1,1,1
22,CSE,3,6.17,68.43,178,43,8,3,1,3,49,8,39,0,1,1
21,Civil,3,7.96,70.12,126,14,3,2,0,0,27,13,36,0,0,1
21,Mechanical,2,7.35,71.74,121,44,5,1,6,0,21,30,58,0,0,1
19,Chemical,3,6.59,68.61,82,53,4,1,2,3,25,14,49,0,1,1
22,AIML,3,6.96,74.92,152,41,7,0,4,4,56,20,55,0,1,1
22,Mechanical,2,6.81,65.52,91,29,0,2,4,2,18,25,67,0,1,1
20,EEE,2,7.78,83.02,119,53,3,3,1,1,19,32,61,0,0,1
21,CSE,2,7.13,75.08,192,57,5,1,4,0,58,1,44,1,1,1
20,AIML,3,7.28,81.68,165,49,2,1,2,4,44,11,42,0,1,1
24,CSE,2,7.1,70.96,211,8,2,1,3,4,61,9,47,1,1,1
23,CSE,2,7.39,64.38,288,49,3,0,6,2,84,28,63,0,1,1
21,EEE,2,6.53,62.29,92,38,3,0,3,0,22,22,57,0,0,1
21,Civil,3,5.64,63.51,66,20,0,1,3,3,16,2,52,0,0,1
22,Chemical,2,9.76,73.82,241,72,2,2,4,0,32,24,55,0,1,1
21,AIML,2,7.53,63.12,241,22,9,0,2,0,76,32,47,0,1,1
25,Mechanical,2,10.0,83.31,224,62,7,3,4,1,35,17,59,0,1,1
19,CSE,1,7.69,76.96,326,49,2,0,2,4,89,30,50,1,1,1
19,AIML,1,7.72,73.14,299,37,4,1,8,2,75,18,55,0,1,1
21,Civil,2,7.25,83.02,101,44,3,2,2,2,26,30,43,0,1,1
20,Chemical,3,7.83,74.85,90,67,2,0,3,2,14,17,48,1,0,0
21,Chemical,3,7.43,71.47,155,39,4,0,0,2,29,0,47,0,0,1
22,ECE,1,6.6,69.05,137,33,2,0,1,0,16,28,85,0,1,1
20,Mechanical,3,6.45,75.88,58,31,1,1,5,2,12,15,63,0,0,1
21,IT,3,6.31,60.65,188,19,5,0,5,1,68,16,32,0,1,1
22,Mechanical,2,7.59,61.44,103,42,4,1,3,3,17,19,49,0,0,1
23,CSE,2,7.62,75.88,247,25,4,2,1,4,69,26,34,0,1,1
21,CSE,3,7.43,75.27,214,36,5,1,0,1,54,20,48,0,1,1
20,Chemical,2,6.88,76.16,189,44,2,0,3,2,36,9,61,0,0,1
21,IT,2,6.46,70.49,179,34,4,0,5,2,60,23,54,0,1,0
21,Civil,2,8.46,89.38,224,27,4,2,5,2,33,19,51,0,1,1
22,CSE,3,7.51,79.8,178,37,6,2,6,1,47,8,70,1,1,1
21,Civil,1,8.23,60.23,252,53,5,2,7,0,41,24,65,1,1,1
20,Chemical,2,8.3,66.96,215,36,2,1,3,3,30,28,64,0,1,1
22,CSE,2,5.75,55.31,304,37,3,1,4,4,87,1,60,0,1,1
21,IT,2,7.54,74.67,231,31,3,1,4,1,64,28,47,1,1,1
20,Mechanical,3,8.29,77.85,125,63,4,3,6,1,26,18,51,0,1,1
21,CSE,3,6.29,82.08,281,32,1,0,4,2,55,7,49,0,1,1
24,IT,3,6.37,65.22,130,45,8,0,6,5,44,10,50,1,0,1
22,AIML,2,6.51,64.53,166,41,6,0,5,2,57,12,52,1,1,1
20,CSE,2,6.18,71.56,184,55,6,1,2,2,67,26,58,0,1,1
22,CSE,1,8.22,69.1,309,58,4,2,9,5,81,26,60,0,1,1
20,AIML,3,7.49,72.19,177,44,6,2,2,5,50,22,63,0,1,1
21,CSE,3,6.27,76.52,208,30,1,1,2,2,54,3,43,0,1,1
21,Chemical,3,5.77,73.9,156,15,1,0,4,1,15,20,48,0,0,1
20,CSE,3,6.6,78.56,172,18,2,5,4,4,49,21,25,0,1,1
20,CSE,1,8.64,68.5,265,36,8,4,6,0,78,22,61,0,1,1
24,Mechanical,2,6.47,74.61,129,16,2,0,2,1,28,16,43,1,0,1
20,Mechanical,3,5.83,68.71,167,22,3,1,2,0,30,12,57,1,0,1
22,ECE,2,7.33,90.02,99,30,2,0,1,1,23,13,47,0,0,1
22,IT,2,6.4,75.53,175,43,6,0,5,3,54,20,49,0,1,1
21,IT,3,8.71,77.94,213,58,5,1,4,4,74,29,60,0,1,1
20,Chemical,2,7.55,81.35,159,24,3,2,1,3,22,33,42,1,0,0
20,Civil,2,7.09,76.77,123,15,3,0,1,2,29,10,53,1,0,1
20,AIML,2,7.11,78.07,244,29,6,1,4,3,70,9,51,1,1,1
21,ECE,1,7.16,76.49,194,42,4,1,3,4,37,7,46,0,1,1
25,Mechanical,2,6.99,69.74,81,11,5,2,1,0,17,28,41,0,0,1
23,Civil,3,9.31,77.12,146,79,3,2,5,1,25,21,34,1,0,1
18,CSE,2,8.23,81.25,333,49,7,1,8,5,75,24,54,0,1,1
20,Chemical,2,7.22,68.78,124,35,2,0,1,2,20,13,44,1,0,1
20,Mechanical,2,7.59,75.56,100,25,4,0,3,1,18,25,55,0,0,1
25,ECE,3,6.62,74.77,74,45,0,1,4,1,17,16,46,1,0,1
20,ECE,3,8.11,72.01,112,36,2,3,6,0,15,30,61,0,1,1
20,ECE,3,4.39,67.23,29,0,5,0,2,0,5,4,54,0,0,1
22,Mechanical,2,6.89,72.31,70,30,3,0,3,1,18,24,44,1,0,1
21,ECE,3,6.31,67.59,113,39,5,1,4,1,20,7,60,0,0,1
20,Mechanical,2,8.12,81.46,120,48,0,0,1,2,18,16,40,1,0,1
22,Civil,2,7.34,64.75,109,55,3,2,4,0,34,22,50,1,0,1
19,Mechanical,2,5.85,59.95,187,23,1,0,3,1,28,6,54,0,0,1
18,CSE,1,7.48,74.34,292,32,2,2,8,2,75,17,75,1,1,1
19,ECE,2,7.31,65.61,120,36,3,3,2,6,21,14,50,0,0,0
21,AIML,2,8.57,86.53,248,38,4,0,1,1,71,31,61,1,0,1
25,CSE,2,7.55,71.91,180,45,4,0,1,4,43,19,51,0,1,1
21,EEE,2,7.27,63.58,179,28,1,0,6,2,24,15,67,0,0,1
22,ECE,3,7.2,72.01,134,27,1,0,1,0,24,15,56,0,1,1
20,CSE,3,5.21,79.2,108,27,5,0,3,2,55,15,31,0,0,1
22,EEE,3,6.46,64.55,41,38,1,0,2,1,16,7,55,0,0,1
24,CSE,3,5.47,63.25,198,14,4,0,3,4,41,8,58,0,0,1
21,Chemical,1,9.27,83.61,196,49,4,1,2,1,31,18,60,0,1,1
25,Mechanical,3,6.74,81.47,156,50,4,1,5,4,30,20,23,1,0,1
22,CSE,2,7.85,68.21,210,73,4,1,3,1,68,26,53,0,1,1
22,Civil,3,6.28,64.85,77,46,2,0,1,2,20,10,43,0,0,1
20,CSE,2,6.96,61.5,214,34,2,1,6,7,67,18,53,0,1,1
22,CSE,2,7.01,72.36,267,33,5,2,3,0,60,9,68,0,1,1
21,IT,3,7.59,76.06,221,50,1,0,3,4,65,28,48,0,0,1
24,CSE,3,7.01,78.87,283,42,4,0,5,2,63,12,52,0,1,1
23,Mechanical,1,6.98,75.38,221,36,6,2,3,1,33,1,56,1,1,1
21,Chemical,3,5.39,68.02,93,6,0,1,3,1,22,8,32,0,0,0
24,Mechanical,2,9.18,81.24,250,54,5,0,3,2,31,10,55,1,1,1
23,IT,2,6.84,76.11,219,39,5,1,4,2,50,7,50,1,1,1
21,AIML,1,7.2,64.81,270,32,5,3,7,1,67,19,49,1,1,1
19,IT,3,6.64,73.07,197,44,10,1,3,5,50,4,31,0,0,1
20,CSE,2,8.48,65.53,268,56,3,5,2,5,65,19,60,0,1,1
19,Civil,3,6.57,79.05,97,19,2,0,4,3,18,7,45,1,0,0
19,AIML,3,6.72,84.17,219,42,6,4,6,1,69,16,43,1,1,1
25,AIML,3,7.31,69.35,175,55,4,0,4,6,54,17,59,0,1,0
20,Mechanical,2,8.32,78.87,229,51,4,1,2,2,31,23,56,1,1,1
22,EEE,3,7.12,78.5,298,47,6,2,3,4,44,12,69,0,1,1
22,Chemical,2,7.33,84.39,106,30,5,1,0,1,17,13,69,0,1,1
22,Chemical,2,7.19,72.12,116,33,3,1,6,0,29,14,56,0,1,1
20,IT,2,6.89,67.15,191,40,2,1,6,1,51,21,35,1,1,1
21,Chemical,2,8.86,81.68,117,52,5,3,5,3,33,26,48,0,0,1
22,Chemical,2,6.6,80.39,168,20,2,0,4,3,37,22,57,0,1,1
21,Civil,3,7.48,74.51,150,43,2,1,3,2,22,22,34,1,0,1
20,Chemical,2,6.81,81.29,73,39,5,3,3,2,24,22,53,0,1,1
22,EEE,3,7.64,81.58,127,27,3,1,5,2,22,25,51,0,0,1
19,CSE,2,7.24,78.36,213,46,5,1,6,2,49,5,51,0,1,1
21,Civil,3,7.35,73.34,121,29,4,0,0,5,24,31,34,1,0,1
21,IT,3,7.21,71.41,206,41,1,0,9,3,64,24,47,0,1,1
20,Chemical,3,6.2,81.9,101,22,4,0,1,2,17,24,35,1,0,1
22,ECE,2,7.23,67.08,137,34,3,0,2,3,30,16,53,0,1,1
20,ECE,3,5.59,71.53,65,25,2,1,4,3,14,5,36,0,0,1
24,Civil,2,7.47,77.07,134,40,5,3,3,3,33,14,48,0,1,1
23,IT,2,6.85,74.39,207,13,0,2,9,1,75,13,59,1,0,1
21,CSE,2,7.09,65.14,310,44,3,1,3,4,70,20,39,0,1,0
20,Mechanical,1,7.56,74.75,154,53,3,0,3,3,35,21,76,1,1,1
20,AIML,3,7.26,69.53,207,19,4,1,1,3,59,18,29,0,0,1
23,Civil,2,5.32,73.57,38,44,3,0,5,1,18,0,37,0,1,1
22,Civil,2,6.97,74.09,179,58,2,1,3,1,37,13,48,0,0,1
19,IT,2,7.51,84.43,246,7,4,2,2,2,77,10,44,0,1,1
21,Mechanical,2,8.62,87.68,164,27,3,4,3,4,30,19,62,1,1,1
19,CSE,3,9.34,77.12,314,72,8,0,8,4,86,9,37,1,1,1
21,Mechanical,2,8.98,88.81,138,41,4,0,5,4,18,35,53,0,1,1
21,ECE,3,6.51,66.56,72,20,2,0,4,0,27,6,53,0,0,1
19,AIML,1,8.01,84.99,280,50,2,2,0,3,77,23,65,1,1,1
22,Civil,2,8.25,68.21,157,31,5,1,1,4,31,29,69,0,1,1
20,IT,2,7.87,85.63,227,45,4,3,3,2,66,20,52,0,1,1
21,Civil,2,7.28,68.37,155,60,1,0,1,3,17,13,42,0,0,1
22,ECE,1,7.82,72.67,198,20,4,1,4,1,28,23,44,1,1,1
24,Chemical,3,7.52,72.87,150,42,3,1,2,1,27,15,38,0,0,0
21,Mechanical,2,6.82,67.68,83,21,5,0,2,2,22,5,26,0,0,1
23,EEE,2,7.58,83.8,224,55,1,2,1,3,36,16,40,0,0,1
21,CSE,2,6.3,58.25,157,34,1,4,6,5,60,36,37,0,0,1
23,Mechanical,1,9.63,84.43,256,60,6,4,9,1,37,15,64,0,1,1
20,ECE,3,6.92,76.36,61,32,6,2,0,2,17,15,31,0,0,1
22,Mechanical,2,7.86,67.84,185,59,5,2,1,2,26,17,68,0,1,1
19,Civil,3,7.45,70.69,112,23,3,0,8,0,21,5,48,0,0,1
25,Mechanical,2,7.51,67.08,80,52,2,1,2,1,9,25,60,0,0,1
24,ECE,3,7.78,72.65,83,63,1,2,3,3,19,33,53,1,0,1
21,Civil,2,8.37,83.14,265,62,3,2,4,2,44,33,48,0,1,1
21,Mechanical,3,7.35,70.87,115,57,1,1,1,2,20,28,43,0,0,1
21,Mechanical,2,8.11,77.96,120,36,3,2,1,2,27,12,41,0,0,1
20,Civil,2,7.83,74.34,130,47,4,1,1,1,22,23,66,0,1,1
22,CSE,2,6.33,84.32,201,60,2,1,5,2,39,3,60,0,1,1
22,ECE,1,7.7,75.56,161,58,4,0,5,1,32,17,57,0,1,1
21,CSE,2,7.24,67.18,176,52,2,1,5,1,54,12,64,0,1,1
20,Mechanical,2,7.95,77.14,113,49,4,2,1,1,21,16,49,0,0,1
23,ECE,2,8.03,80.58,129,24,4,2,5,1,23,18,64,0,1,1
19,Mechanical,3,7.39,69.87,61,12,2,3,2,0,17,29,46,0,0,1
22,CSE,2,7.77,83.89,232,54,3,2,4,3,62,18,59,0,1,1
19,EEE,1,7.82,63.7,204,36,8,2,5,3,29,22,57,1,1,1
20,CSE,3,6.81,68.79,181,47,3,1,3,2,62,19,48,1,1,1
18,IT,2,8.5,77.35,245,43,2,1,3,5,58,20,49,1,1,1
21,ECE,3,7.8,81.82,200,38,7,3,1,2,23,14,54,0,1,1
22,Mechanical,2,9.08,88.94,128,36,1,0,1,0,28,20,64,0,0,1
21,ECE,2,7.3,83.09,114,20,2,2,1,3,17,21,34,1,0,1
22,Mechanical,3,6.82,72.95,61,68,2,0,1,1,24,21,41,0,0,1
22,CSE,2,5.67,76.07,199,26,4,1,2,4,49,13,74,0,1,1
20,EEE,3,9.28,84.35,130,53,7,0,4,3,22,17,48,0,0,0
19,IT,2,7.92,76.26,182,62,4,1,5,3,65,28,48,0,1,1
22,CSE,2,8.14,72.57,324,62,5,2,8,3,79,40,46,0,1,1
22,Civil,2,8.93,80.24,124,43,4,4,3,5,33,25,57,0,1,1
21,Chemical,1,7.86,84.0,179,40,6,2,1,2,21,4,49,1,1,1
20,AIML,2,6.88,72.64,240,31,5,1,4,0,78,7,61,0,1,1
22,CSE,2,8.26,73.76,247,42,5,2,7,2,71,12,55,0,1,1
19,Mechanical,3,7.14,80.96,65,41,5,0,3,0,18,14,45,0,0,1
22,Chemical,2,5.94,65.94,100,34,3,1,1,1,13,27,59,0,0,1
19,IT,2,8.78,82.0,280,61,3,3,3,4,79,19,36,0,1,1
22,Mechanical,2,6.55,73.71,110,26,1,3,6,1,30,10,51,0,0,1
21,CSE,2,6.86,78.29,257,27,8,1,5,3,76,23,64,1,1,1
22,AIML,2,8.15,81.73,246,35,4,0,4,4,90,18,57,0,1,1
19,CSE,3,5.63,72.66,155,43,2,3,7,0,57,29,54,1,0,1
21,EEE,1,7.82,72.75,210,43,4,1,4,0,26,37,61,0,1,1
20,EEE,2,7.7,71.04,219,62,3,0,4,7,30,26,59,1,1,1
22,EEE,2,8.39,79.14,153,49,8,1,4,1,35,32,58,0,1,1
19,CSE,3,7.85,76.79,184,56,1,0,5,2,60,25,47,0,1,1
19,CSE,3,7.95,92.78,235,57,7,1,4,3,69,31,62,0,1,1
22,ECE,2,8.25,78.9,193,43,3,1,1,0,26,42,40,0,1,1
19,ECE,2,8.73,78.6,114,50,1,2,1,2,17,26,59,0,1,1
20,ECE,3,6.94,68.29,145,28,3,1,4,2,27,10,62,1,1,1
23,Mechanical,1,6.89,64.94,179,28,6,1,6,2,32,32,55,0,1,1
22,IT,2,6.68,60.86,225,33,4,0,4,2,71,16,44,0,1,1
23,Civil,2,8.01,68.17,217,49,2,1,1,0,39,22,70,0,1,1
20,Mechanical,2,7.24,71.17,84,34,6,0,2,0,21,13,35,0,1,1
21,IT,1,7.22,79.9,266,38,0,0,3,1,58,24,56,0,1,1
22,Civil,2,8.4,79.84,160,34,6,1,1,3,23,24,40,1,1,0
20,ECE,2,7.97,68.67,127,54,3,2,2,4,26,37,64,1,1,1
22,ECE,3,8.67,73.53,192,35,4,2,3,0,26,17,55,0,0,1
19,Mechanical,3,7.57,73.48,71,57,2,0,3,0,7,19,55,0,0,1
23,Chemical,2,7.95,73.07,192,34,2,3,1,2,37,6,69,0,0,1
22,CSE,3,6.99,66.43,224,44,3,0,1,5,48,20,65,0,0,1
21,CSE,2,5.69,50.99,139,27,2,2,4,3,67,10,58,1,1,1
21,Mechanical,1,7.28,65.89,159,34,5,5,1,2,18,10,64,0,1,1
20,ECE,2,6.87,64.93,130,33,2,3,1,1,21,13,49,0,1,1
20,Civil,2,6.34,78.3,79,41,1,1,7,1,15,29,54,0,0,1
22,IT,2,7.64,84.25,195,29,3,1,11,1,53,14,79,1,1,1
21,Chemical,2,8.28,63.36,190,39,2,3,4,3,28,23,57,0,1,1
21,AIML,2,7.1,78.0,197,66,3,1,2,5,60,19,63,0,1,1
20,Chemical,2,7.83,83.6,91,69,3,0,3,2,27,25,56,0,0,1
22,Mechanical,2,7.01,67.05,83,44,1,1,5,4,31,17,35,0,0,1
21,Chemical,1,7.61,62.99,143,39,7,1,2,3,27,24,46,1,1,1
20,CSE,2,6.98,83.84,171,49,3,2,6,3,46,1,71,0,1,1
24,IT,3,7.6,73.02,170,32,5,2,3,1,52,23,53,0,1,1
21,CSE,2,7.99,84.51,223,65,2,0,3,6,64,27,59,1,1,1
21,Civil,2,8.95,79.25,155,74,6,1,7,2,24,17,46,1,1,1
25,AIML,3,6.86,82.28,224,49,4,0,3,3,70,21,53,0,1,1
21,ECE,2,7.32,76.66,183,39,2,0,1,0,31,29,46,0,1,0
24,CSE,3,8.31,74.06,224,33,3,0,6,3,65,14,37,0,1,1
22,Mechanical,1,7.46,70.5,160,25,2,0,4,1,25,29,49,1,1,1
22,Mechanical,1,8.18,72.11,199,55,2,4,5,2,31,19,45,0,1,1
20,CSE,1,7.32,72.02,288,44,2,1,2,4,65,19,61,0,1,1
19,Mechanical,3,7.68,74.12,96,54,3,1,1,2,22,19,55,0,1,1
21,CSE,1,8.26,79.0,354,51,5,3,3,2,85,20,57,0,1,1
18,Chemical,3,8.46,74.31,181,72,4,0,1,1,31,5,32,1,1,1
19,Civil,1,7.1,85.04,192,46,3,3,3,1,27,16,53,0,1,1
21,AIML,2,7.92,86.65,214,31,4,2,4,3,76,10,75,1,1,1
22,IT,2,7.38,75.63,188,32,5,1,5,1,55,11,54,0,1,0
20,EEE,3,5.96,82.04,66,51,0,0,4,5,19,24,30,0,0,1
22,Mechanical,2,6.97,82.55,143,40,1,0,5,1,34,25,61,1,0,1
24,Chemical,3,6.71,69.46,172,39,2,2,1,3,35,25,47,0,0,1
22,IT,3,7.71,78.07,174,25,2,1,8,3,63,15,70,0,1,1
22,ECE,3,6.61,70.8,156,27,3,1,2,0,23,20,54,0,0,1
22,CSE,3,7.43,83.95,280,66,2,2,5,3,72,21,48,1,1,1
20,IT,3,7.36,67.58,215,49,0,0,8,4,69,6,64,1,0,1
21,Chemical,2,8.05,65.92,158,54,5,3,3,3,39,17,44,0,1,1
24,Chemical,2,7.09,72.65,101,29,9,0,8,2,23,30,55,0,0,1
22,IT,2,6.24,64.09,173,21,4,0,4,2,50,16,49,0,1,1
22,AIML,2,8.29,70.82,299,42,2,0,7,2,67,17,47,0,1,1
24,EEE,3,6.87,70.81,65,41,3,1,2,2,15,13,34,0,0,1
20,ECE,2,8.43,73.97,144,37,4,1,3,2,20,14,67,0,1,1
20,Mechanical,2,7.48,71.99,112,38,5,0,4,0,21,22,40,0,1,1
22,EEE,3,7.41,72.32,109,42,2,1,6,0,29,26,38,1,0,1
18,EEE,2,8.02,77.68,183,21,7,0,4,1,33,8,56,1,1,1
21,IT,2,8.05,71.26,187,52,5,4,3,8,39,14,44,1,1,1
22,EEE,2,7.44,69.96,127,26,5,0,4,3,13,10,31,0,1,0
21,Mechanical,3,6.98,78.55,147,51,1,0,4,2,20,15,35,1,0,1
20,EEE,2,7.46,82.23,95,32,2,2,2,3,14,22,39,0,0,0
22,Mechanical,2,5.97,81.7,152,13,1,2,3,1,22,24,38,0,1,1
20,Civil,1,8.58,77.82,175,29,5,0,0,1,21,19,51,0,1,1
23,AIML,2,6.77,79.65,182,16,3,1,2,2,46,28,54,0,0,1
19,CSE,3,6.91,70.05,183,21,6,0,6,6,60,22,54,1,0,0
23,CSE,2,7.16,76.25,247,31,6,3,4,3,51,40,31,0,1,1
21,Mechanical,3,7.67,75.33,171,53,3,0,4,2,40,18,41,0,0,1
21,IT,2,7.39,85.92,196,6,3,0,3,3,70,18,63,0,1,1
21,ECE,1,8.32,72.33,255,32,2,0,4,2,32,15,58,0,1,1
20,CSE,1,8.19,70.53,344,72,8,1,3,5,84,25,62,1,1,1
21,Chemical,1,7.06,72.97,137,31,4,2,3,0,17,17,51,1,1,1
23,EEE,2,6.81,58.34,131,43,1,1,2,1,30,16,55,0,1,1
22,CSE,3,7.12,73.32,205,44,4,1,5,1,71,13,33,0,0,1
20,IT,2,8.11,58.84,344,34,5,0,2,1,90,27,44,0,1,1
22,IT,3,7.81,68.89,189,36,6,0,2,2,64,0,38,0,1,1
23,Civil,3,7.89,75.23,108,56,1,1,5,6,23,11,57,0,0,1
22,Civil,2,7.28,61.78,92,58,1,1,2,2,24,19,58,0,1,1
21,Mechanical,3,8.2,78.06,133,24,3,2,5,1,28,29,64,1,1,1
19,IT,2,7.8,59.69,300,57,4,2,4,1,70,16,42,0,1,1
24,Chemical,2,7.0,71.89,105,13,2,1,4,2,22,19,50,0,0,1
21,AIML,2,7.28,78.45,262,51,5,0,2,4,59,17,42,1,1,1
21,EEE,2,8.19,84.39,140,59,0,1,4,3,29,21,59,1,1,1
22,ECE,2,8.78,88.8,151,52,0,2,5,1,28,29,47,0,1,1
20,ECE,3,5.88,62.66,32,29,4,2,2,1,20,24,64,0,1,1
23,CSE,1,7.98,72.68,246,63,6,1,2,6,52,24,49,1,1,1
19,AIML,3,5.99,64.31,221,25,2,3,1,4,65,0,45,0,1,1
22,Civil,2,6.86,77.96,151,40,1,1,4,4,24,7,51,1,1,1
24,EEE,2,7.9,76.73,111,34,3,3,3,1,26,8,53,0,1,1
25,Chemical,2,7.6,74.24,91,59,4,2,5,3,28,20,40,0,1,1
24,Mechanical,3,6.66,70.87,95,35,3,0,3,2,14,8,43,1,0,1
23,CSE,3,6.98,76.3,186,46,3,0,2,2,72,23,46,1,0,1
20,CSE,2,8.29,70.54,235,15,3,1,7,3,61,17,59,1,1,1
24,Mechanical,2,7.57,79.76,155,34,5,1,3,1,31,14,43,1,0,0
24,AIML,2,7.5,76.3,194,29,4,1,6,4,56,21,42,0,0,1
21,AIML,3,8.22,83.62,358,33,5,0,6,2,98,31,57,0,1,1
21,IT,2,8.16,73.6,204,54,2,3,5,6,66,12,43,0,1,0
19,Mechanical,2,7.17,73.32,127,25,4,1,1,2,30,12,41,0,0,1
21,EEE,1,8.27,84.14,232,45,5,1,0,2,33,9,41,0,1,1
22,CSE,1,7.53,66.05,240,68,5,5,8,0,78,21,84,1,1,1
21,Civil,2,7.58,82.77,96,39,5,0,3,0,6,12,44,0,0,1
21,Chemical,1,6.29,68.32,116,14,5,2,0,1,25,10,64,1,0,1
21,Mechanical,2,7.02,77.94,75,52,1,0,0,2,17,30,43,0,0,1
18,CSE,2,9.64,80.12,869,92,10,4,6,3,65,13,71,0,1,1
24,Mechanical,1,6.8,70.51,152,34,2,1,4,1,24,28,55,0,0,0
20,ECE,3,7.07,72.86,81,19,2,1,6,1,19,23,58,0,0,1
20,CSE,1,6.38,60.96,245,52,5,0,2,1,48,6,55,0,1,1
18,EEE,3,7.95,62.89,142,58,4,3,3,3,16,24,38,0,1,1
23,Chemical,3,8.53,78.06,139,56,5,2,3,1,31,30,59,0,0,1
23,ECE,3,6.49,79.01,74,53,3,3,1,1,19,0,46,0,0,1
19,CSE,2,6.16,68.45,153,38,3,1,2,1,46,0,55,1,1,1
20,AIML,3,7.81,60.44,170,29,3,1,7,2,51,7,49,0,1,1
21,ECE,2,7.71,71.36,262,28,3,1,2,3,38,18,61,0,1,1
20,Mechanical,1,8.13,72.54,329,43,1,2,8,1,36,21,60,1,1,0
22,CSE,2,8.1,73.43,186,45,3,3,6,1,61,14,49,1,1,1
19,AIML,2,7.62,67.22,224,40,2,5,6,1,69,18,67,0,1,1
21,Chemical,1,8.91,73.44,183,22,7,1,2,2,22,20,64,1,1,0
21,Civil,3,8.61,67.07,104,51,3,1,4,1,26,15,50,0,0,0
21,Civil,2,9.13,93.61,147,31,1,1,2,2,27,22,50,0,1,1
21,CSE,3,9.1,90.84,222,61,4,2,4,2,70,24,49,0,1,1
20,Chemical,2,6.89,65.34,169,20,1,3,3,1,17,13,50,0,0,1
20,IT,1,8.66,78.06,312,60,2,4,7,1,78,27,50,0,1,1
19,ECE,2,7.66,70.34,166,44,3,2,1,1,30,29,65,0,1,1
19,ECE,1,6.13,68.5,114,20,2,0,0,3,28,2,42,0,1,1
25,Chemical,3,7.79,77.72,108,48,4,0,3,2,20,19,67,0,0,1
20,AIML,3,6.74,72.91,218,54,4,0,4,4,82,16,52,1,0,1
20,Chemical,2,7.5,80.87,105,44,3,2,5,2,26,21,66,1,1,1
19,Chemical,3,6.38,66.84,38,20,3,0,2,2,25,12,39,0,0,1
22,Civil,3,8.46,77.16,109,40,1,1,4,1,26,21,53,1,0,1
24,IT,3,6.59,53.78,250,29,3,0,3,2,81,22,48,0,1,1
22,IT,3,6.72,72.63,178,25,4,1,3,3,71,0,50,0,1,1
21,AIML,3,8.32,62.01,211,22,5,1,1,4,49,6,27,0,0,1
22,ECE,2,7.73,65.89,125,66,9,2,3,1,16,19,58,0,1,1
21,AIML,2,9.03,87.78,250,40,3,3,4,3,63,30,72,0,1,1
23,EEE,2,8.25,85.4,275,22,2,1,2,2,37,20,60,0,1,1
22,Civil,3,8.28,69.47,85,28,5,2,2,2,18,24,62,0,1,1
18,Chemical,3,6.46,82.7,90,23,4,1,2,1,24,6,63,0,0,1
21,ECE,3,7.65,79.54,172,0,4,3,3,4,33,19,29,0,0,1
20,ECE,3,8.9,81.85,154,58,4,1,2,1,25,35,79,0,1,1
19,ECE,3,6.43,62.43,102,41,1,2,7,1,21,9,30,0,0,0
23,Civil,3,7.36,86.29,65,42,7,1,3,0,25,18,56,0,0,1
18,CSE,1,7.67,79.64,377,25,2,2,4,0,100,24,58,1,1,1
22,IT,3,7.58,68.71,176,51,6,2,5,5,59,10,38,0,1,0
25,CSE,1,8.4,60.63,285,41,7,2,8,3,84,13,66,1,1,1
21,Mechanical,2,7.62,66.22,126,58,4,1,3,2,12,13,52,1,0,1
21,IT,2,9.22,80.62,302,22,8,4,7,1,89,36,59,1,1,1
21,Chemical,3,5.35,65.62,62,15,2,1,1,2,9,2,47,0,0,1
22,Chemical,3,5.07,76.69,12,11,1,2,4,2,9,14,36,0,0,1
20,Civil,2,7.29,65.84,146,22,5,1,1,1,26,24,40,1,0,1
20,ECE,2,8.58,79.62,178,53,6,4,2,1,20,23,56,0,1,1
21,Chemical,2,7.37,80.91,141,55,4,1,5,1,26,6,49,1,0,1
24,IT,2,7.14,63.64,182,48,2,0,5,0,48,25,52,0,0,1
20,IT,2,5.89,73.11,175,30,3,0,6,0,60,14,51,0,1,1
21,ECE,1,7.49,73.86,292,43,3,0,5,1,39,21,43,1,1,1
25,Mechanical,3,6.9,68.23,50,43,1,0,5,2,11,5,52,0,0,1
20,CSE,1,7.61,58.97,319,29,3,3,5,2,80,22,74,1,1,1
19,ECE,3,7.23,76.32,129,41,2,0,2,3,30,25,40,0,0,1
21,Chemical,2,8.09,71.16,144,42,2,2,2,0,26,31,50,1,1,1
18,CSE,3,6.98,69.67,177,14,4,2,3,3,59,23,68,1,0,1
20,CSE,3,6.63,81.01,182,63,5,0,3,4,54,21,70,0,1,1
22,Chemical,2,7.52,73.83,85,45,3,1,3,1,22,19,47,0,0,1
22,Civil,2,7.48,75.65,137,27,1,2,5,8,29,18,36,0,0,1
21,CSE,2,6.46,84.32,168,28,7,1,3,3,53,9,67,0,0,1
21,ECE,1,8.07,77.0,159,50,4,2,0,6,22,24,50,0,1,1
21,IT,1,6.68,65.78,289,38,4,4,3,2,71,14,60,0,1,1
22,CSE,3,7.9,84.17,204,40,2,2,5,4,62,25,47,1,1,1
22,CSE,2,7.05,73.06,258,57,6,1,6,3,84,14,52,0,1,1
22,AIML,3,6.38,66.83,173,29,3,1,3,2,45,14,43,0,0,1
22,EEE,2,9.86,75.26,271,64,3,2,7,2,35,28,55,0,1,0
23,IT,2,7.59,72.28,323,54,3,1,1,5,72,8,42,0,1,1
23,IT,3,8.25,83.04,222,56,5,0,2,2,58,19,52,0,0,1
20,AIML,3,7.29,69.41,269,35,2,1,3,2,86,28,47,0,1,1
24,CSE,2,8.62,78.74,192,30,2,3,5,2,65,27,68,0,1,1
23,EEE,1,8.38,70.92,201,16,4,4,3,1,31,22,67,0,1,1
20,Mechanical,1,7.52,84.02,232,40,0,2,6,2,29,16,36,0,1,1
18,Chemical,1,8.58,67.8,222,50,5,1,4,3,26,29,46,0,1,1
21,AIML,2,8.51,70.37,210,36,8,1,3,4,55,11,50,0,1,1
21,CSE,2,7.15,68.25,165,39,6,4,2,3,52,10,47,0,1,1
22,Mechanical,1,7.74,65.23,231,54,3,2,4,1,44,38,69,1,1,1
21,IT,3,9.13,82.89,317,36,1,0,5,4,69,19,50,0,1,1
19,ECE,2,7.67,79.31,96,31,2,2,0,1,20,20,72,1,1,1
20,Mechanical,2,8.45,81.55,182,24,5,2,3,3,36,25,23,0,1,1
23,IT,3,8.05,80.59,264,37,3,0,5,4,66,20,49,1,1,0
19,IT,2,8.43,66.56,251,53,8,0,3,4,85,24,58,0,1,1
22,ECE,2,8.35,78.52,185,39,1,0,3,4,33,4,69,0,1,1
20,ECE,2,5.18,76.23,84,24,1,0,2,0,21,18,72,0,0,1
21,CSE,1,7.3,70.98,264,23,2,2,4,1,82,21,62,1,1,1
21,CSE,2,7.24,80.72,193,56,6,0,2,2,62,24,51,0,1,1
20,EEE,3,7.6,73.21,124,52,4,0,2,0,26,16,66,0,0,1
22,CSE,1,7.0,71.54,333,23,8,2,9,4,64,13,52,1,1,1
22,AIML,2,7.41,65.25,268,41,6,1,5,2,65,22,56,0,1,1
19,ECE,1,6.68,68.04,223,41,3,0,2,2,38,14,71,0,1,1
21,ECE,1,6.03,78.29,144,57,2,0,3,0,24,9,42,0,1,1
22,CSE,2,9.78,76.84,335,65,8,3,4,4,87,24,45,0,1,1
22,Civil,3,6.99,85.62,59,52,1,0,4,0,6,11,50,0,0,0
21,CSE,1,8.83,77.12,305,47,7,1,6,2,85,19,68,0,1,1
22,Civil,3,8.11,85.41,229,44,4,1,4,4,37,13,55,1,0,1
19,Chemical,1,7.4,73.74,153,43,2,2,1,4,21,21,64,1,1,1
19,CSE,3,8.65,61.47,254,42,1,0,3,4,61,15,54,0,0,0
22,CSE,3,6.59,66.01,170,49,4,2,8,1,45,32,66,0,1,1
22,CSE,2,7.44,68.74,246,36,5,2,3,2,60,17,43,0,1,1
22,Civil,2,8.02,70.83,98,49,5,3,2,0,19,7,42,0,1,1
20,Chemical,2,7.53,65.3,131,23,0,3,6,1,21,13,33,1,0,1
21,EEE,2,7.37,66.66,93,27,2,1,3,3,26,15,52,0,1,1
22,Chemical,1,6.09,73.76,153,23,1,0,4,3,15,11,59,1,0,1
20,Mechanical,1,8.4,95.28,272,51,1,1,2,1,34,24,54,0,1,1
21,ECE,2,8.28,77.92,142,60,6,3,4,1,24,23,33,0,1,1
22,Civil,2,7.09,70.25,119,21,3,1,3,1,18,20,65,0,0,1
20,ECE,2,8.29,59.24,197,37,2,1,1,0,35,12,55,1,1,1
21,IT,1,7.96,89.34,372,47,9,5,3,5,94,8,65,0,1,1
20,Mechanical,3,8.29,83.98,111,49,0,2,1,0,17,14,66,1,1,1
23,Mechanical,2,8.17,72.93,118,63,3,0,3,4,27,10,38,1,0,1
20,IT,1,7.5,76.17,386,48,3,1,5,3,80,21,66,1,1,1
19,ECE,2,9.28,76.4,143,52,6,4,4,3,20,17,50,0,1,1
19,AIML,3,6.59,62.86,222,36,5,0,3,3,81,10,55,0,1,1
19,CSE,1,5.18,63.79,188,36,6,1,1,3,62,5,69,0,1,1
20,IT,3,5.12,72.4,137,65,4,1,2,2,39,0,48,0,1,1
21,ECE,3,7.73,77.29,122,52,3,1,2,5,14,25,89,0,1,1
18,CSE,2,5.57,66.32,183,46,4,0,5,3,66,15,63,1,0,1
20,CSE,1,7.21,77.64,257,52,5,1,4,1,91,29,61,1,1,0
19,CSE,3,8.3,74.31,191,46,2,2,6,4,72,23,35,0,1,1
21,Civil,2,5.36,75.87,160,3,2,1,1,1,30,15,47,0,0,1
19,Mechanical,3,7.15,65.52,64,33,0,3,1,0,10,20,42,0,0,1
21,CSE,3,7.29,70.8,191,40,3,0,5,1,60,23,42,0,1,1
22,EEE,2,6.19,75.37,111,39,1,1,2,1,9,26,33,0,0,0
22,ECE,2,7.71,79.72,183,51,4,2,2,0,24,17,76,1,1,1
20,ECE,2,7.34,68.75,114,48,4,0,5,2,22,24,61,0,0,1
23,Civil,2,8.02,69.55,128,11,2,3,0,1,28,15,52,0,1,1
22,ECE,3,7.31,76.97,193,38,1,0,4,1,30,15,41,0,0,1
19,AIML,3,6.93,82.22,174,33,1,5,5,4,69,15,56,0,1,0
21,Mechanical,2,7.81,81.3,207,28,2,1,5,1,35,22,54,0,1,1
22,CSE,3,8.43,68.7,193,49,6,1,3,1,65,11,58,0,0,1
20,Chemical,3,8.52,72.56,103,52,3,2,2,1,32,14,33,0,0,1
21,Chemical,2,8.01,68.03,121,32,3,0,9,1,26,18,54,0,0,1
22,IT,2,8.2,86.15,286,56,6,1,5,1,89,26,57,0,1,1
19,Mechanical,2,6.94,71.78,157,16,2,0,1,2,25,17,70,0,0,1
24,Chemical,3,7.13,70.66,210,27,4,2,2,0,29,16,42,0,1,1
20,Civil,3,7.75,76.71,214,53,4,2,2,0,26,11,53,0,1,1
18,CSE,2,9.96,77.5,906,86,14,4,8,6,93,18,27,1,1,1
18,CSE,3,7.87,72.43,203,53,3,2,6,4,59,25,49,0,1,1
21,ECE,3,8.58,79.42,123,52,2,0,7,2,27,25,54,0,1,1
23,ECE,3,7.25,73.91,60,38,2,0,2,0,23,21,52,0,0,1
22,IT,1,6.49,82.26,275,24,3,1,3,6,77,13,58,0,1,1
23,CSE,2,6.74,71.82,227,32,6,1,6,4,80,25,43,1,1,1
21,ECE,2,7.68,77.39,96,65,3,2,4,2,22,1,58,1,1,0
21,AIML,3,7.03,68.09,203,62,2,0,1,4,67,21,44,1,0,1
21,ECE,2,6.46,66.34,62,30,1,1,1,2,12,25,59,0,0,0
19,AIML,3,7.31,76.63,179,62,2,2,4,2,43,5,63,0,1,1
23,ECE,3,6.72,65.13,105,70,5,1,1,0,24,16,33,0,1,1
21,EEE,2,8.0,77.93,115,26,3,0,3,2,32,15,60,0,0,1
21,IT,3,8.64,75.97,184,46,5,0,1,2,41,3,55,0,1,1
21,AIML,3,8.34,80.99,196,32,8,3,5,2,52,28,46,1,1,1
22,IT,2,6.71,57.78,282,59,2,0,5,2,72,5,64,0,1,1
20,AIML,2,6.97,82.42,208,24,0,0,4,1,61,19,73,0,1,1
22,CSE,3,6.04,57.79,139,28,5,0,3,3,53,6,29,0,0,1
22,EEE,3,8.3,89.11,138,49,3,2,3,1,32,6,74,1,1,1
23,EEE,1,7.87,75.71,160,41,8,3,3,2,27,30,83,1,1,1
18,IT,1,9.11,82.75,350,36,7,2,6,1,94,21,62,1,1,1
20,Chemical,3,7.87,74.86,98,32,4,1,2,2,28,26,49,1,0,1
21,Mechanical,3,6.97,72.87,171,28,3,0,3,1,29,13,40,1,0,1
23,Civil,3,5.84,62.02,167,15,0,0,1,1,29,13,79,0,0,1
24,ECE,2,7.76,79.2,132,50,1,2,2,3,21,41,64,0,1,1
21,ECE,3,9.14,82.36,152,57,2,0,3,1,38,22,62,0,1,1
20,Mechanical,3,8.08,78.82,154,38,4,1,5,1,27,22,75,0,0,1
20,EEE,2,7.39,84.13,188,36,3,0,3,2,37,12,68,0,1,1
22,EEE,2,8.22,66.49,164,38,2,2,3,0,36,18,38,0,1,1
20,ECE,2,8.12,76.56,196,26,3,2,1,1,29,21,50,0,1,0
21,CSE,2,8.58,67.04,276,47,6,1,3,2,71,15,62,0,1,1
23,Mechanical,1,7.02,80.66,177,43,1,1,2,1,20,20,49,0,0,1
21,IT,2,7.87,80.31,203,24,4,2,4,1,64,20,36,0,1,0
21,EEE,2,6.24,68.3,114,22,2,0,1,2,21,11,61,0,0,1
19,IT,3,5.76,74.65,176,49,5,0,1,0,58,22,39,0,0,1
20,ECE,1,8.35,80.21,201,54,6,2,3,3,33,22,67,0,1,1
22,EEE,3,8.41,66.52,99,45,2,2,6,5,16,31,74,0,1,1
21,EEE,3,7.35,78.13,70,40,1,0,3,1,12,29,55,0,0,1
20,CSE,2,7.42,67.77,279,37,5,2,2,4,81,14,59,0,1,1
19,AIML,3,7.65,75.58,223,54,5,1,4,1,86,0,69,0,1,1
19,CSE,2,8.48,83.73,216,38,8,3,2,0,53,26,42,0,1,1
22,EEE,3,8.11,76.3,150,37,1,2,0,3,17,22,38,0,0,1
21,IT,3,7.63,73.96,226,37,4,2,3,6,69,13,58,1,1,1
21,AIML,1,8.33,86.62,405,49,2,2,4,1,89,26,37,0,1,0
21,CSE,3,8.05,76.99,219,63,3,2,8,0,67,17,49,0,0,1
20,Mechanical,3,6.44,68.8,220,10,3,0,2,0,31,9,58,0,1,1
21,CSE,3,7.81,63.91,182,41,4,3,8,5,74,9,36,0,1,1
19,IT,3,6.26,70.19,171,19,2,1,1,2,55,25,62,0,1,0
24,ECE,3,8.27,81.34,131,57,7,0,7,1,27,20,59,0,1,1
19,ECE,3,8.07,86.29,188,30,2,0,1,3,21,27,48,0,1,1
21,CSE,3,7.4,62.74,188,59,4,0,1,3,55,24,45,0,1,1
18,Mechanical,3,7.19,76.16,102,45,2,1,2,3,19,20,62,0,0,1
22,AIML,3,8.33,81.47,216,65,0,0,7,4,62,28,51,1,1,1
20,EEE,1,7.98,72.59,189,42,3,2,3,2,24,19,58,0,1,1
24,IT,3,7.57,85.84,162,34,11,0,2,4,52,27,45,0,1,0
19,ECE,3,7.63,68.56,69,47,4,2,2,2,22,23,31,0,0,1
23,ECE,2,7.85,87.94,206,41,5,1,1,3,33,28,54,1,1,1
22,Chemical,3,8.34,77.67,103,45,7,2,3,2,17,30,40,1,1,1
20,IT,2,6.13,75.02,170,50,4,1,3,4,50,27,73,1,1,1
20,CSE,2,7.4,70.84,207,27,3,1,3,3,62,9,56,0,1,1
21,IT,3,5.63,57.28,170,36,4,1,3,3,62,13,48,0,0,0
23,ECE,2,7.84,74.37,147,57,0,1,6,1,29,16,45,1,1,1
23,CSE,3,6.81,76.31,175,31,3,0,5,1,57,15,61,1,0,1
20,Civil,3,7.47,70.12,161,64,5,0,6,1,16,9,53,0,0,1
21,CSE,3,6.69,69.46,150,14,4,3,1,2,68,18,60,0,0,1
20,Chemical,3,6.65,71.87,95,30,1,1,4,1,29,26,74,0,0,1
19,IT,2,7.13,62.19,206,28,1,0,2,4,61,26,54,0,1,1
22,ECE,3,7.42,71.75,229,15,4,0,1,3,26,9,60,0,0,1
20,Mechanical,1,8.33,78.14,193,56,6,1,4,1,33,16,53,0,1,1
20,CSE,3,6.72,67.81,261,54,6,1,4,2,83,11,57,0,1,1
23,IT,3,7.47,82.58,201,48,3,3,6,8,52,18,37,0,1,1
22,AIML,3,7.69,76.21,188,54,9,1,5,3,63,26,24,0,1,1
22,CSE,2,7.08,57.74,240,39,5,1,5,2,69,14,54,1,1,1
19,EEE,3,7.67,70.97,115,22,4,0,3,2,17,33,59,0,0,1
23,CSE,2,6.4,65.62,184,26,3,2,2,4,60,11,53,0,0,1
21,EEE,3,6.58,65.07,84,34,5,1,0,1,14,26,47,0,0,1
21,IT,3,8.25,87.16,182,39,4,1,3,2,55,18,36,0,1,1
18,Chemical,2,5.6,72.29,141,39,2,0,1,1,19,8,73,0,0,1
23,Civil,3,7.06,69.93,74,9,3,1,2,3,16,20,58,0,0,1
21,CSE,1,7.81,71.7,315,78,5,3,7,2,92,15,56,1,1,1
23,Mechanical,3,7.56,71.96,150,32,3,1,3,1,25,23,48,0,0,1
22,CSE,1,7.99,71.48,280,56,5,2,3,1,77,11,41,0,1,1
22,ECE,3,7.16,68.03,133,38,1,0,4,2,20,21,42,1,1,1
22,Mechanical,2,7.18,76.51,122,27,2,2,6,0,34,23,45,1,0,1
24,AIML,2,6.78,57.25,198,34,7,1,5,1,58,14,55,0,1,1
20,Mechanical,2,8.81,81.84,118,51,1,0,5,3,24,25,54,0,1,1
20,AIML,2,8.15,65.42,209,78,1,1,2,6,82,29,61,0,1,1
22,Civil,3,7.6,77.9,91,31,2,0,5,0,21,14,69,0,0,1
21,ECE,3,7.29,80.79,140,40,2,0,1,4,25,24,45,1,1,1
21,CSE,2,6.99,65.08,233,27,6,1,4,2,61,17,47,1,1,1
22,CSE,3,7.31,68.27,260,47,7,1,6,0,75,12,73,0,1,1
21,EEE,2,6.68,78.2,116,23,4,0,0,0,25,16,44,0,1,1
22,Mechanical,3,8.51,75.05,96,51,6,0,1,0,24,23,32,0,0,1
20,Mechanical,3,6.6,65.65,87,23,2,2,2,6,14,11,64,0,0,1
23,ECE,3,6.29,65.05,101,34,1,0,0,4,19,14,48,0,0,1
19,IT,1,10.0,98.92,430,44,1,3,7,4,92,33,38,1,1,0
22,EEE,3,7.23,69.66,58,41,1,0,4,1,18,15,48,0,1,1
23,CSE,2,6.76,75.19,264,21,3,1,2,3,67,17,45,0,1,0
20,AIML,1,8.4,81.44,288,73,1,1,4,3,84,21,50,0,1,1
20,AIML,2,6.37,81.32,205,33,3,1,7,1,57,2,38,0,0,1
20,Mechanical,2,6.91,85.64,164,9,4,1,4,1,29,13,66,0,0,1
21,ECE,3,8.03,62.53,100,63,4,0,2,2,30,11,40,0,0,1
21,CSE,3,9.17,89.51,205,41,2,2,7,4,53,9,40,0,1,1
19,Civil,1,8.62,78.57,203,67,3,1,3,3,29,22,62,0,1,1
23,IT,3,7.97,68.31,325,34,6,0,5,5,71,5,42,0,1,1
20,CSE,3,8.54,84.17,191,27,7,0,10,1,72,16,50,0,1,1
21,IT,2,7.26,66.91,176,33,4,0,4,1,63,8,69,0,1,1
21,Chemical,3,6.11,78.6,30,34,5,0,2,5,11,17,36,0,1,1
19,Mechanical,3,6.76,68.95,82,16,3,0,3,4,26,7,58,1,0,1
19,EEE,2,8.67,85.28,164,48,1,1,4,2,24,18,60,0,1,1
25,Mechanical,3,6.34,75.49,133,34,1,3,4,2,17,0,51,1,1,1
22,ECE,1,7.63,65.96,187,26,6,3,2,2,43,16,48,1,1,1
19,Mechanical,2,7.54,64.26,104,20,2,2,4,3,20,13,59,0,1,1
22,Civil,2,7.86,76.34,117,42,6,2,3,1,15,13,48,1,0,1
21,IT,2,8.02,72.25,227,59,9,4,6,3,48,17,64,0,1,1
19,ECE,2,8.06,80.42,164,39,4,1,1,4,27,13,60,0,0,1
22,AIML,2,10.0,80.36,260,63,8,1,1,3,66,41,37,0,1,1
21,Mechanical,2,8.15,70.02,185,42,3,0,3,3,25,21,56,0,1,1
20,CSE,3,8.58,79.89,192,49,6,2,3,4,62,34,58,0,1,1
23,ECE,1,7.8,60.45,153,59,6,2,6,1,21,15,56,0,1,1
20,Chemical,3,9.05,69.67,149,49,0,1,3,1,33,17,46,0,0,1
20,ECE,3,6.69,64.16,128,40,2,0,3,2,17,18,58,1,0,1
20,CSE,1,8.62,60.81,261,24,5,0,5,2,73,21,68,0,1,1
22,CSE,2,7.42,76.27,444,26,7,1,2,4,100,16,34,0,1,0
22,Chemical,3,8.2,70.24,142,26,3,0,3,2,36,17,62,0,0,1
23,Mechanical,2,7.97,77.16,162,48,3,0,5,1,30,14,73,0,1,1
20,Mechanical,3,8.45,82.26,150,36,4,2,4,6,26,28,46,0,0,1
22,IT,2,7.94,84.27,217,51,10,1,5,1,78,8,62,0,1,1
21,ECE,1,7.72,80.27,196,29,3,1,3,3,27,12,62,0,1,1
20,ECE,3,8.21,65.07,119,36,5,0,2,2,20,18,48,1,0,1
19,Mechanical,2,6.81,65.47,124,46,5,0,0,4,28,20,60,0,0,1
22,ECE,2,6.0,57.04,77,32,4,1,1,2,13,10,68,1,1,1
20,IT,2,5.64,61.63,216,24,5,1,4,4,61,5,58,1,1,1
22,ECE,2,9.05,89.23,160,51,4,1,1,2,34,24,25,0,1,1
21,Mechanical,3,7.58,76.33,149,49,4,1,3,1,16,22,57,1,0,1
18,CSE,3,7.77,81.81,205,28,4,1,4,5,64,21,49,0,1,1
25,ECE,3,7.06,63.23,64,28,2,1,2,2,19,32,45,0,1,0
22,IT,3,7.63,72.97,312,50,4,3,2,1,76,22,33,0,1,1
21,Civil,3,6.76,75.8,54,20,3,1,0,2,18,17,45,0,0,1
22,IT,2,7.49,66.91,228,57,3,2,6,2,53,23,54,0,1,1
21,EEE,2,5.98,67.56,59,30,1,1,1,3,17,31,76,0,1,1
22,ECE,3,5.76,75.04,146,30,1,2,1,2,19,25,39,1,0,1
20,Mechanical,3,6.25,76.99,135,43,1,0,0,1,25,11,41,0,0,0
21,Chemical,3,6.63,74.93,87,36,4,0,5,3,27,20,48,1,0,1
20,CSE,2,8.67,77.47,218,27,6,0,1,4,71,34,60,0,1,1
21,CSE,2,9.66,81.68,237,50,8,0,8,4,63,17,60,0,1,1
21,Mechanical,1,8.73,70.12,238,50,3,0,2,2,41,18,34,1,1,1
20,EEE,2,4.8,78.52,44,34,2,0,1,1,16,0,39,1,0,1
25,ECE,2,9.01,69.82,192,33,4,1,3,1,23,27,41,0,1,1
18,ECE,2,7.18,82.04,175,26,2,2,4,3,27,30,56,0,0,1
18,Mechanical,2,6.18,56.28,87,14,5,0,1,1,22,0,59,0,0,1
21,Mechanical,1,9.37,78.08,190,49,7,3,5,2,30,15,71,0,1,1
22,IT,3,7.01,75.08,187,34,6,0,4,1,75,33,33,0,1,1
20,IT,3,6.54,65.81,246,23,4,1,2,1,62,9,52,0,0,1
21,Chemical,2,7.05,62.02,150,39,2,0,4,1,20,25,56,0,1,1
22,IT,3,7.08,66.87,241,10,3,1,1,0,72,33,65,0,1,1
19,AIML,3,7.87,73.44,185,38,6,3,1,1,63,7,65,0,1,1
25,Chemical,2,7.68,75.74,273,50,1,1,4,5,49,19,29,0,1,1
20,Mechanical,3,6.8,70.92,80,44,1,1,4,1,32,16,70,1,0,1
22,ECE,1,6.1,70.39,172,49,2,2,1,1,29,9,58,0,1,1
19,Mechanical,1,7.09,75.01,156,50,2,0,3,1,27,16,71,0,1,1
22,AIML,2,7.71,79.37,261,44,4,3,2,3,82,21,50,0,1,1
23,ECE,3,6.73,68.3,77,19,3,1,5,2,21,14,47,1,1,1
19,AIML,2,7.62,76.77,192,34,2,2,5,3,56,23,56,0,1,1
19,Civil,2,7.51,65.79,364,34,3,0,2,3,40,19,48,0,1,1
20,CSE,3,8.33,65.37,263,61,2,2,4,5,77,13,25,0,1,1
18,AIML,3,7.59,71.04,232,53,3,1,4,2,63,6,58,0,1,1
25,AIML,3,8.1,97.64,171,30,4,1,3,2,66,19,47,0,1,1
21,ECE,2,7.31,73.31,91,69,0,1,3,2,27,10,61,0,1,1
21,CSE,3,8.75,83.87,307,45,5,1,7,2,80,28,66,0,1,1
24,ECE,2,7.12,81.08,97,30,5,2,2,3,21,21,38,1,1,1
23,Mechanical,3,6.64,69.05,323,27,5,0,2,5,45,0,37,1,0,1
22,CSE,1,8.89,88.85,285,30,4,2,10,2,69,30,51,1,1,1
20,Civil,3,6.82,75.28,130,26,2,0,6,1,17,23,36,0,0,1
20,Civil,2,6.58,78.68,73,58,2,2,4,2,20,18,51,1,1,1
20,CSE,2,6.55,72.34,227,48,4,1,5,2,61,19,82,0,1,1
20,CSE,3,6.93,73.94,179,39,4,0,5,1,45,21,50,0,1,1
21,EEE,3,7.12,82.78,102,54,4,0,3,3,21,16,43,0,0,1
20,IT,2,7.85,71.72,368,38,4,2,2,3,84,40,52,0,1,0
21,ECE,3,8.01,77.95,105,50,3,1,0,0,28,31,63,0,0,1
21,ECE,2,7.53,74.76,213,49,2,3,2,1,36,10,60,0,1,1
20,EEE,1,8.56,78.36,230,68,5,2,2,3,31,2,65,0,1,1
20,Mechanical,2,8.19,81.13,137,55,4,0,4,0,27,26,33,0,1,1
21,Civil,3,6.56,73.38,58,16,5,0,1,1,14,23,57,0,0,1
21,EEE,1,6.92,71.74,141,54,2,5,4,0,25,26,51,0,1,1
22,CSE,2,7.12,84.68,177,35,6,0,3,1,51,15,47,0,1,0
22,CSE,2,5.67,70.99,134,21,5,0,4,1,49,17,49,0,1,1
20,EEE,2,7.57,69.88,201,6,2,1,4,1,27,32,51,0,1,1
19,Mechanical,2,7.31,73.58,99,17,2,1,2,1,25,22,50,1,0,1
20,Mechanical,2,8.89,78.6,179,53,3,5,6,1,26,21,58,0,1,1
20,ECE,2,8.44,73.25,115,37,2,0,5,2,27,26,58,0,1,1
21,EEE,3,7.1,69.7,239,24,3,1,5,1,32,21,75,0,1,1
25,Chemical,2,8.33,75.98,168,48,4,1,2,2,18,45,48,0,0,1
20,IT,2,7.36,77.19,223,39,7,2,2,3,70,11,50,0,1,1
20,AIML,2,7.9,67.46,262,38,5,4,1,4,76,26,49,0,1,0
22,Chemical,2,5.86,72.83,53,4,4,0,5,1,22,14,55,0,0,1
21,Civil,3,6.88,70.66,48,29,3,1,3,0,18,33,59,0,0,1
19,CSE,3,7.49,66.45,233,23,5,0,8,2,64,16,67,0,1,1
20,IT,2,7.28,76.99,177,43,2,1,8,2,38,22,58,0,0,0
24,Mechanical,1,8.85,80.59,241,40,2,1,4,5,32,22,55,0,0,1
19,CSE,2,7.81,79.08,365,31,0,0,1,1,82,18,47,0,1,1
22,CSE,3,7.87,83.04,205,69,4,1,4,2,59,19,49,0,1,1
22,CSE,2,7.68,87.52,181,31,2,2,4,3,61,27,50,0,1,1
20,ECE,2,7.52,74.73,86,46,6,1,3,1,18,15,46,0,1,0
22,AIML,3,8.13,74.24,188,19,0,2,4,2,50,19,45,0,1,1
20,AIML,3,8.87,77.66,229,50,5,1,4,1,74,17,38,0,1,1
20,CSE,2,5.72,65.97,172,36,5,1,4,2,65,17,46,0,1,1
20,Mechanical,1,6.89,68.35,194,25,2,1,5,1,27,15,52,0,1,1
25,Civil,2,7.55,74.41,99,39,3,3,3,1,21,14,51,0,0,0
20,Mechanical,2,8.65,67.11,155,46,3,1,4,4,17,14,55,1,1,1
19,CSE,2,8.17,82.14,239,50,4,1,4,2,63,19,52,0,1,1
24,Chemical,3,6.66,73.93,51,43,1,0,5,5,22,4,46,0,0,1
20,Chemical,2,7.17,83.69,102,44,2,0,4,3,17,18,61,0,0,1
23,AIML,2,8.14,70.16,246,46,7,3,3,3,71,18,59,1,1,1
22,Chemical,3,6.84,82.09,64,26,3,0,2,5,22,31,35,0,0,0
21,ECE,3,7.59,81.07,152,22,4,0,2,1,28,39,58,0,0,1
22,CSE,3,6.77,65.17,239,62,5,0,4,7,69,9,46,1,1,1
22,EEE,2,7.92,67.82,97,47,2,1,7,0,20,13,41,0,1,1
19,ECE,3,7.89,77.74,108,28,5,2,6,1,25,24,73,1,1,1
25,Civil,1,5.46,71.7,115,50,3,1,3,5,17,6,31,1,1,1
24,IT,1,9.28,85.36,301,34,4,2,5,0,68,26,48,0,1,1
23,Mechanical,3,8.97,74.46,131,48,6,1,4,2,15,27,66,0,1,1
22,Mechanical,2,5.77,85.41,68,25,1,2,5,1,26,20,62,0,0,1
21,CSE,3,7.16,65.19,188,48,4,2,7,2,57,0,79,0,1,1
21,Mechanical,3,5.96,77.41,60,29,1,0,4,2,20,0,51,0,0,1
18,ECE,3,5.54,55.71,43,23,0,1,1,1,10,0,69,0,0,1
21,AIML,2,8.19,70.87,251,55,8,1,3,7,71,0,69,0,1,1
22,IT,2,9.04,85.27,281,36,8,2,3,3,75,25,46,0,1,1
22,Civil,3,7.33,85.84,143,29,2,2,4,1,24,19,55,1,0,1
20,Mechanical,1,9.08,87.05,215,43,5,2,3,3,24,16,48,0,1,1
21,EEE,2,6.94,71.21,103,34,7,0,1,0,27,11,35,0,1,0
22,CSE,2,6.27,62.14,200,4,4,0,7,2,63,12,57,0,0,0
21,EEE,1,7.42,82.8,212,43,1,0,2,0,23,3,70,0,1,1
24,Mechanical,2,6.83,70.79,119,30,2,3,3,1,29,15,54,0,1,1
22,Chemical,2,7.86,85.47,132,70,4,0,2,3,26,19,57,0,0,0
18,Mechanical,3,8.27,84.66,450,22,0,1,2,3,53,20,44,0,0,1
18,CSE,2,6.52,74.73,199,25,4,1,2,3,76,18,55,1,1,1
22,Chemical,3,6.2,64.33,74,11,3,0,2,4,13,11,65,0,0,1
21,Mechanical,3,8.1,70.83,176,46,2,0,4,3,31,26,36,1,0,0
23,CSE,3,7.05,76.97,225,49,2,0,3,2,48,11,63,0,1,1
20,Mechanical,2,8.16,77.42,266,61,1,2,4,4,30,4,48,1,1,1
18,IT,3,6.65,84.72,188,49,4,0,3,1,77,9,31,0,1,1
21,EEE,2,6.94,76.76,125,29,2,0,4,0,19,15,74,1,1,1
22,AIML,3,8.22,80.27,298,46,5,1,8,4,77,21,42,0,1,1
25,Mechanical,3,8.05,86.9,207,31,5,0,5,1,29,30,57,1,1,1
23,CSE,3,8.53,73.15,207,64,2,1,2,2,60,38,55,0,1,1
21,Civil,2,7.32,77.41,79,37,4,2,1,2,16,21,43,1,0,1
22,CSE,1,8.85,72.67,322,67,1,0,7,5,86,33,79,1,1,1
19,CSE,3,7.73,81.35,239,40,1,2,4,3,56,31,46,0,1,1
21,CSE,2,7.84,86.53,206,48,5,1,3,4,61,16,57,1,1,1
24,IT,2,6.77,73.38,228,28,2,1,3,3,72,24,43,1,1,1
21,EEE,2,8.06,64.35,102,46,11,0,5,5,27,17,53,0,1,1
24,ECE,1,7.53,81.57,163,50,3,1,1,3,29,27,53,0,1,1
20,ECE,3,8.93,89.54,107,45,6,1,3,0,23,28,43,0,1,1
19,Civil,2,7.5,69.18,133,32,0,1,3,0,17,4,63,0,0,1
21,ECE,3,7.2,68.73,67,36,4,0,3,0,11,13,48,1,0,1
23,ECE,3,8.44,84.24,180,39,3,0,9,1,31,18,56,1,0,1
20,IT,3,7.42,67.67,176,45,6,0,4,3,58,23,47,1,1,1
22,Chemical,1,7.03,65.07,162,62,4,0,5,2,25,12,47,1,1,1
20,AIML,3,6.05,63.45,158,7,4,1,4,3,31,28,42,0,0,1
22,CSE,3,6.59,68.34,147,17,5,3,7,3,48,16,59,1,1,1
21,ECE,3,5.8,74.18,68,30,3,1,2,3,16,0,50,1,0,1
20,Mechanical,3,7.27,74.77,85,45,3,1,0,3,19,16,59,0,0,1
22,CSE,2,8.23,83.42,211,26,4,1,3,1,59,19,68,0,1,1
22,Civil,2,7.02,76.87,127,51,5,2,8,1,24,13,68,0,0,1
21,AIML,3,9.5,90.27,211,64,2,2,6,5,65,37,60,0,1,1
20,EEE,2,6.3,77.9,87,52,1,2,4,0,14,18,42,0,1,1
20,CSE,3,7.8,67.61,194,47,3,1,5,5,65,26,38,0,1,0
24,Civil,3,7.72,72.69,120,58,3,2,1,1,26,14,53,0,1,1
22,IT,2,7.14,82.21,208,49,6,1,3,4,61,25,48,0,1,1
22,CSE,3,7.22,76.35,202,58,3,0,4,1,57,19,64,0,1,1
22,CSE,3,8.76,74.77,203,41,7,1,7,2,41,29,41,0,1,1
23,IT,3,8.26,74.22,195,55,2,0,3,2,63,26,74,0,1,1
20,IT,3,8.15,82.55,167,38,4,2,7,6,54,24,56,0,0,1
21,CSE,2,6.7,69.28,183,35,6,0,6,3,70,21,43,1,0,1
22,ECE,1,8.17,84.48,190,6,6,4,7,1,27,26,60,1,1,1
19,ECE,3,8.04,74.67,120,39,4,0,0,1,26,23,42,0,0,1
20,ECE,1,8.49,87.93,182,49,6,4,3,2,31,19,50,0,1,1
22,CSE,1,6.56,79.51,348,35,4,1,1,2,88,28,57,0,1,1
23,IT,3,7.64,70.77,216,48,1,0,2,3,52,20,52,0,1,1
22,Chemical,2,7.78,80.61,102,52,4,2,3,4,13,13,67,1,1,1
19,IT,3,8.3,67.22,191,35,6,0,2,4,72,27,60,1,0,1
25,Mechanical,2,7.28,73.93,104,59,1,0,3,3,19,8,57,0,0,1
20,CSE,2,6.52,70.94,218,12,5,0,5,4,56,5,60,0,0,1
20,CSE,3,6.54,59.21,166,38,3,1,4,3,53,10,35,1,1,1
25,Chemical,2,7.81,62.76,213,6,4,3,2,2,42,15,53,1,0,1
22,EEE,3,8.34,85.16,111,63,3,2,1,2,22,20,49,0,1,1
24,EEE,3,7.04,72.33,111,28,2,4,1,2,22,13,59,0,0,1
22,ECE,2,7.75,75.94,133,63,2,1,6,3,22,12,59,0,1,1
22,Mechanical,3,5.61,65.93,37,4,3,0,2,1,12,27,63,0,0,1
20,Chemical,2,5.69,77.08,65,53,1,0,2,0,11,10,57,1,0,1
20,CSE,2,7.9,64.82,193,40,6,2,2,5,66,26,66,0,1,1
24,CSE,1,8.14,81.97,394,38,7,2,0,2,100,23,55,0,1,1
23,Civil,2,8.11,89.8,224,39,4,2,1,1,42,25,53,0,1,1
21,CSE,3,5.57,62.22,181,46,2,0,3,5,59,26,82,1,0,1
21,IT,3,8.59,70.71,297,25,6,0,3,5,70,20,56,1,1,1
20,CSE,3,6.87,74.71,184,45,8,2,1,4,74,18,55,0,1,1
20,IT,3,6.83,76.44,160,49,4,3,6,7,54,22,58,1,0,1
23,ECE,2,8.07,66.85,129,43,6,2,5,0,25,21,54,1,1,1
18,CSE,3,7.42,71.25,173,35,4,0,6,3,51,34,68,0,1,1
21,CSE,2,8.94,89.24,341,48,6,4,4,5,84,18,57,0,1,1
24,IT,3,7.96,88.88,184,37,2,1,7,6,57,26,40,1,1,1
21,ECE,2,8.81,77.06,214,34,4,0,1,3,32,13,46,0,1,1
21,Mechanical,2,7.15,73.8,82,45,2,3,3,1,6,20,51,0,0,1
20,Mechanical,2,8.54,79.58,159,56,4,1,4,1,23,17,41,0,1,1
19,CSE,2,5.61,50.0,153,26,5,0,2,3,61,6,32,1,1,1
20,ECE,2,7.43,68.51,98,36,3,2,5,1,19,29,61,0,0,1
19,Civil,2,6.36,70.0,123,39,2,1,2,2,18,20,67,0,1,1
19,EEE,1,7.86,91.57,193,44,2,1,1,1,32,27,72,0,1,1
20,Civil,2,7.66,77.48,175,29,1,2,4,0,30,21,54,0,0,1
20,Chemical,2,8.31,86.82,141,18,2,1,5,1,28,10,70,0,0,1
18,IT,1,7.97,74.17,361,40,4,3,6,4,85,26,56,0,1,1
24,CSE,2,6.88,75.17,197,30,6,0,2,1,70,13,50,0,1,1
19,CSE,3,6.96,65.56,202,21,3,0,2,2,71,7,50,0,0,1
21,CSE,2,7.68,64.2,184,55,3,1,8,6,68,11,70,1,1,1
23,Mechanical,2,6.95,64.32,119,19,6,1,1,0,16,9,60,1,0,1
19,CSE,3,8.37,73.63,179,35,2,2,5,2,69,35,48,0,1,0
21,Chemical,1,7.43,73.06,221,52,7,0,0,2,47,20,52,0,1,1
23,EEE,2,8.37,72.26,134,57,7,0,4,2,20,25,66,0,1,1
21,Chemical,2,6.93,55.58,67,12,2,1,6,4,23,13,42,0,0,1
20,ECE,2,8.03,80.23,157,42,6,0,4,1,18,22,53,0,1,1
22,AIML,2,7.32,67.07,254,30,6,2,1,2,70,34,50,0,1,1
22,CSE,3,8.34,76.35,219,69,1,2,6,1,67,8,50,0,1,1
21,Mechanical,1,9.38,74.23,213,75,4,2,4,0,32,26,76,1,1,1
19,CSE,2,7.68,80.94,292,32,3,2,4,4,62,20,58,1,1,1
18,Civil,3,8.97,65.74,114,41,7,1,4,3,19,22,42,1,0,1
23,CSE,2,7.37,79.21,265,40,7,0,5,5,53,25,46,0,1,0
20,EEE,3,7.52,70.13,139,54,1,1,2,0,24,13,62,0,1,1
20,IT,2,7.41,70.55,282,48,3,1,0,2,52,22,52,0,1,1
21,EEE,3,6.5,70.19,53,20,3,0,0,0,16,18,46,0,0,1
24,Mechanical,3,8.59,76.11,93,61,6,1,4,4,14,23,61,1,1,1
18,CSE,3,7.48,82.81,226,36,7,0,5,2,77,0,50,1,0,1
19,Chemical,2,7.14,76.48,183,22,4,2,1,1,24,32,55,0,1,1
21,EEE,2,6.89,80.46,124,57,4,1,0,2,29,15,67,1,1,1
22,IT,2,9.11,81.7,275,67,1,2,4,5,77,29,32,0,1,1
21,Chemical,3,7.23,71.24,92,24,0,1,3,1,20,6,33,0,0,0
23,Mechanical,1,7.62,72.61,299,50,5,0,1,4,40,9,44,1,1,1
19,CSE,2,8.37,64.65,258,62,3,3,10,5,78,7,79,0,1,1
20,CSE,1,9.07,91.35,292,63,2,3,8,4,70,24,39,0,1,1
21,Chemical,2,7.06,70.72,147,30,8,1,3,3,25,0,30,1,1,1
20,EEE,3,7.88,61.8,221,29,1,1,5,3,27,17,65,1,1,1
21,ECE,2,8.03,67.52,141,37,2,1,1,2,17,20,59,0,0,1
22,CSE,3,7.2,61.06,378,30,4,0,3,7,66,24,51,0,1,1
20,ECE,1,7.42,67.72,171,4,4,2,4,0,26,22,49,1,1,1
22,AIML,3,6.83,74.77,174,41,7,0,4,2,50,14,57,0,0,1
20,CSE,1,8.63,62.19,312,30,8,1,8,3,81,29,52,0,1,1
21,IT,2,7.71,82.93,215,36,1,1,6,1,56,23,61,1,1,1
21,CSE,3,7.42,68.34,197,50,2,0,5,2,67,10,83,1,0,1
21,EEE,1,7.14,70.35,193,50,5,1,1,2,32,25,52,0,1,1
19,EEE,2,8.38,75.31,125,55,6,0,6,5,18,16,51,1,1,0
24,Mechanical,3,7.62,65.69,80,53,2,1,2,1,14,32,44,0,0,1
23,CSE,2,6.76,75.65,234,47,6,2,6,3,53,29,28,0,1,1
23,CSE,3,7.06,61.72,234,51,5,1,7,3,48,8,48,0,0,1
23,Mechanical,2,8.15,85.86,114,41,2,1,2,4,24,23,55,0,0,1
20,EEE,2,6.0,60.78,82,28,2,1,2,0,20,18,77,0,0,1
21,CSE,3,7.32,72.16,160,17,7,0,0,2,63,23,42,1,1,1
20,Mechanical,1,8.46,71.27,181,43,5,2,3,3,34,18,59,1,1,1
23,IT,3,7.56,80.85,260,19,4,3,3,4,66,22,48,0,1,1
20,AIML,3,7.98,66.57,218,30,4,2,4,4,93,27,57,1,0,1
20,Mechanical,2,5.73,77.15,135,49,2,1,0,3,27,0,61,1,1,1
22,IT,3,6.24,84.03,158,19,4,2,0,5,53,23,69,1,1,1
19,ECE,2,8.26,65.72,138,49,5,0,4,2,26,14,47,0,1,1
22,Civil,3,7.69,60.39,114,18,3,1,3,4,33,10,54,1,0,1
20,CSE,2,7.27,70.38,184,58,5,1,2,0,55,22,74,1,1,1
22,ECE,2,7.74,74.8,143,60,5,2,5,1,31,29,36,0,1,1
23,CSE,1,8.26,73.9,265,24,7,4,2,2,58,8,48,1,1,1
21,Chemical,3,6.94,69.27,81,51,2,2,2,0,10,15,54,0,1,1
20,IT,2,6.91,75.98,181,27,5,1,6,1,54,24,56,1,0,1
19,Civil,2,6.37,71.91,183,19,1,2,4,1,31,13,60,1,0,1
19,IT,2,8.74,65.83,292,42,7,1,3,1,69,22,67,0,1,1
19,Civil,2,7.56,68.17,109,39,2,0,4,3,23,18,40,1,0,1
21,Mechanical,2,8.79,86.52,235,66,3,2,3,0,33,25,58,0,1,1
20,AIML,1,6.61,71.38,244,31,4,1,2,5,58,27,59,0,1,1
20,EEE,2,7.61,73.19,101,47,3,0,2,2,19,17,42,1,1,1
20,AIML,1,6.74,61.82,216,38,6,2,1,1,53,18,71,1,1,1
24,CSE,1,9.25,83.95,324,42,7,2,6,3,89,26,49,1,1,1
19,IT,3,9.67,80.06,273,39,8,0,1,0,72,35,48,0,1,1
20,Mechanical,1,8.82,77.33,270,60,6,1,7,2,31,2,64,0,1,1
21,CSE,2,6.55,77.05,237,65,3,1,5,4,67,15,61,1,1,1
18,EEE,3,6.37,62.25,355,29,2,0,4,1,46,28,62,0,0,1
24,Mechanical,3,7.27,80.72,84,26,2,1,2,4,32,10,50,0,0,1
19,IT,1,7.87,76.55,269,40,8,1,4,1,75,10,68,0,1,1
22,CSE,3,7.79,82.29,241,56,2,0,8,5,61,35,44,0,0,1
22,EEE,1,8.15,73.36,208,38,4,1,6,1,34,36,65,0,1,1
22,CSE,2,7.51,82.29,261,28,2,3,0,2,61,26,61,0,1,1
22,CSE,3,7.16,52.39,275,34,1,1,4,1,78,13,41,0,1,1
22,CSE,2,6.8,61.38,166,34,1,1,4,2,63,11,49,0,1,1
21,AIML,3,7.93,68.15,195,41,3,0,7,2,51,20,43,0,1,1
21,Mechanical,3,5.33,61.0,28,41,2,0,1,1,15,10,48,0,0,1
22,IT,2,7.58,81.23,189,51,2,1,7,2,73,8,51,1,1,1
21,Civil,1,7.94,61.06,196,44,8,2,1,5,37,10,61,0,1,1
21,Mechanical,3,7.16,78.43,85,15,1,0,0,2,23,16,43,0,0,1
20,Chemical,3,8.04,74.87,122,14,5,2,7,4,19,15,55,1,0,1
20,EEE,3,8.19,67.56,144,42,5,1,2,4,25,10,52,0,0,1
21,CSE,2,7.67,86.09,237,40,2,1,6,2,79,9,44,0,0,1
18,CSE,2,9.47,70.08,278,62,2,2,8,3,68,12,54,0,1,1
21,AIML,1,7.16,78.46,380,61,4,2,5,2,86,32,49,0,1,1
18,Mechanical,2,7.11,81.22,109,34,2,3,4,2,21,5,57,0,1,1
21,EEE,3,7.0,58.55,251,29,4,1,2,2,39,13,45,0,1,1
22,AIML,2,8.46,69.03,251,27,4,0,2,3,70,11,69,1,1,1
21,Mechanical,3,7.66,83.23,131,56,6,0,4,1,19,25,39,0,0,1
22,AIML,1,6.12,70.05,219,25,3,1,2,1,62,5,41,0,1,1
18,EEE,3,7.07,76.57,99,35,5,0,2,0,25,10,45,1,1,1
19,IT,2,6.99,72.17,268,46,2,0,5,1,83,25,29,0,1,1
22,AIML,2,8.94,83.35,266,32,5,3,3,2,70,17,62,0,1,1
22,ECE,2,6.81,62.65,165,23,3,0,1,1,30,18,42,0,0,1
22,Chemical,3,7.34,78.0,147,32,1,0,6,2,27,19,47,0,0,1
22,EEE,3,6.01,67.4,41,16,1,0,3,2,12,19,32,0,0,1
22,IT,2,7.63,72.28,248,21,3,1,9,2,69,12,30,1,1,1
22,ECE,3,8.95,68.44,166,51,5,0,7,2,25,26,49,1,1,1
22,ECE,2,6.79,60.19,89,41,2,0,1,1,27,4,73,0,1,1
22,CSE,2,8.29,74.87,200,52,7,3,9,3,73,6,36,0,1,0
19,Mechanical,3,7.17,80.89,90,51,2,1,2,3,19,2,55,1,0,1
19,AIML,2,7.48,74.68,206,55,3,0,5,0,57,5,42,0,1,1
21,ECE,2,8.03,68.2,254,41,4,1,1,0,37,18,64,0,1,1
21,CSE,2,6.43,68.69,257,37,5,2,4,1,83,19,57,1,1,1
22,Mechanical,3,6.7,68.83,102,45,1,1,2,3,11,8,56,0,0,1
20,CSE,3,6.58,64.62,182,37,3,2,4,1,54,19,60,0,1,1
20,IT,3,8.79,80.38,214,61,3,1,4,3,55,25,41,0,1,1
22,IT,3,8.25,68.95,274,33,5,1,2,3,62,20,59,0,1,1
20,Mechanical,3,8.19,70.76,113,46,2,0,2,1,21,9,66,1,1,1
23,Chemical,2,8.36,68.43,153,70,2,0,3,2,31,14,57,0,1,1
20,CSE,3,8.04,69.76,165,32,5,1,2,2,47,25,33,0,1,1
21,CSE,2,6.12,79.68,216,20,1,0,4,3,64,5,53,0,1,1
21,EEE,2,6.99,66.8,101,34,2,0,5,1,21,15,41,0,1,1
20,AIML,3,7.17,68.94,159,46,5,1,7,3,40,19,49,1,1,1
18,CSE,2,7.61,79.33,191,12,3,2,4,4,61,8,42,0,1,1
20,AIML,3,6.49,77.41,176,15,5,2,2,2,53,5,45,0,0,1
20,AIML,3,6.17,65.59,270,56,4,1,2,4,76,8,53,1,1,1
20,ECE,3,6.45,78.83,113,55,1,2,3,1,22,13,38,0,0,1
22,ECE,1,7.11,65.25,159,47,4,1,3,3,30,10,63,1,1,1
19,IT,2,7.19,77.16,249,50,5,1,6,0,75,18,59,0,1,1
21,AIML,3,7.71,73.56,206,39,2,1,4,1,45,25,43,0,1,1
19,AIML,3,7.22,75.54,212,37,3,1,6,1,55,14,68,1,1,1
24,Civil,2,8.54,80.95,149,43,3,1,6,3,22,29,72,0,1,1
22,ECE,2,8.03,74.63,126,32,7,1,3,2,28,20,59,0,1,1
25,Civil,3,7.09,75.76,110,22,6,0,5,3,21,23,61,0,0,1
23,Chemical,3,7.73,79.65,208,46,4,1,2,0,34,38,32,0,1,1
20,ECE,2,7.41,61.8,110,25,2,2,4,2,19,23,42,0,1,1
22,Chemical,3,6.85,65.22,82,30,3,0,1,1,22,32,49,1,0,1
20,CSE,3,7.4,79.51,194,41,7,0,4,5,51,8,62,0,0,1
23,IT,2,7.85,61.12,217,25,2,3,3,3,69,14,56,0,1,1
21,EEE,1,8.6,69.05,196,66,4,3,6,0,29,19,60,1,1,1
21,AIML,3,9.22,89.77,253,41,3,0,3,4,72,34,43,0,1,1
23,EEE,3,8.43,73.83,228,47,2,0,1,0,36,19,54,1,1,1
23,Civil,3,6.5,71.67,177,40,0,0,3,1,34,30,63,1,0,1
24,Chemical,3,5.99,71.51,37,48,2,1,3,3,16,19,39,0,0,1
19,ECE,2,8.6,80.17,122,62,6,5,5,1,21,25,61,0,1,1
20,Mechanical,3,7.24,69.09,151,52,3,1,0,2,21,36,44,1,1,1
20,EEE,3,6.75,68.62,68,24,3,0,3,1,23,23,43,1,0,1
21,IT,2,8.89,92.99,205,40,4,2,6,4,65,24,38,0,1,1
21,IT,2,7.34,63.72,185,24,3,2,4,0,60,31,44,0,1,1
20,EEE,3,7.26,67.87,92,46,0,2,1,0,21,14,65,0,1,1
22,IT,3,6.81,63.15,198,27,3,3,4,5,42,16,39,0,1,1
20,Mechanical,1,6.02,67.38,217,13,1,3,1,3,30,14,54,0,1,0
22,CSE,2,6.72,64.51,184,14,5,1,4,6,53,24,57,0,1,1
23,Mechanical,2,6.96,80.64,77,54,5,3,4,2,16,13,47,1,0,0
21,ECE,2,6.11,80.14,106,0,3,0,2,2,23,18,66,0,0,1
21,CSE,3,7.42,72.96,281,68,1,1,3,4,80,9,50,0,1,1
20,Civil,3,7.58,66.59,153,53,4,0,5,3,30,7,57,0,1,1
20,ECE,3,8.12,88.24,123,33,5,0,5,2,23,17,62,0,1,1
22,Mechanical,2,6.86,66.1,114,32,1,2,3,0,19,13,64,1,0,1
21,CSE,2,5.91,69.92,161,32,4,0,1,2,60,16,75,0,0,1
19,CSE,3,7.07,74.67,259,38,2,1,7,2,67,17,34,1,0,1
25,Civil,2,6.44,63.18,75,29,4,1,2,1,22,28,67,0,0,1
22,ECE,2,7.48,70.44,182,37,2,0,3,1,29,32,23,0,1,1
23,AIML,2,8.24,88.79,199,62,4,2,1,3,72,15,36,1,1,1
21,ECE,3,6.9,73.45,75,52,4,1,2,3,17,4,47,0,1,1
24,IT,3,7.29,76.22,154,53,3,2,3,4,51,25,52,1,1,1
20,Chemical,3,5.61,73.1,84,41,2,0,3,2,21,2,64,0,0,1
20,CSE,3,7.02,74.91,165,26,3,2,3,2,39,14,67,0,1,1
23,ECE,2,8.86,84.88,124,38,6,2,5,4,24,17,53,1,1,1
23,IT,3,7.82,78.3,280,40,4,2,6,3,79,22,77,1,1,1
21,CSE,2,6.84,70.41,217,35,4,1,4,1,51,20,42,0,1,1
19,Mechanical,3,6.4,92.06,51,25,1,1,4,2,8,21,58,0,0,1
20,CSE,2,7.48,69.29,266,47,1,0,3,5,72,8,44,0,1,1
22,AIML,1,8.18,72.99,287,53,3,2,7,0,61,13,66,0,1,1
23,ECE,3,6.7,80.65,57,19,2,0,3,1,17,10,73,0,1,1
20,ECE,2,7.34,78.53,124,52,2,1,2,2,21,16,42,0,1,0
19,Civil,1,6.11,66.23,111,33,3,1,3,1,23,0,56,1,0,1
22,EEE,3,8.04,71.89,194,50,4,1,0,6,42,20,45,1,0,1
22,CSE,2,6.77,71.24,175,51,1,1,3,2,48,15,53,0,1,1
21,CSE,3,7.89,77.03,215,54,6,2,3,3,53,18,48,1,1,1
21,EEE,1,8.05,75.37,232,52,7,5,3,2,38,19,63,0,1,1
25,AIML,2,7.89,71.24,260,56,4,1,2,2,74,18,39,0,1,1
20,CSE,2,7.28,77.66,258,34,6,0,2,3,81,6,75,1,1,0
21,Chemical,3,8.75,78.08,122,60,1,1,2,2,27,23,59,0,0,1
21,Mechanical,3,6.8,77.57,61,23,3,1,1,2,22,11,27,0,0,0
21,IT,2,8.91,79.22,251,43,4,1,2,3,69,26,58,1,1,1
23,CSE,2,7.72,63.77,229,18,5,3,5,4,78,22,70,0,1,1
21,Mechanical,3,7.46,76.98,199,58,1,1,4,1,34,20,43,0,0,0
21,EEE,3,7.15,79.44,87,36,1,2,0,0,22,21,27,1,1,1
19,IT,2,7.6,76.81,255,33,4,2,6,1,68,18,49,0,1,1
22,ECE,3,7.36,62.21,145,41,3,0,6,5,23,2,52,1,1,1
20,Civil,3,8.83,80.05,100,49,4,1,2,2,15,12,45,0,1,1
18,CSE,3,6.32,66.72,128,6,6,1,3,2,37,11,47,1,0,0
21,Mechanical,2,7.33,73.69,115,43,2,2,3,2,22,0,61,0,0,1
21,Civil,1,6.95,75.51,145,55,2,1,1,1,20,19,81,0,0,1
25,ECE,2,7.01,70.55,89,41,2,1,2,1,21,19,51,0,1,1
22,Chemical,3,7.36,77.82,60,34,1,2,2,1,6,24,50,0,0,1
23,AIML,2,8.78,81.29,243,45,5,2,5,3,63,32,33,0,1,1
20,Mechanical,2,7.91,77.63,131,44,0,3,2,0,24,21,55,1,1,1
21,ECE,2,6.69,68.73,62,43,4,1,5,1,10,6,53,0,1,1
25,IT,3,7.1,79.55,288,41,4,3,5,2,75,10,60,0,1,1
21,EEE,2,8.48,87.29,263,29,5,1,2,0,30,40,47,0,1,1
22,EEE,1,7.25,73.0,159,38,3,1,2,2,25,15,46,0,1,1
21,IT,1,7.86,71.7,267,54,3,1,2,3,78,15,40,1,1,1
20,IT,2,7.85,72.2,332,45,4,2,4,3,83,20,71,0,1,1
21,ECE,2,7.31,78.89,114,18,1,0,3,2,19,18,21,0,0,1
20,Chemical,3,6.57,71.68,50,31,1,0,3,4,11,29,44,0,0,1
18,Mechanical,2,7.71,72.97,126,32,5,2,5,1,14,29,38,0,1,1
20,IT,3,9.31,74.57,249,51,6,1,9,1,72,12,52,0,1,1
20,IT,1,7.35,76.24,249,42,4,2,5,2,77,15,67,0,1,1
21,Civil,2,7.04,76.8,107,35,4,1,5,1,18,17,54,0,1,1
23,Mechanical,3,7.98,74.99,173,37,3,2,3,2,32,7,37,1,0,1
21,EEE,2,9.53,82.37,139,70,6,0,3,2,24,27,64,0,1,1
23,Mechanical,2,6.78,75.13,103,29,8,1,2,2,16,10,47,0,0,1
21,CSE,2,6.5,77.2,260,34,5,1,4,2,76,22,68,0,1,1
18,CSE,2,8.18,69.99,325,21,4,3,7,4,95,22,62,0,1,1
20,IT,1,8.45,71.99,296,59,5,0,4,3,92,23,44,0,1,1
24,ECE,3,6.52,68.01,142,29,1,1,4,2,27,4,57,0,0,1
21,Mechanical,2,7.25,73.35,172,28,2,1,1,3,24,1,51,0,0,1
24,Mechanical,3,6.37,67.08,139,15,2,4,2,2,22,14,44,0,1,1
20,Civil,1,7.44,71.79,183,37,5,2,3,1,33,19,48,1,1,1
22,AIML,2,7.25,78.21,264,56,5,4,11,2,72,11,57,0,1,1
22,Mechanical,2,8.31,66.41,100,54,1,0,3,0,24,24,62,0,1,1
25,Chemical,1,8.79,72.54,218,45,3,1,7,2,31,21,36,0,1,0
18,AIML,3,7.27,68.42,182,31,1,2,4,2,60,11,45,0,1,0
24,CSE,2,8.78,86.78,261,66,5,0,4,4,64,35,53,1,1,1
21,Civil,3,8.17,76.62,142,33,1,2,3,1,19,20,65,0,1,1
23,CSE,2,6.38,71.94,161,35,7,1,3,4,43,17,52,0,0,1
21,Mechanical,2,8.46,71.17,111,44,2,2,2,3,24,15,57,0,1,1
21,IT,3,8.04,72.22,227,64,5,0,5,1,49,6,68,0,1,1
21,IT,2,9.13,61.16,302,48,5,1,3,0,76,25,47,0,1,1
23,Chemical,2,7.73,75.03,105,72,6,0,2,5,23,10,39,1,0,1
20,IT,3,8.86,73.54,235,52,4,1,4,2,74,27,41,0,1,1
21,IT,2,6.03,57.86,142,14,0,0,5,4,54,23,79,0,0,1
21,CSE,3,6.97,74.32,270,50,5,2,2,3,59,4,46,0,1,1
22,CSE,3,5.67,61.48,165,48,3,0,3,5,52,18,54,0,0,1
21,IT,2,7.24,73.71,174,41,5,0,8,3,51,9,49,0,1,1
22,EEE,2,7.64,76.31,150,52,6,0,4,1,29,4,47,0,0,1
21,CSE,3,7.33,92.73,240,66,5,1,3,4,74,17,65,0,1,1
22,IT,3,8.14,73.17,230,52,9,0,1,4,75,27,52,0,1,1
22,IT,3,9.46,81.45,240,32,3,1,9,4,65,16,44,0,1,1
22,Mechanical,3,7.04,72.06,127,25,1,0,6,1,27,31,64,0,0,1
23,AIML,3,8.43,71.49,251,46,7,1,6,4,79,21,52,0,1,1
21,Civil,2,8.1,77.21,185,41,5,0,5,4,29,21,47,0,0,1
20,Chemical,2,7.82,80.26,131,31,4,1,3,0,25,14,51,0,0,1
22,AIML,1,8.48,80.79,296,62,3,2,2,2,75,24,84,0,1,1
19,IT,1,7.46,78.57,346,35,6,4,4,3,76,17,64,0,1,1
20,Mechanical,1,8.65,71.97,167,74,5,1,2,2,21,22,38,1,1,1
22,AIML,2,6.27,70.45,219,29,1,1,1,4,68,7,45,0,0,1
21,Civil,1,7.88,63.94,196,51,7,0,6,2,34,27,49,0,1,1
21,Chemical,1,7.49,61.74,228,61,2,5,4,1,44,25,51,0,1,1
25,EEE,2,9.62,92.52,253,63,5,1,4,1,34,21,59,0,1,1
20,CSE,2,6.59,71.72,206,41,5,2,4,4,64,15,65,0,1,1
18,CSE,3,7.77,79.13,198,55,4,4,4,5,66,27,52,0,1,1
19,IT,3,8.43,81.25,223,60,9,0,9,3,61,21,56,0,1,1
20,AIML,3,6.87,71.65,205,42,4,1,3,1,53,31,56,0,1,1
22,Mechanical,1,7.78,84.1,233,48,3,2,4,5,34,17,61,0,1,1
22,ECE,2,7.07,71.51,105,52,1,0,3,2,18,8,58,0,0,1
21,EEE,3,6.98,57.11,60,35,3,1,3,3,16,18,51,0,0,1
20,EEE,3,8.79,79.2,207,37,4,0,2,2,25,27,44,0,1,1
21,CSE,2,5.9,75.29,143,56,4,1,4,2,66,19,57,0,0,1
18,Mechanical,3,7.59,64.26,97,41,2,0,5,0,21,20,53,0,1,1
22,Civil,2,5.73,66.22,82,18,2,2,3,1,20,29,48,0,0,1
21,ECE,3,8.16,83.75,132,51,6,0,5,3,25,23,60,1,1,1
18,EEE,2,7.18,79.04,116,16,4,1,5,0,27,28,62,0,1,1
22,CSE,2,6.04,68.25,184,39,5,0,1,5,44,23,42,0,1,0
22,EEE,2,7.38,68.07,88,36,5,0,2,1,20,17,57,1,0,1
20,Chemical,1,6.73,71.33,153,10,3,0,2,2,23,12,53,1,1,1
22,Mechanical,1,8.6,79.06,176,48,5,1,3,1,31,27,57,0,1,1
21,CSE,2,8.39,81.87,256,33,6,2,1,4,67,22,46,0,1,1
20,IT,3,6.38,69.26,216,36,3,1,3,3,61,16,35,0,1,1
20,Chemical,2,7.97,86.22,195,39,4,1,2,2,32,17,58,0,1,1
22,EEE,3,6.8,73.24,128,24,6,0,3,1,23,28,50,0,0,1
24,IT,3,7.11,70.12,167,44,8,0,4,4,38,15,64,0,1,1
21,EEE,2,9.2,75.39,132,31,4,1,4,2,15,17,42,0,1,1
21,CSE,2,7.18,66.83,196,27,0,2,1,4,53,30,63,0,0,1
22,Chemical,3,8.6,84.51,187,48,4,3,1,2,37,27,60,1,1,1
21,IT,2,9.01,77.25,243,48,3,3,4,2,65,30,59,0,1,1
19,CSE,3,7.09,52.52,147,31,3,1,4,0,50,11,62,0,1,1
21,CSE,3,7.6,71.42,319,29,4,4,4,2,79,29,48,0,0,1
23,CSE,2,7.11,81.19,178,26,4,1,5,4,49,24,59,0,1,1
22,EEE,3,7.37,70.2,139,47,2,1,3,6,15,21,39,0,1,1
24,Mechanical,1,8.32,67.02,175,47,4,2,7,5,28,20,57,1,1,1
20,EEE,2,7.44,70.3,157,52,5,2,2,1,29,42,57,0,1,1
21,IT,1,8.1,79.85,279,25,9,0,4,1,77,18,70,0,1,1
21,Mechanical,2,6.92,70.25,143,45,5,2,3,0,17,19,45,0,1,1
20,Civil,3,6.6,64.38,53,34,1,1,3,2,13,25,42,1,0,1
20,EEE,2,7.2,76.93,128,34,3,0,2,4,23,15,59,0,1,1
22,EEE,2,7.64,82.29,87,42,4,1,1,1,16,33,58,1,1,1
22,CSE,2,8.61,87.58,245,49,4,1,6,2,62,19,60,0,1,1
22,Civil,2,7.36,74.76,94,40,5,1,2,0,22,39,40,0,1,1
20,CSE,1,8.11,74.52,268,28,7,3,5,3,77,15,64,0,1,1
21,Mechanical,1,6.97,75.12,172,28,6,2,0,2,28,20,58,0,1,1
18,IT,2,8.25,84.97,249,48,4,0,5,1,70,17,42,0,1,1
19,CSE,2,7.18,80.05,169,39,3,2,2,3,57,27,48,0,1,1
21,CSE,2,7.33,72.73,180,28,0,2,3,4,60,21,53,0,0,1
20,Chemical,3,7.42,66.89,126,51,2,0,4,1,22,6,55,0,0,1
24,ECE,2,7.05,74.09,72,38,4,1,3,0,22,1,45,0,1,1
21,ECE,1,6.82,71.56,201,41,5,0,6,1,32,17,52,0,1,1
19,Chemical,2,7.9,78.29,131,61,6,1,4,1,15,20,62,0,1,1
18,ECE,2,8.29,68.69,139,49,8,0,7,1,29,31,39,0,0,0
22,Civil,2,6.38,65.64,104,28,3,4,3,1,26,29,63,0,1,1
20,Civil,3,7.58,80.23,91,17,2,2,4,2,20,23,42,0,0,1
20,Mechanical,1,7.96,76.62,243,27,1,1,2,2,36,15,65,0,1,1
21,CSE,2,7.21,64.66,170,21,0,2,7,0,57,7,57,0,1,1
20,Chemical,2,7.2,82.05,151,18,4,0,3,3,26,26,45,1,1,0
21,EEE,3,8.27,74.25,116,44,0,0,4,2,26,18,44,0,0,1
21,IT,2,9.36,82.44,343,21,1,0,4,5,77,27,67,1,1,1
19,Mechanical,3,8.47,73.53,89,44,0,0,5,2,19,7,38,1,0,1
22,CSE,2,7.97,77.26,197,42,4,1,9,3,48,16,62,1,1,1
21,CSE,2,8.52,86.26,210,49,4,1,7,2,54,11,56,0,1,1
21,Mechanical,1,8.16,85.17,170,51,1,3,3,3,31,17,79,0,1,1
18,EEE,2,6.93,82.84,127,41,2,0,0,3,18,17,50,0,0,1
22,ECE,3,7.67,71.05,107,49,3,0,3,3,11,16,36,0,1,1
20,Mechanical,2,6.37,74.75,232,22,3,1,3,2,27,7,60,1,0,1
21,Chemical,2,6.88,60.16,120,29,1,0,3,0,21,21,56,0,1,1
20,CSE,1,8.56,79.52,337,85,4,1,5,4,85,9,50,0,1,1
25,IT,1,7.6,87.11,232,52,4,2,4,3,70,9,36,0,1,1
20,AIML,2,6.8,63.15,177,49,4,1,7,3,52,10,73,1,0,1
23,Chemical,3,6.84,65.92,204,16,3,1,1,0,31,9,34,0,0,1
23,CSE,2,6.47,69.55,178,49,6,0,3,6,59,17,39,0,0,1
21,IT,3,7.63,72.57,188,16,2,1,3,2,55,15,48,1,0,1
20,Civil,3,6.99,78.01,63,14,3,0,0,0,23,12,46,1,1,1
21,Mechanical,1,7.54,79.31,171,51,3,4,6,1,33,32,66,1,1,1
25,CSE,3,7.7,60.3,206,62,6,0,6,2,67,13,56,0,0,1
21,Chemical,3,7.64,67.02,72,25,6,2,3,0,18,30,52,0,0,1
21,CSE,1,6.74,70.39,300,20,4,2,7,2,89,6,48,0,1,1
19,ECE,3,6.37,66.28,90,26,1,1,3,1,3,4,59,0,0,1
23,AIML,2,7.44,76.26,241,7,6,2,2,4,63,11,59,0,1,1
19,EEE,1,8.3,79.34,179,47,5,0,2,2,27,16,64,0,1,1
19,AIML,2,6.93,56.37,260,43,6,2,7,5,77,12,42,1,1,1
20,Mechanical,3,6.9,69.82,71,27,1,3,6,2,19,15,58,0,0,1
21,ECE,2,7.62,68.35,123,10,3,0,2,1,24,40,45,1,1,1
23,IT,3,7.45,74.61,194,30,4,0,8,1,62,7,54,0,0,1
22,Civil,3,7.31,78.01,80,56,5,0,4,10,29,4,44,0,0,1
20,Mechanical,2,7.83,73.53,135,52,4,0,3,0,18,25,42,0,0,1
21,ECE,3,6.58,62.05,87,34,1,1,1,1,13,24,43,0,0,1
22,ECE,3,8.64,86.85,148,45,3,1,3,2,18,25,39,1,1,1
21,ECE,2,7.25,67.66,95,34,4,3,1,1,24,17,52,0,1,1
20,ECE,3,8.78,74.4,135,58,3,3,4,4,28,8,40,0,0,1
21,Civil,2,5.65,54.74,91,39,2,0,1,0,15,1,35,0,0,1
22,CSE,3,5.91,72.63,182,12,6,1,4,6,28,19,45,0,0,1
25,IT,1,7.68,74.68,379,37,6,3,4,3,100,25,53,0,1,1
22,Mechanical,3,8.2,79.68,204,38,4,0,5,2,38,18,46,0,1,0
18,Chemical,3,7.55,68.5,137,55,2,3,0,1,18,16,43,0,0,1
22,CSE,3,7.26,77.77,194,53,3,2,3,0,46,11,45,0,1,1
20,CSE,2,7.74,84.69,237,31,6,1,6,2,84,24,46,0,1,1
23,Mechanical,1,7.73,58.72,161,48,7,2,1,2,25,26,37,1,1,1
21,Chemical,3,9.02,81.97,114,58,2,1,3,3,24,20,52,0,1,1
20,Mechanical,1,7.31,63.16,190,38,2,1,3,2,30,17,55,0,1,1
21,ECE,3,8.43,80.15,101,46,0,1,2,5,18,30,42,0,0,1
20,AIML,2,6.87,79.48,216,54,5,3,6,3,63,32,49,1,1,1
20,Chemical,2,7.25,65.96,166,32,1,0,2,2,36,26,46,0,0,1
21,Mechanical,2,6.67,65.69,98,51,1,2,4,4,35,29,54,0,1,1
22,Mechanical,1,8.47,78.07,175,60,2,2,3,5,20,21,48,0,1,1
23,Civil,3,8.38,76.71,172,48,3,1,2,1,28,8,64,0,0,1
21,Civil,3,7.2,63.47,201,28,4,0,1,0,31,15,48,0,0,1
19,CSE,3,7.81,71.03,296,48,3,1,4,0,82,30,47,1,1,1
21,CSE,3,7.46,68.47,285,43,4,2,5,2,72,26,61,0,0,1
21,AIML,2,8.01,74.02,305,21,1,3,3,5,74,18,54,0,1,1
20,Civil,1,8.76,90.3,214,55,1,0,0,1,25,12,63,0,1,1
23,ECE,2,6.53,71.99,107,25,2,2,2,0,26,11,34,0,0,1
25,EEE,2,6.6,63.6,82,41,3,4,1,1,20,18,69,0,1,1
19,IT,1,7.28,75.2,371,56,3,0,4,4,88,12,39,0,1,1
22,ECE,2,7.13,71.0,96,14,1,0,4,3,19,11,36,0,0,1
22,IT,2,7.68,84.64,196,27,11,5,7,3,71,27,56,1,1,1
20,Chemical,1,7.76,71.71,151,26,2,1,1,0,30,33,81,1,1,1
22,IT,3,7.18,70.85,157,25,2,0,4,2,50,13,26,0,0,1
19,Civil,2,7.44,81.58,81,41,8,2,5,1,31,9,63,0,0,1
19,CSE,2,7.69,68.67,249,35,2,1,6,4,51,16,45,1,1,1
25,IT,3,6.7,63.09,176,15,3,1,3,1,65,10,63,0,0,1
22,CSE,2,5.7,70.14,175,8,9,3,3,3,74,2,57,0,1,1
20,AIML,3,6.58,72.24,139,2,4,0,2,1,56,9,71,0,1,1
21,EEE,3,8.29,67.23,109,52,4,1,2,2,16,16,54,0,1,1
24,CSE,1,5.55,53.83,224,19,2,1,4,10,57,0,64,0,1,1
21,ECE,1,8.71,80.13,180,30,2,2,5,1,29,17,59,0,1,1
23,CSE,1,7.27,75.46,310,29,7,1,6,3,89,24,64,1,1,1
23,Chemical,3,8.07,79.62,136,43,9,1,1,2,39,17,36,0,0,1
20,CSE,2,6.63,78.28,229,27,5,4,5,3,58,8,59,0,1,1
22,Mechanical,2,5.37,67.88,110,38,3,0,2,2,21,0,61,0,0,1
22,Civil,2,6.77,70.58,104,39,3,2,2,1,18,19,79,0,0,1
22,Chemical,2,7.39,78.66,185,35,7,2,4,4,28,28,61,0,1,1
21,EEE,2,7.83,75.77,121,26,7,0,5,1,23,8,40,0,0,1
19,EEE,2,6.3,59.68,85,46,1,1,3,1,15,7,56,1,0,1
20,ECE,2,7.82,76.66,106,50,1,2,2,1,26,41,61,0,1,1
21,Mechanical,2,7.52,78.63,162,13,2,1,2,2,35,24,55,1,1,1
22,Civil,3,6.83,65.47,117,47,1,1,3,2,22,29,49,0,0,1
22,ECE,3,7.45,85.82,127,46,2,0,4,1,28,24,54,0,0,1
21,Mechanical,2,7.58,72.03,115,46,2,2,5,0,25,15,53,0,0,1
19,Chemical,1,8.2,83.75,258,53,4,1,5,1,38,2,48,0,1,1
18,CSE,3,7.52,67.19,178,43,4,1,3,2,42,15,60,0,1,1
22,EEE,1,7.84,80.87,238,61,7,2,0,4,44,15,93,0,1,1
21,CSE,2,9.18,89.0,284,47,3,0,5,1,71,22,73,0,1,1
22,ECE,2,5.85,63.11,61,0,2,1,2,0,16,4,45,0,0,1
20,Mechanical,3,6.24,72.01,70,38,0,0,6,0,16,22,52,0,0,1
21,IT,3,8.28,74.82,237,57,6,4,4,4,70,16,69,0,1,1
23,CSE,3,6.1,62.35,163,31,3,0,3,3,56,16,53,1,1,1
20,Civil,2,8.26,77.23,341,36,4,3,1,2,39,29,44,0,1,1
19,AIML,1,8.02,73.4,321,56,8,2,8,4,81,18,48,0,1,1
22,ECE,2,6.39,68.6,93,36,3,0,3,1,29,21,50,0,1,1
21,CSE,2,8.34,68.52,207,19,5,1,1,3,59,28,46,0,1,1
24,Chemical,2,8.51,83.23,235,41,5,1,5,2,40,4,69,0,1,1
23,IT,3,7.38,70.67,274,23,4,0,2,5,89,22,52,0,0,1
22,Civil,2,7.42,71.66,174,40,0,0,1,3,31,18,43,1,0,1
18,IT,2,8.6,70.21,193,34,5,1,8,3,45,21,67,0,1,1
21,IT,1,6.31,77.73,264,54,3,0,0,2,72,11,69,1,1,1
23,AIML,3,7.94,66.24,221,17,4,1,6,5,62,28,52,0,1,1
21,IT,2,6.27,58.84,178,61,5,0,2,3,40,29,47,1,0,1
24,Civil,2,7.99,76.56,160,73,2,1,3,1,23,25,39,0,0,1
22,EEE,2,7.39,70.17,115,30,4,0,5,0,24,26,42,0,0,1
19,CSE,2,7.47,78.3,198,31,4,1,2,2,57,13,65,0,1,1
21,ECE,2,8.9,89.33,209,57,2,1,4,1,27,23,73,0,1,1
22,ECE,2,6.17,78.73,71,48,5,1,2,2,23,24,56,0,1,1
19,Mechanical,2,8.11,82.65,131,32,1,1,3,0,24,22,63,0,0,1
20,Mechanical,1,7.69,68.22,213,34,8,3,2,3,37,20,66,0,1,1
22,ECE,2,7.58,81.59,112,61,4,1,2,2,25,18,55,0,1,0
20,Civil,2,8.23,73.16,210,53,4,1,4,1,29,18,49,0,1,1
20,EEE,3,8.04,67.73,156,41,7,4,1,1,36,10,40,0,1,1
22,IT,3,7.88,79.02,215,39,4,2,6,6,67,32,74,1,1,1
22,IT,1,7.01,69.41,305,60,3,2,5,1,78,18,41,0,1,0
21,Civil,3,7.88,74.1,98,39,1,2,3,4,17,14,40,0,0,1
24,AIML,2,8.15,80.79,184,33,1,0,3,5,56,24,45,0,1,1
24,CSE,2,7.93,80.82,228,46,6,1,5,2,64,9,53,0,1,1
21,Mechanical,1,8.29,74.38,227,54,4,1,2,2,33,24,59,0,1,1
20,ECE,2,7.58,75.22,124,27,3,0,2,2,20,22,58,0,1,1
22,AIML,2,6.51,77.3,181,36,4,1,2,4,50,14,53,0,1,1
20,Civil,2,7.16,67.83,86,37,1,0,1,1,16,17,48,0,1,1
23,CSE,3,6.95,61.15,201,42,4,0,6,2,63,22,60,1,0,1
21,Mechanical,1,7.77,71.44,213,57,2,1,2,1,30,18,66,0,1,1
21,IT,3,7.01,70.16,149,41,4,0,3,3,39,4,67,0,0,1
21,Mechanical,2,9.04,77.99,156,60,1,2,6,3,29,13,58,0,1,1
21,Mechanical,2,7.89,91.08,138,33,6,2,2,1,25,20,43,0,0,1
24,CSE,2,7.45,68.75,281,41,8,4,4,1,62,22,65,0,1,1
20,Civil,2,7.74,73.61,185,28,3,1,3,6,27,7,55,0,1,1
24,EEE,3,7.71,68.64,197,26,2,3,7,2,33,15,54,0,1,1
19,Civil,1,9.6,82.35,220,63,7,2,4,2,32,22,70,0,1,1
22,CSE,3,7.73,78.41,212,40,2,2,0,1,59,10,44,0,1,1
23,Mechanical,3,7.01,77.66,138,44,4,0,3,3,25,16,41,0,0,1
21,Chemical,2,6.63,72.98,126,32,2,1,2,4,19,22,45,0,0,1
19,Mechanical,3,7.55,74.81,149,28,4,3,6,0,26,6,57,0,0,1
22,Civil,2,9.24,62.61,141,80,2,4,8,1,21,17,28,0,1,1
23,IT,3,7.22,78.11,288,26,3,0,2,4,64,0,57,0,1,1
20,Mechanical,2,6.71,81.09,187,31,4,1,1,3,33,18,56,0,1,1
21,ECE,2,8.34,71.22,137,73,5,0,4,2,26,20,48,0,1,1
22,IT,3,7.45,67.79,200,37,3,0,4,1,65,17,40,0,1,1
20,EEE,3,5.96,61.42,126,27,2,0,2,1,15,1,37,0,0,1
22,IT,3,7.53,78.42,175,36,5,0,4,2,42,19,36,0,1,1
21,Chemical,2,8.47,69.2,113,22,7,1,3,1,13,12,52,0,1,1
20,Mechanical,2,5.72,67.41,91,18,2,0,3,2,23,11,65,0,0,1
23,Civil,3,7.96,65.07,122,53,4,0,3,2,15,14,48,0,0,1
20,EEE,2,6.44,73.51,74,25,2,1,1,2,14,11,58,0,0,1
24,Civil,3,7.18,69.93,66,10,4,0,7,2,23,20,53,1,0,1
21,IT,3,6.95,73.73,141,18,5,1,3,2,68,14,43,0,1,1
21,EEE,3,8.29,70.56,105,51,8,0,2,1,24,8,35,0,1,1
21,IT,3,8.2,71.25,256,42,3,2,6,5,61,34,76,0,1,1
21,EEE,1,6.6,67.11,124,63,4,2,5,0,18,0,54,0,1,1
22,CSE,2,5.81,62.63,164,11,2,1,3,3,41,9,55,0,1,1
22,Mechanical,3,6.06,63.1,123,31,3,0,1,1,16,12,62,0,0,0
22,ECE,3,7.71,65.72,99,34,1,0,7,2,24,7,43,1,0,1
21,Chemical,2,5.56,71.09,80,25,3,2,2,0,6,24,46,0,0,1
20,Civil,3,6.8,73.87,91,16,1,0,1,1,8,22,54,1,0,1
19,EEE,1,8.54,74.38,264,35,2,4,4,5,24,19,49,0,1,1
22,AIML,1,8.26,81.71,265,59,3,2,4,0,87,10,48,1,1,1
21,EEE,1,6.31,80.53,119,29,1,1,1,1,22,9,58,0,1,1
21,Mechanical,1,7.92,70.38,298,57,1,0,3,3,38,25,45,0,1,1
21,ECE,1,6.94,73.66,259,32,4,2,4,4,26,19,32,0,1,1
21,EEE,1,7.2,74.52,214,44,3,1,0,0,29,17,62,0,1,1
22,Civil,3,6.86,67.48,49,29,2,0,3,1,13,15,39,1,0,1
21,CSE,2,7.11,63.65,283,35,3,1,5,4,69,28,36,0,1,0
25,ECE,2,7.43,90.91,81,27,0,1,1,0,6,26,48,0,0,1
20,Civil,2,6.87,74.4,111,38,3,1,3,0,31,13,39,0,0,1
21,IT,2,6.91,72.32,194,59,3,0,1,2,59,20,54,1,1,1
19,Civil,2,8.26,78.71,120,47,3,2,4,4,20,23,77,0,0,1
22,ECE,3,7.35,90.51,107,60,1,0,2,3,11,17,65,1,0,1
21,IT,1,6.82,70.31,283,44,3,4,3,1,69,15,65,1,1,1
21,Chemical,3,7.44,74.14,196,41,2,1,1,2,25,14,35,0,0,1
22,CSE,2,6.24,70.37,221,18,6,1,4,2,61,7,51,1,1,1
21,IT,2,7.6,81.95,239,34,3,0,4,2,66,22,74,0,1,1
20,AIML,2,7.98,77.41,201,54,1,0,3,4,55,16,45,1,1,1
21,Chemical,1,8.44,66.13,179,28,7,4,1,0,24,34,53,0,1,1
19,CSE,2,7.86,62.79,226,38,4,1,5,6,73,12,61,0,1,1
23,CSE,3,6.43,77.82,213,42,1,2,2,2,59,17,71,1,1,1
22,AIML,1,7.27,74.99,313,41,2,3,6,3,75,21,35,0,1,1
22,EEE,2,8.47,74.77,203,84,4,1,4,2,28,19,48,0,1,1
23,AIML,2,7.23,67.6,346,46,2,3,3,3,79,23,36,0,1,1
22,IT,3,7.28,85.51,163,39,3,0,4,1,56,10,59,0,0,1
21,ECE,3,7.93,76.98,100,36,5,2,2,5,10,9,52,0,0,1
19,EEE,1,9.03,82.55,214,42,3,0,4,2,34,30,53,1,1,1
21,EEE,1,7.69,80.31,163,35,4,1,0,0,33,17,61,0,1,1
24,EEE,3,7.02,75.46,218,42,3,0,2,4,24,28,39,0,0,1
24,Mechanical,3,8.96,75.56,236,85,5,1,6,2,33,14,41,0,1,1
22,Civil,3,9.02,77.46,152,46,4,1,3,4,21,30,66,0,0,1
20,Mechanical,3,7.38,78.15,78,40,2,2,3,3,24,18,53,0,0,1
20,Mechanical,3,7.37,79.79,169,36,2,1,3,0,20,23,45,1,1,1
23,IT,2,8.27,83.87,230,40,7,2,5,4,70,16,57,1,1,1
20,Chemical,2,7.87,69.61,250,22,3,0,5,0,46,12,66,1,1,1
21,Mechanical,3,7.37,74.88,84,30,1,1,3,2,29,9,50,1,0,1
21,EEE,2,8.13,70.37,151,36,3,3,2,2,21,15,71,0,1,1
20,ECE,3,6.8,70.92,92,56,3,1,2,1,21,3,57,0,0,1
22,CSE,3,8.3,74.76,186,28,6,1,2,5,62,16,71,1,1,1
24,Chemical,3,7.91,75.27,126,43,5,0,5,5,31,12,43,0,1,1
22,CSE,3,7.74,81.22,247,50,4,0,7,1,60,3,40,0,1,1
21,ECE,3,7.26,67.27,143,41,0,2,3,3,30,7,44,0,0,1
21,IT,1,7.22,86.84,260,24,3,2,1,3,76,9,54,0,1,1
23,IT,2,6.0,77.94,161,29,4,1,4,3,53,28,69,0,1,1
21,IT,2,6.0,57.91,228,0,7,0,6,1,68,25,41,0,0,1
21,EEE,2,6.08,71.61,129,45,3,1,3,1,23,11,54,1,0,1
22,CSE,2,8.54,69.17,223,52,6,3,4,2,72,32,40,0,1,1
20,CSE,2,6.94,74.63,281,22,8,0,4,2,73,11,45,0,1,0
19,EEE,2,6.47,60.66,109,47,7,0,2,1,24,19,23,0,0,1
23,Mechanical,3,7.27,81.31,85,36,0,0,3,0,16,10,40,0,0,1
21,Mechanical,2,6.69,79.77,91,39,2,2,3,2,20,28,38,0,0,1
20,Chemical,2,7.17,69.56,140,38,1,1,0,2,21,28,48,0,0,1
20,CSE,3,7.82,76.16,170,37,5,1,3,3,58,15,29,0,1,1
25,ECE,3,7.07,63.61,180,28,1,0,1,0,18,31,45,0,0,1
22,IT,1,7.47,69.92,310,56,4,1,8,2,82,13,52,0,1,1
22,CSE,1,7.73,73.49,310,40,4,0,7,4,86,7,55,0,1,1
19,Civil,2,6.31,59.08,143,25,4,0,4,0,17,18,62,0,1,1
24,CSE,3,7.6,85.59,187,37,3,1,4,3,50,2,72,1,0,1
23,ECE,2,8.71,78.69,148,51,4,3,5,2,31,10,52,0,1,1
21,CSE,3,7.04,81.08,160,39,2,2,4,1,39,13,45,0,0,1
20,ECE,3,7.43,72.36,107,51,4,1,10,3,21,33,49,0,1,1
22,Mechanical,3,6.64,66.19,70,40,0,0,1,3,13,5,57,0,0,1
23,Mechanical,3,6.74,72.09,62,38,4,1,3,1,16,0,40,0,0,1
22,Mechanical,2,8.34,83.17,219,50,7,3,5,4,42,15,63,0,1,1
25,AIML,2,7.64,69.54,194,50,6,0,4,3,50,14,56,0,1,1
22,CSE,3,7.91,76.95,233,24,5,2,4,3,74,39,43,0,0,1
20,Mechanical,1,7.98,71.23,219,38,4,1,3,2,29,24,73,0,1,0
21,CSE,3,7.22,57.98,159,20,2,5,3,1,61,19,51,0,0,1
22,IT,3,8.38,74.12,258,35,6,2,4,1,72,27,38,0,1,1
20,Civil,2,5.98,69.87,61,29,4,0,4,2,15,10,47,0,0,1
20,IT,2,6.81,71.64,237,33,2,2,7,3,71,23,37,1,1,1
22,ECE,1,7.43,71.59,211,34,3,2,1,1,29,35,74,0,1,1
21,Chemical,2,7.54,74.59,142,34,0,0,3,1,27,17,61,1,0,1
22,Civil,2,7.25,68.48,240,22,4,0,2,2,37,22,50,0,0,1
20,CSE,3,7.53,77.38,207,28,2,4,4,6,47,31,33,1,1,1
20,Civil,1,8.91,75.2,219,22,5,0,2,2,33,20,58,0,1,1
20,ECE,3,6.37,75.92,75,24,4,0,1,0,24,10,53,0,0,1
22,Mechanical,3,8.65,67.75,247,44,1,1,2,4,33,20,40,0,0,1
22,IT,3,7.16,73.32,173,35,5,1,10,4,58,18,57,0,0,1
21,Chemical,3,7.51,77.26,116,50,4,2,1,0,26,24,43,1,0,1
21,Mechanical,1,7.77,83.38,165,53,5,4,6,2,33,20,55,0,1,1
20,ECE,3,7.59,70.31,102,36,2,1,4,0,10,34,67,0,0,1
22,IT,2,8.52,85.23,231,40,0,0,8,4,68,35,62,0,0,1
25,AIML,1,6.77,74.49,247,56,6,2,4,4,59,19,53,0,1,1
22,AIML,3,6.74,83.41,187,34,4,1,4,3,82,19,47,0,1,1
20,ECE,2,8.03,65.16,173,38,4,3,5,2,30,29,51,0,1,1
22,IT,3,6.67,72.73,188,38,3,0,2,4,73,18,36,1,1,1
20,EEE,2,5.91,68.39,126,43,1,0,5,4,23,9,42,0,1,1
19,EEE,1,8.3,77.42,167,52,3,0,1,3,30,24,62,0,1,1
20,CSE,2,6.84,77.73,190,41,9,1,4,3,65,7,42,0,1,1
19,AIML,1,8.5,86.67,317,45,6,1,2,1,83,24,48,0,1,1
20,CSE,3,6.97,74.32,216,31,3,0,4,1,62,12,57,1,0,1
22,IT,1,8.72,66.38,333,79,7,1,7,3,100,28,68,1,1,1
20,ECE,1,9.88,71.76,811,82,9,3,5,2,90,11,54,0,1,1
22,CSE,2,6.91,93.91,179,32,1,1,0,1,62,18,69,0,1,1
24,CSE,2,6.46,63.7,213,36,0,2,3,3,72,17,38,1,1,1
21,AIML,3,7.15,73.86,200,31,2,2,2,6,63,18,54,0,1,1
21,ECE,2,7.55,78.96,116,27,4,0,3,1,17,15,56,0,1,1
22,Chemical,2,6.95,78.95,127,27,2,0,5,1,33,27,56,1,0,1
19,Civil,2,6.4,65.97,93,25,2,0,3,5,21,9,50,0,0,1
21,IT,2,7.31,83.19,186,48,6,1,3,3,56,29,44,0,1,1
21,ECE,2,8.81,86.44,188,46,1,1,2,3,27,25,48,1,1,1
23,ECE,3,7.56,76.97,93,35,3,2,2,3,14,13,39,0,0,1
22,IT,2,6.95,65.54,177,41,4,0,4,2,52,10,47,0,1,0
23,Civil,2,7.62,70.18,117,18,3,1,1,0,24,14,49,0,0,1
22,AIML,3,7.89,70.28,180,36,4,4,7,2,59,13,57,0,1,1
21,ECE,2,6.71,69.46,93,24,1,1,2,2,19,14,63,0,0,1
23,Civil,3,7.13,82.13,73,33,2,0,7,1,20,20,62,0,0,1
23,IT,3,7.22,74.84,174,22,4,1,3,4,59,15,44,0,1,1
21,ECE,3,7.01,76.44,115,47,1,0,3,2,15,12,40,0,0,1
25,Civil,2,6.45,71.41,67,21,2,1,2,1,16,13,47,0,0,1
23,IT,1,8.31,86.93,284,26,8,2,6,1,79,14,68,0,1,1
21,Chemical,2,5.71,56.99,83,23,3,2,2,2,18,20,70,0,1,1
19,AIML,1,7.19,50.0,410,32,3,2,5,3,80,24,60,0,1,1
20,Mechanical,2,6.88,71.33,262,40,6,1,2,0,31,7,59,1,0,1
22,CSE,2,7.02,71.96,221,54,1,1,2,1,63,21,53,0,1,1
19,ECE,3,8.59,76.77,215,46,1,1,2,1,33,19,39,0,1,1
21,CSE,3,7.09,67.42,189,44,4,1,5,3,50,1,57,0,0,1
21,EEE,2,8.41,67.33,168,36,2,1,3,4,26,16,54,0,1,1
23,EEE,2,7.61,73.19,203,23,1,1,3,1,33,25,53,0,1,1
23,IT,2,7.88,72.21,219,48,8,0,2,6,71,36,34,1,0,0
22,Chemical,3,7.1,73.93,124,58,2,0,4,1,24,7,58,0,0,1
21,Civil,2,8.11,80.38,238,38,2,2,1,2,36,9,62,0,1,1
20,Mechanical,2,6.98,80.11,124,33,3,0,1,1,18,2,44,0,0,1
22,Mechanical,3,6.97,77.66,110,48,3,1,4,4,25,22,46,0,0,0
20,CSE,1,7.31,72.81,307,47,6,2,7,0,67,19,53,1,1,1
21,IT,3,6.46,73.46,163,27,2,1,4,1,43,26,50,0,1,1
25,AIML,2,7.48,65.34,242,55,3,0,2,3,53,13,30,0,1,1
21,IT,2,8.24,70.1,198,32,5,1,4,5,61,34,67,0,1,1
22,CSE,3,7.06,84.17,296,38,4,2,7,1,77,15,46,0,1,1
22,IT,2,6.82,78.75,166,21,5,2,4,4,66,15,59,0,1,1
23,EEE,3,9.01,68.22,120,49,2,1,2,2,19,36,46,1,1,1
21,CSE,3,7.02,67.21,170,43,2,2,4,2,63,27,44,0,1,1
21,CSE,3,7.97,88.11,172,36,5,0,0,2,55,30,60,0,1,1
20,Mechanical,2,7.5,68.28,120,37,3,0,2,1,19,3,54,0,0,1
21,AIML,1,8.66,64.45,306,48,7,1,2,6,78,20,49,0,1,1
20,ECE,3,7.31,69.46,92,42,0,2,2,2,24,32,48,0,0,1
21,Civil,2,7.46,70.13,113,32,1,3,2,2,29,19,39,0,1,1
22,IT,3,7.3,81.08,219,60,4,0,3,1,56,13,68,0,1,1
18,CSE,3,7.13,78.61,227,38,3,3,4,1,70,9,49,0,1,1
21,Mechanical,3,7.4,70.18,101,45,5,0,2,5,19,19,48,0,0,1
20,Mechanical,3,6.7,70.87,70,18,4,0,3,1,9,12,74,1,0,1
20,EEE,3,7.77,76.84,75,45,6,1,3,1,14,22,51,0,0,1
19,ECE,3,9.66,85.92,164,38,3,0,5,1,20,19,46,0,1,0
20,Mechanical,2,6.71,68.82,177,48,5,0,3,1,20,14,64,0,1,1
25,IT,2,7.77,76.89,215,44,4,1,5,3,69,14,32,0,1,1
25,IT,2,7.51,84.04,205,31,1,0,1,3,63,13,43,1,1,1
22,EEE,2,6.54,69.89,78,33,3,2,1,2,25,23,54,0,0,1
21,CSE,2,8.16,77.1,240,54,0,2,3,1,49,34,28,0,1,0
22,EEE,2,7.12,77.06,216,36,6,1,0,0,33,23,53,1,1,1
23,Civil,1,7.17,68.93,201,32,6,3,5,2,30,12,56,1,1,1
21,ECE,2,8.66,71.53,125,53,7,2,8,3,18,20,34,0,1,1
19,CSE,3,7.06,75.35,200,37,7,1,7,5,75,33,45,1,0,1
22,EEE,1,8.74,82.05,237,64,7,1,3,5,35,20,68,1,1,1
25,Civil,3,7.81,74.42,171,62,5,2,3,2,34,25,50,0,1,1
20,CSE,3,7.43,69.32,156,21,2,1,5,3,65,12,55,0,1,1
21,EEE,2,8.04,72.47,107,39,2,0,6,3,25,21,57,0,0,1
21,CSE,2,8.17,77.96,200,76,3,1,5,2,63,27,60,0,1,1
21,Mechanical,3,7.2,64.81,61,45,2,1,5,0,23,21,44,0,0,1
22,AIML,3,7.04,79.85,164,48,4,1,5,4,41,28,33,1,0,1
21,EEE,2,8.23,87.29,128,48,8,1,4,1,20,27,48,0,1,1
24,EEE,2,9.86,71.05,149,58,2,1,6,2,34,16,61,0,1,1
22,IT,3,5.97,73.0,275,0,5,2,0,5,60,12,47,0,0,1
18,Civil,2,6.55,76.52,207,42,2,0,1,3,28,15,46,0,1,1
22,Civil,3,6.53,77.01,70,54,2,1,2,1,20,17,48,0,0,1
22,IT,2,7.22,61.55,238,24,6,0,2,2,55,3,32,0,0,1
21,IT,2,6.67,69.08,261,25,5,0,2,3,67,9,46,0,1,1
21,EEE,3,7.87,71.21,194,41,5,0,4,1,31,32,48,1,0,1
23,AIML,3,6.12,67.88,220,10,5,0,5,3,85,8,45,0,0,0
21,IT,1,7.39,64.99,325,34,4,1,2,1,72,26,67,1,1,1
20,CSE,2,7.08,84.73,191,22,5,0,6,4,60,26,59,0,1,0
20,CSE,2,8.35,79.76,218,51,8,2,10,2,52,18,46,0,1,1
20,EEE,3,7.31,66.27,132,41,4,0,6,0,29,8,52,1,1,1
22,IT,3,6.21,66.02,265,28,1,1,2,2,78,29,53,0,0,1
20,CSE,3,7.6,84.14,167,35,4,1,7,2,55,20,37,0,0,1
22,Chemical,3,6.56,70.3,61,35,4,1,3,2,8,0,56,0,0,0
21,AIML,1,6.74,80.51,252,49,4,1,4,3,69,0,61,0,1,1
23,AIML,2,8.44,81.75,265,38,3,3,7,2,73,27,56,0,1,1
21,ECE,3,6.98,62.84,128,37,2,2,2,3,19,28,51,0,0,1
24,Civil,2,7.92,68.41,175,60,8,2,3,1,19,24,30,1,1,0
23,Civil,1,7.35,65.29,180,28,5,2,4,3,19,32,45,0,1,1
20,IT,2,7.71,77.94,271,55,2,2,4,4,73,26,42,1,1,1
22,Mechanical,3,8.54,90.67,133,43,1,2,4,2,28,37,37,1,0,1
20,ECE,3,7.51,75.24,129,64,3,0,3,3,22,11,48,0,0,1
23,EEE,2,7.19,72.27,148,4,2,0,0,2,31,16,46,0,0,1
22,ECE,2,6.38,74.17,106,24,2,3,2,3,25,43,72,0,1,1
20,CSE,3,8.11,75.41,180,46,8,0,5,3,49,24,51,0,1,1
20,Civil,1,8.16,73.75,223,47,5,1,1,0,30,14,36,0,1,1
21,ECE,2,7.78,76.24,159,52,2,1,2,1,30,14,47,0,0,1
22,IT,3,7.28,78.62,166,37,1,2,5,3,52,16,50,1,1,1
22,Mechanical,1,8.7,74.29,212,64,6,3,5,1,34,38,53,0,1,1
19,ECE,3,6.98,65.33,120,47,3,0,3,3,16,23,66,0,0,1
20,Civil,2,7.97,82.13,241,30,4,1,6,2,37,22,41,1,0,1
21,CSE,3,8.89,62.93,268,64,4,2,1,6,72,24,51,0,1,1
21,CSE,2,7.57,64.96,182,45,7,1,4,1,66,19,79,1,1,1
20,ECE,2,7.21,73.15,211,47,5,2,2,1,36,15,57,1,1,1
20,AIML,2,7.03,78.7,180,55,1,2,4,4,69,14,59,0,1,1
23,CSE,3,6.87,73.39,190,13,3,0,6,1,54,22,52,0,0,1
21,CSE,2,7.53,70.09,189,19,3,3,2,1,54,19,44,0,0,1
22,Mechanical,2,8.91,84.15,119,55,3,1,2,6,24,33,57,0,1,1
21,Chemical,3,7.72,69.2,129,9,4,0,3,3,24,10,38,0,0,0
21,EEE,3,7.52,78.73,114,38,5,0,2,1,19,20,43,0,0,1
22,Mechanical,3,7.47,70.75,83,42,4,1,4,6,22,24,43,0,1,1
20,Civil,3,6.03,60.96,152,26,2,1,5,2,26,3,56,0,0,1
20,Mechanical,2,7.42,78.71,111,55,5,2,1,2,19,15,42,1,1,1
25,IT,1,6.96,83.33,353,39,10,2,2,3,85,13,63,1,1,1
23,CSE,2,8.78,75.29,219,79,7,0,2,3,44,20,43,1,1,1
22,EEE,1,7.01,79.38,205,22,0,4,8,3,36,0,33,0,1,1
20,Chemical,3,6.22,56.01,65,42,1,1,5,2,15,24,58,0,0,1
19,Civil,3,5.89,59.25,124,39,3,3,3,1,19,14,50,0,0,1
20,CSE,2,6.84,64.97,186,34,3,0,3,1,62,22,61,0,0,1
24,Civil,1,5.28,65.66,163,33,4,2,4,0,21,7,56,0,1,1
22,CSE,2,7.66,77.75,244,40,1,1,2,2,56,26,48,0,1,1
21,ECE,2,7.7,65.95,110,23,3,0,2,0,16,28,46,0,1,1
24,Civil,2,6.57,64.34,170,37,3,1,3,0,33,13,58,0,0,0
20,IT,3,8.08,81.38,372,66,6,3,5,2,80,24,47,0,1,1
21,Mechanical,3,7.21,66.93,87,60,5,0,4,0,20,14,54,1,0,1
20,AIML,1,7.62,83.84,247,28,6,3,2,5,57,23,64,0,1,1
20,Chemical,3,8.09,70.54,146,45,6,1,2,0,29,25,62,0,0,1
24,CSE,3,8.31,84.48,178,64,9,0,2,3,57,14,49,0,0,1
23,EEE,3,6.48,76.2,110,18,2,0,3,1,15,12,37,0,0,1
19,CSE,2,6.28,70.42,205,35,3,4,6,2,49,13,58,1,1,1
20,CSE,2,7.18,74.26,270,26,3,3,6,5,68,4,55,1,1,1
21,AIML,2,8.82,78.87,216,61,3,1,6,3,64,16,46,0,1,1
19,CSE,3,6.69,79.09,296,39,4,0,1,1,96,12,63,0,1,1
21,AIML,2,8.32,61.13,239,35,3,5,0,1,36,27,68,1,1,1
21,CSE,2,6.67,68.74,180,29,5,1,6,1,73,0,48,0,1,1
20,Civil,3,7.22,74.19,98,52,2,0,0,4,22,14,48,0,0,1
20,CSE,1,7.26,81.45,314,36,8,0,6,5,98,9,56,1,1,1
20,EEE,2,7.85,70.88,171,31,4,0,2,0,25,16,57,0,1,1
24,Mechanical,1,7.88,60.35,160,51,4,1,4,1,15,26,48,0,1,1
21,Civil,2,6.74,53.71,83,39,4,0,4,0,24,27,48,0,0,1
21,IT,2,7.09,72.96,172,37,4,1,4,1,55,31,43,1,1,1
20,CSE,1,6.84,62.47,274,31,6,3,7,1,85,16,53,0,1,1
22,CSE,2,7.7,72.75,264,45,2,3,4,5,71,16,50,0,1,1
19,CSE,2,6.64,62.06,176,45,3,0,2,1,59,16,37,0,0,1
19,ECE,3,7.43,71.03,128,28,5,1,1,1,23,11,36,0,0,1
22,EEE,3,7.69,88.05,83,32,3,1,2,1,18,19,44,0,0,1
22,Mechanical,1,8.31,85.25,181,49,5,2,5,3,34,22,34,0,1,1
20,Mechanical,2,9.57,75.01,947,97,14,2,4,1,95,27,58,0,1,1
21,Civil,2,7.79,72.75,105,42,1,2,6,3,19,36,60,1,1,1
24,CSE,2,6.58,64.58,153,25,3,0,7,3,43,3,61,0,1,0
19,Mechanical,2,6.76,75.32,92,44,0,0,2,2,10,7,51,1,0,1
20,CSE,3,6.61,68.41,301,23,5,0,3,3,79,10,51,0,1,1
21,Civil,3,7.29,82.54,118,53,5,1,7,2,21,19,53,0,0,1
20,ECE,2,8.43,77.54,233,62,1,0,5,0,26,25,65,0,1,1
22,EEE,2,6.91,72.97,103,55,1,3,3,1,28,24,50,0,1,1
22,EEE,2,7.24,61.21,92,65,1,1,2,3,30,17,71,0,0,1
21,ECE,3,8.37,72.54,122,40,0,0,2,4,18,12,59,0,1,1
21,ECE,2,6.34,83.09,58,49,2,2,2,4,19,11,39,0,1,1
21,Chemical,3,8.64,66.63,125,39,2,4,4,0,28,32,45,1,1,1
22,IT,2,8.03,73.68,187,25,4,2,0,5,69,22,26,0,1,1
19,Mechanical,2,6.9,70.24,111,21,3,0,2,1,23,28,74,1,0,1
20,IT,3,7.06,74.11,190,27,9,1,9,0,47,11,54,0,0,1
22,CSE,2,8.94,81.05,218,28,5,0,8,3,58,18,47,0,1,1
20,IT,2,7.07,68.53,171,64,3,1,1,3,55,10,54,0,1,1
19,CSE,2,8.11,81.7,393,41,7,1,10,4,80,17,68,0,1,1
20,ECE,2,9.23,74.85,183,66,1,1,4,1,25,21,47,0,1,1
22,CSE,2,7.46,77.57,237,57,7,0,5,5,74,16,54,0,0,1
19,Mechanical,2,7.49,62.76,302,30,3,0,1,2,41,4,59,0,1,1
22,EEE,2,9.38,74.25,143,53,7,0,3,1,26,32,40,0,1,1
22,CSE,3,6.42,59.56,257,16,5,1,2,5,57,2,56,1,1,1
22,EEE,3,7.33,74.96,178,44,2,2,3,1,25,15,49,0,1,0
20,Chemical,2,7.86,76.94,125,50,5,2,4,1,26,27,42,1,1,1
22,CSE,2,6.19,66.58,217,54,5,0,5,2,66,20,44,0,1,1
20,IT,3,6.36,71.82,241,32,2,1,3,3,81,12,60,0,0,1
23,Civil,3,6.86,63.25,91,47,0,0,4,2,16,11,67,1,0,1
22,CSE,3,7.7,82.87,224,33,3,1,1,3,76,10,61,0,1,1
19,Civil,3,6.94,78.06,51,57,4,0,3,0,12,16,49,0,0,1
22,Chemical,2,7.43,66.77,143,48,2,4,4,2,27,19,67,1,1,1
21,IT,2,8.16,67.33,195,26,4,1,7,6,51,21,59,1,1,1
21,ECE,3,7.86,71.31,270,28,3,2,1,6,29,31,55,1,0,1
21,Chemical,1,6.01,70.42,165,32,3,0,1,0,32,22,63,0,1,1
21,CSE,2,7.65,74.92,337,44,4,1,4,3,93,19,30,0,1,1
22,IT,2,7.97,67.67,206,36,4,1,6,5,59,16,52,1,1,1
23,CSE,3,7.28,69.92,186,41,0,1,5,7,56,24,53,0,1,0
20,Mechanical,2,7.95,77.34,140,15,1,1,3,3,21,21,32,0,0,1
22,EEE,1,8.4,73.67,176,34,4,1,1,6,21,26,48,1,1,1
22,Civil,1,8.03,76.01,200,32,4,2,3,5,37,30,46,0,1,1
22,CSE,3,7.27,79.81,148,53,3,0,6,4,39,22,37,0,0,1
21,ECE,3,7.56,69.46,102,29,0,2,2,2,21,28,36,1,0,1
21,Mechanical,2,5.52,73.59,125,3,2,3,2,0,24,16,54,0,0,1
22,AIML,1,8.95,78.0,316,59,5,2,2,5,100,24,80,1,1,1
20,Civil,3,8.47,75.92,98,58,1,0,3,0,27,25,52,0,0,1
20,CSE,3,8.41,67.15,210,25,4,0,6,1,71,30,58,0,1,1
21,CSE,1,7.86,80.33,325,40,5,2,10,3,85,27,52,0,1,1
20,AIML,2,7.99,89.06,251,23,5,0,5,2,77,18,59,0,1,1
19,Mechanical,3,7.47,66.43,118,36,1,1,4,1,25,24,62,1,1,1
19,Mechanical,3,7.62,67.69,78,36,3,3,3,2,19,20,50,0,1,1
22,Civil,2,8.66,88.44,134,65,4,3,3,3,23,16,43,1,1,1
25,EEE,2,6.0,73.59,90,46,3,0,4,0,21,10,60,1,0,1
21,Civil,3,7.72,69.88,170,34,4,0,1,2,36,15,52,1,0,1
20,ECE,2,6.79,83.46,127,41,4,2,3,5,16,7,40,1,1,1
22,Civil,2,6.52,67.65,92,28,2,1,3,4,19,14,33,1,0,1
20,Civil,3,7.24,73.37,113,45,3,0,3,1,14,31,42,1,0,1
25,ECE,2,6.44,72.95,76,34,4,1,0,3,16,22,67,0,1,1
21,CSE,3,6.28,75.43,176,27,5,1,4,2,42,4,70,0,0,1
20,Chemical,2,6.09,72.57,122,46,6,0,1,0,12,10,49,0,0,1
21,ECE,1,7.34,87.94,195,37,3,4,5,1,35,29,37,0,1,1
20,Mechanical,2,7.95,85.06,245,66,4,1,0,4,40,16,66,0,1,1
22,ECE,2,8.2,87.24,96,37,2,2,4,2,20,10,42,0,1,1
19,IT,1,9.43,75.55,378,60,5,2,4,3,85,24,74,0,1,1
23,IT,2,7.16,75.16,194,26,8,0,3,2,44,16,47,0,1,1
22,IT,3,8.03,87.48,419,51,3,1,5,0,100,16,67,1,1,1
23,EEE,3,7.5,71.23,86,62,1,2,0,1,20,11,44,1,1,1
23,Mechanical,1,7.88,72.49,174,52,1,2,3,2,31,5,59,0,1,1
20,ECE,3,7.67,80.99,107,63,3,0,2,1,28,16,35,0,1,1
21,ECE,2,8.18,79.46,199,31,4,2,2,2,18,24,63,0,1,1
23,IT,2,7.91,75.17,207,51,3,1,4,2,55,22,41,0,1,1
21,ECE,1,7.41,75.64,246,37,3,1,4,2,45,19,58,0,1,1
19,CSE,3,7.85,62.36,225,27,1,0,4,3,76,15,60,1,0,1
20,Mechanical,2,6.97,69.94,130,36,3,1,2,0,26,27,53,0,1,1
20,Mechanical,3,7.85,69.17,133,59,2,2,3,4,24,30,51,1,1,1
23,AIML,3,7.45,85.06,245,39,3,4,1,3,63,25,37,0,1,1
21,ECE,3,5.76,67.19,83,38,4,0,3,0,24,18,62,0,1,1
22,AIML,1,7.63,75.02,407,30,6,1,4,5,88,22,63,1,1,1
24,Chemical,2,8.29,84.25,105,56,2,1,1,3,28,9,41,0,1,0
20,AIML,2,7.39,84.52,280,40,4,0,5,0,68,18,43,1,0,1
22,Civil,2,7.69,76.49,97,40,2,1,3,3,26,24,47,1,0,1
18,Mechanical,3,6.94,66.26,112,40,2,0,1,2,25,11,40,0,0,0
19,Chemical,2,7.27,69.41,135,68,5,0,3,1,22,19,67,0,0,1
20,Mechanical,3,8.16,78.16,162,62,7,0,4,4,29,28,49,0,0,1
20,EEE,2,7.13,75.09,92,25,4,0,4,2,18,12,38,0,1,0
21,ECE,2,6.52,65.2,79,39,0,1,4,0,19,0,46,1,0,0
21,ECE,2,5.65,53.64,185,24,2,1,1,2,21,11,56,0,0,1
20,CSE,2,6.85,60.58,202,37,5,2,3,1,53,3,36,0,1,1
19,Chemical,3,6.42,62.23,86,28,1,0,6,3,13,22,46,0,0,0
22,ECE,1,6.49,69.22,301,37,5,2,0,1,44,10,49,1,1,1
18,EEE,2,6.59,68.85,147,54,4,1,3,1,36,13,52,0,1,1
22,CSE,3,6.51,59.18,172,17,1,0,3,4,48,10,45,0,0,1
24,ECE,1,6.85,70.21,183,32,1,1,2,2,23,8,65,0,1,1
22,AIML,2,8.68,89.43,239,44,6,2,2,0,67,24,41,0,1,1
21,AIML,2,6.1,72.0,198,22,2,4,5,2,57,10,63,1,1,1
22,ECE,1,8.24,90.38,271,38,6,3,3,2,47,28,35,0,1,0
22,AIML,1,8.21,76.29,318,29,5,1,8,4,71,16,43,0,1,1
24,EEE,3,7.87,75.01,133,54,1,0,2,4,23,21,54,0,0,1
24,IT,2,7.46,75.85,244,21,1,4,3,4,68,8,44,0,1,1
21,IT,3,8.43,89.71,256,74,3,0,6,5,81,20,66,0,1,1
21,Mechanical,3,7.35,84.53,99,36,0,1,6,1,18,26,39,0,0,1
22,Mechanical,2,7.32,78.73,111,27,2,0,4,2,19,15,45,0,1,1
18,IT,2,8.49,80.16,381,32,7,3,7,4,99,27,54,0,1,1
21,Chemical,2,7.35,67.52,104,47,3,1,2,2,24,20,40,0,0,1
22,IT,1,6.4,61.08,280,29,2,3,1,6,59,8,60,1,1,0
22,Mechanical,1,8.18,73.03,189,71,5,1,2,3,34,31,29,0,1,1
21,Mechanical,2,8.42,87.67,123,40,6,3,4,4,26,14,31,0,1,1
20,AIML,2,7.75,87.3,224,55,6,1,2,2,73,30,69,0,1,1
20,ECE,1,7.44,62.55,233,36,2,1,4,0,36,9,75,0,1,1
21,CSE,2,7.72,84.16,259,31,4,3,5,3,64,25,53,0,1,1
23,IT,3,7.93,88.17,176,53,4,1,4,6,52,15,60,1,0,1
23,AIML,2,6.62,79.93,244,54,2,3,6,1,65,25,70,0,1,1
21,Mechanical,3,5.62,64.8,103,14,3,0,3,1,19,10,66,0,0,1
20,AIML,2,7.38,79.38,226,20,5,0,5,4,68,13,38,0,1,1
22,CSE,3,8.23,65.55,190,41,6,1,4,3,57,14,63,0,1,1
22,CSE,2,6.53,61.1,276,0,1,1,4,6,66,21,44,0,0,1
21,Mechanical,3,6.26,87.55,102,34,6,2,1,4,18,15,47,0,0,1
21,CSE,2,7.67,71.37,216,27,2,0,2,2,65,14,44,0,1,0
19,EEE,3,7.15,64.92,81,31,3,2,4,0,22,15,47,0,0,0
22,AIML,3,6.76,69.16,151,35,1,0,9,3,47,12,57,0,0,1
21,AIML,3,8.34,89.76,190,66,6,1,9,2,52,18,31,0,1,1
21,Mechanical,2,6.93,80.34,90,40,5,0,0,2,24,13,62,0,0,1
23,Mechanical,3,7.65,69.86,124,68,5,2,4,0,24,21,50,0,0,1
22,EEE,3,8.06,75.37,117,57,1,1,1,4,23,13,36,0,1,1
24,Chemical,3,7.17,76.48,113,43,1,1,2,1,27,19,30,0,0,1
21,Civil,3,8.07,80.6,183,71,4,2,5,3,33,21,61,0,1,1
21,Civil,3,7.92,78.97,89,49,3,0,2,3,26,11,30,0,0,1
24,CSE,3,7.51,67.46,183,44,6,2,5,2,69,13,52,0,1,1
24,CSE,3,7.03,70.98,183,46,5,0,4,2,47,14,47,0,1,1
24,Chemical,1,8.97,71.04,274,81,3,3,3,3,41,20,71,0,1,1
22,EEE,3,8.12,82.77,150,49,1,0,4,4,22,23,49,0,0,0
21,ECE,3,7.98,74.97,80,42,5,0,3,0,15,14,69,0,0,1
20,ECE,2,7.55,76.62,189,17,0,2,5,2,22,7,62,0,1,1
21,Mechanical,3,6.89,67.5,65,41,1,0,6,2,15,0,44,0,0,1
24,EEE,2,5.86,73.33,118,17,0,1,0,0,26,21,48,0,0,1
21,CSE,2,7.95,80.26,215,20,6,1,7,5,64,25,64,1,1,1
22,CSE,2,7.22,63.23,254,35,2,1,0,2,64,18,43,0,1,1
24,IT,3,7.54,79.8,194,60,1,2,2,0,70,27,66,0,1,1
25,Civil,2,9.6,72.73,216,66,4,4,8,1,29,42,71,0,1,1
24,IT,2,8.56,72.75,201,56,4,3,4,1,56,18,43,1,1,1
21,Civil,3,7.73,81.3,143,56,2,0,5,2,23,8,56,1,1,1
21,EEE,3,7.26,68.82,84,16,4,0,3,3,20,16,31,0,0,1
25,Chemical,3,8.01,76.61,165,34,2,2,1,3,30,27,29,0,1,1
20,Civil,2,8.27,75.95,125,48,3,1,1,1,23,24,41,0,0,1
20,IT,3,7.02,62.54,162,22,3,2,6,5,39,1,34,1,0,1
24,ECE,3,7.13,82.85,111,43,4,1,2,2,14,36,59,0,0,1
22,Mechanical,2,7.7,84.77,197,35,3,2,4,2,27,0,54,0,1,1
21,CSE,2,6.86,75.34,234,56,2,0,6,3,72,10,54,0,1,1
20,CSE,2,6.92,70.19,199,15,4,3,3,2,69,42,48,0,1,1
21,Mechanical,2,6.54,71.76,120,10,2,1,4,6,20,17,62,1,0,1
24,Civil,3,8.83,87.79,104,62,2,3,4,0,15,18,63,1,0,1
21,IT,3,6.2,66.39,171,34,4,2,6,1,57,15,53,0,0,1
21,IT,2,6.38,67.61,212,49,1,1,3,2,69,2,56,1,1,1
21,Civil,3,5.41,65.93,126,15,1,1,1,0,14,12,51,0,0,1
23,AIML,3,7.88,60.1,188,69,3,2,6,2,62,20,33,0,1,1
23,Chemical,3,6.55,76.02,66,45,2,0,1,1,14,8,34,0,0,1
21,CSE,2,8.14,77.61,234,41,2,2,6,5,49,18,49,0,1,1
21,AIML,2,7.46,79.88,216,40,5,2,6,1,60,25,59,0,1,1
20,CSE,3,8.43,73.89,323,42,5,0,3,6,66,26,51,1,0,1
21,CSE,3,6.63,61.28,233,24,1,0,2,2,62,17,52,1,0,1
20,AIML,2,7.55,75.33,224,37,1,2,5,3,43,10,36,0,1,1
21,EEE,3,8.29,68.62,191,48,1,1,5,2,31,6,41,0,0,1
21,AIML,1,8.78,82.33,269,46,5,3,4,3,64,30,58,0,1,1
20,Chemical,3,8.27,81.3,127,23,6,0,5,4,24,13,50,0,0,1
20,IT,3,7.82,90.23,258,54,6,1,4,1,69,10,56,0,1,1
20,ECE,3,7.33,83.52,142,6,4,2,3,0,32,2,31,0,1,1
20,EEE,3,7.85,77.26,93,18,5,0,2,2,24,26,42,0,1,1
22,CSE,2,6.39,68.89,167,40,2,0,1,1,60,22,54,1,1,1
20,Mechanical,2,7.18,79.39,116,34,4,0,3,2,16,34,42,0,1,1
19,CSE,2,8.7,80.2,257,57,3,1,2,1,66,12,50,0,1,1
25,Civil,2,8.28,73.46,197,42,4,3,3,0,20,8,63,0,1,1
20,ECE,2,6.46,56.47,89,53,3,1,2,0,17,16,39,1,0,1
23,CSE,2,7.8,91.29,226,30,5,2,5,5,66,14,51,0,1,1
21,Mechanical,1,6.98,80.07,148,43,2,2,4,3,30,27,44,1,0,1
22,CSE,3,7.11,77.5,314,56,3,2,6,2,77,16,59,0,1,1
21,Chemical,2,8.76,78.69,160,53,1,2,4,2,27,26,67,0,1,1
20,ECE,3,5.8,82.11,121,42,4,1,0,2,22,15,44,0,0,1
23,IT,3,6.26,76.51,173,37,4,1,1,3,64,7,46,0,0,0
23,IT,3,7.48,64.42,194,51,6,1,7,4,62,27,47,0,1,0
20,ECE,3,7.75,73.24,206,27,2,0,4,3,28,33,50,0,1,0
22,Mechanical,3,7.09,78.23,217,41,5,2,4,3,30,9,48,0,1,1
21,ECE,3,8.33,85.36,107,42,3,0,2,3,24,19,59,1,0,1
23,EEE,1,7.56,72.36,174,36,5,2,3,2,23,19,70,0,1,1
22,CSE,1,7.98,86.47,292,18,4,2,4,2,80,21,44,1,1,1
19,Civil,3,7.4,64.6,98,50,2,0,5,2,24,19,52,1,0,1
23,ECE,3,7.13,71.25,74,48,2,3,3,2,23,22,48,0,0,1
24,ECE,2,8.13,74.74,185,58,4,1,1,3,25,26,57,1,1,1
22,AIML,3,6.66,78.2,211,29,4,0,2,7,53,19,47,0,0,1
19,CSE,3,8.45,86.39,193,33,3,1,4,5,52,25,37,1,1,1
22,IT,3,8.17,85.33,194,56,7,0,2,2,50,18,34,0,1,1
22,Mechanical,1,9.53,66.68,566,94,6,4,2,1,90,18,48,1,1,1
20,ECE,3,9.29,80.95,124,44,4,0,6,1,29,16,53,1,1,1
23,AIML,3,7.71,64.16,167,45,1,0,3,6,51,18,50,1,1,1
21,EEE,2,7.61,74.83,196,28,5,0,4,2,31,16,60,0,1,1
23,IT,1,8.15,87.96,365,35,9,0,4,2,88,16,68,0,1,1
22,AIML,3,7.0,86.8,157,36,2,0,7,3,55,18,31,0,0,1
20,Mechanical,2,7.43,77.35,87,56,4,1,2,6,24,22,48,0,0,1
25,CSE,1,7.04,74.8,245,28,5,2,5,6,63,19,66,1,1,1
21,EEE,3,8.51,76.23,110,42,2,3,6,2,28,19,70,1,1,1
21,Mechanical,2,6.65,71.34,74,54,1,1,2,1,32,21,62,1,0,1
21,CSE,2,6.81,82.18,241,37,7,0,11,1,67,29,46,0,1,1
20,Mechanical,3,7.17,67.1,156,42,4,1,3,0,24,16,56,0,0,1
22,CSE,3,6.41,68.85,160,42,3,1,3,1,30,15,44,0,1,1
21,Mechanical,1,7.2,73.35,183,31,6,1,5,0,37,18,58,1,1,1
24,AIML,1,7.45,69.06,296,58,4,1,3,8,76,24,35,1,1,1
24,CSE,2,8.18,79.87,198,51,5,2,3,3,56,22,72,0,1,1
22,CSE,1,6.52,81.87,277,34,7,1,6,5,70,7,49,0,1,1
20,ECE,1,7.31,77.94,181,35,2,4,0,2,25,35,55,0,1,1
22,AIML,2,7.76,70.03,209,29,6,2,5,3,52,25,49,1,1,1
18,ECE,1,8.18,71.02,329,44,2,2,3,2,40,29,61,0,1,1
23,Civil,3,9.56,71.77,176,53,6,2,6,2,20,29,53,0,1,1
21,CSE,2,8.74,77.27,229,42,7,1,7,3,64,12,43,0,1,1
24,AIML,2,8.9,72.72,261,62,4,1,3,1,60,22,70,0,1,1
21,CSE,3,6.05,71.09,132,32,5,0,3,3,49,16,61,0,1,1
20,EEE,2,7.78,70.04,139,50,2,3,6,2,18,13,59,0,1,1
25,EEE,2,8.03,65.89,158,42,3,1,7,4,27,20,59,0,1,1
21,Civil,2,6.46,57.12,126,44,1,1,1,0,25,3,56,0,0,1
23,Mechanical,3,7.15,77.28,69,37,5,0,3,3,20,13,45,0,0,1
23,Mechanical,2,8.19,66.48,155,51,2,4,2,0,25,16,67,0,1,1
21,CSE,3,8.09,79.36,213,22,9,3,5,1,59,11,42,1,1,0
21,Mechanical,3,8.43,72.43,128,40,4,0,4,4,23,16,57,0,0,1
21,CSE,2,7.61,76.19,226,39,5,1,1,1,76,21,79,0,1,1
23,Mechanical,3,6.89,71.71,77,46,1,0,4,0,25,25,51,0,0,1
24,Mechanical,2,8.02,76.69,96,41,4,2,7,0,21,27,70,0,1,1
20,AIML,1,7.92,82.03,271,36,7,2,2,1,87,14,44,0,1,1
22,IT,3,7.75,69.84,261,47,5,2,6,2,68,10,56,0,1,1
20,AIML,2,5.92,79.35,138,27,1,0,5,1,42,14,45,0,0,1
21,Mechanical,3,7.36,78.88,160,56,6,2,3,2,21,28,61,0,0,1
22,ECE,2,7.86,72.8,133,48,1,1,7,2,29,17,55,0,0,1
23,IT,2,7.51,72.38,168,41,4,0,3,5,63,18,25,0,1,1
21,ECE,2,7.39,74.44,84,29,2,2,7,2,18,30,44,1,1,1
21,Mechanical,2,7.39,70.64,200,23,6,2,1,1,33,24,56,0,0,1
20,EEE,3,6.61,58.95,61,29,3,0,0,2,10,17,58,0,0,1
20,Mechanical,2,8.23,69.47,220,52,1,2,4,3,26,21,67,0,1,1
21,Chemical,1,7.5,67.1,210,47,3,2,4,1,30,37,48,0,1,1
23,AIML,3,5.22,65.29,156,32,3,0,2,3,52,1,49,0,0,1
21,AIML,2,6.98,63.8,214,34,2,2,5,0,68,3,29,0,1,0
20,EEE,3,6.7,77.23,115,47,3,1,4,4,21,16,60,1,1,1
22,CSE,2,7.22,74.0,230,33,0,2,3,1,71,12,47,0,0,1
20,EEE,2,6.95,69.32,91,23,3,1,2,0,17,8,46,1,1,1
20,Chemical,2,7.41,67.95,224,30,2,2,2,1,39,12,59,0,1,1
24,ECE,3,7.52,74.18,187,42,2,1,4,2,23,18,52,0,0,1
19,AIML,2,6.83,78.4,188,37,1,0,3,4,56,23,49,0,1,1
21,Chemical,2,7.54,60.95,108,58,0,0,0,3,23,21,72,0,0,1
21,IT,2,8.06,65.28,288,57,2,0,3,7,85,11,59,0,1,1
20,CSE,1,7.45,66.59,262,25,5,1,7,2,72,29,65,1,1,1
20,IT,2,8.06,66.58,268,36,4,0,5,2,73,14,49,0,1,1
20,CSE,3,8.47,66.95,192,46,5,0,7,5,54,26,78,0,1,1
20,CSE,3,6.55,70.99,291,18,6,2,4,4,78,20,43,1,1,1
23,CSE,3,7.6,74.03,200,34,0,5,3,2,70,22,51,0,1,1
21,ECE,2,9.23,76.86,147,57,6,3,3,6,21,24,56,0,1,1
21,ECE,3,7.55,75.55,86,46,2,1,3,3,13,2,45,1,0,1
21,Mechanical,1,7.05,71.97,153,43,6,0,3,1,29,15,64,0,1,1
24,ECE,1,8.17,70.79,175,44,4,0,3,3,28,12,57,0,1,1
19,Civil,2,7.36,70.49,164,57,2,3,1,1,19,25,50,0,0,1
23,Civil,3,6.27,71.56,109,15,6,0,3,0,21,12,40,0,0,1
20,CSE,2,7.36,65.01,207,51,2,3,2,1,54,25,47,0,1,1
24,CSE,2,6.53,72.94,277,40,5,0,5,2,69,14,51,0,1,1
20,Mechanical,2,6.1,50.0,108,34,0,1,3,0,21,3,25,0,0,1
19,CSE,3,8.09,75.64,176,44,6,0,4,2,48,20,36,1,1,1
21,IT,2,5.51,69.85,249,29,4,1,1,2,68,20,51,0,1,1
20,CSE,2,8.69,71.02,293,22,10,2,5,5,73,35,53,0,1,0
22,ECE,2,7.98,82.99,179,39,3,1,4,4,24,9,66,0,1,1
22,ECE,1,9.02,86.87,199,59,5,3,4,0,33,28,52,0,1,1
22,Civil,2,8.92,79.99,162,30,4,1,2,2,26,21,52,1,1,1
20,EEE,2,8.46,88.39,219,60,5,0,1,3,30,4,66,1,1,0
22,IT,2,7.14,67.22,175,44,4,2,6,3,45,24,65,0,1,1
20,ECE,3,6.82,77.99,124,58,4,1,3,1,25,9,49,0,0,1
25,ECE,2,7.6,84.19,94,37,1,0,4,2,22,7,42,0,0,1
22,AIML,2,8.34,68.71,225,45,7,1,6,0,68,6,29,0,1,0
21,Mechanical,2,9.11,79.69,130,46,3,3,6,1,19,16,46,0,1,1
23,ECE,2,6.65,60.92,226,18,0,0,0,3,33,27,56,0,0,1
21,EEE,2,8.19,82.05,104,47,3,2,5,2,27,14,48,0,1,1
21,CSE,3,7.38,85.29,282,47,4,1,7,5,73,19,38,0,1,1
20,CSE,3,7.39,69.81,233,66,4,0,1,2,68,15,34,0,1,1
22,EEE,1,8.3,76.33,194,43,0,0,6,3,28,13,57,0,1,1
21,Mechanical,3,5.16,62.94,48,14,2,0,4,2,13,21,43,1,0,1
19,IT,2,7.52,91.52,206,37,7,0,3,3,49,14,66,0,0,1
22,Chemical,1,6.7,65.08,215,30,4,1,1,0,34,4,47,0,0,0
19,Civil,3,7.97,69.13,90,66,5,1,2,1,19,25,53,0,1,1
22,ECE,3,7.62,78.28,79,32,6,1,3,3,13,27,57,0,0,1
20,EEE,2,8.94,77.99,217,61,3,1,3,5,25,21,28,0,1,0
21,EEE,3,8.62,95.17,111,51,1,1,6,1,32,15,64,1,1,1
23,IT,3,6.84,85.78,157,51,5,0,1,3,48,18,62,0,1,1
19,CSE,3,7.58,78.59,210,36,1,2,6,2,58,11,53,0,1,1
22,Mechanical,2,8.87,84.91,154,33,5,3,4,1,38,35,42,0,1,1
21,ECE,2,7.91,80.42,121,68,2,1,3,2,22,15,41,0,1,1
23,Civil,3,7.97,82.81,90,49,2,2,2,4,15,16,57,1,0,1
20,IT,1,9.16,82.96,336,71,7,5,9,6,78,34,65,1,1,1
22,CSE,3,8.62,70.53,204,69,2,1,5,4,61,26,71,0,1,1
21,CSE,2,7.69,68.85,216,34,2,1,4,4,46,14,54,0,1,1
21,CSE,3,8.29,83.32,201,53,3,0,6,3,64,26,37,1,1,1
21,Mechanical,2,8.3,73.04,123,55,3,1,3,3,22,38,65,0,1,1
21,CSE,3,8.82,87.62,205,48,4,4,6,4,49,23,64,0,1,1
21,Mechanical,1,7.88,80.29,180,54,3,2,1,1,29,13,47,0,1,1
19,Mechanical,1,8.87,70.07,213,64,4,3,3,1,34,32,60,0,1,1
21,IT,1,7.45,65.81,321,31,5,1,4,3,76,28,69,1,1,1
22,ECE,3,7.8,65.81,123,65,4,2,3,3,23,11,31,0,1,0
21,Chemical,2,8.32,82.1,207,48,3,0,1,1,28,24,59,0,1,1
20,CSE,2,8.14,84.21,265,43,5,0,1,4,71,24,54,1,1,1
21,IT,3,7.68,71.83,178,37,4,1,10,4,42,24,46,0,1,0
21,IT,2,7.54,74.09,200,24,2,1,7,3,59,12,54,0,1,1
22,Chemical,2,8.17,78.38,117,64,7,1,0,1,21,17,53,0,0,1
23,Chemical,3,7.85,81.25,142,41,8,1,6,3,21,27,60,0,0,1
21,Civil,2,7.65,72.05,139,26,2,0,2,3,24,0,66,0,1,1
22,IT,3,7.99,78.59,250,55,8,2,3,1,72,23,51,0,1,1
19,Civil,2,6.29,69.61,94,19,4,1,3,0,13,7,58,0,0,1
24,ECE,3,7.77,63.94,103,36,0,1,1,2,20,27,51,1,0,1
20,EEE,2,6.11,79.12,160,33,0,1,1,4,30,5,34,0,1,1
21,Chemical,2,6.8,73.99,104,8,6,2,2,3,19,3,81,0,0,1
20,AIML,3,7.68,73.26,187,50,3,1,4,4,50,24,69,0,1,1
19,Civil,3,7.36,68.25,66,43,4,1,2,3,15,20,71,1,1,1
22,IT,2,6.11,64.6,185,17,3,0,1,2,63,9,58,0,1,1
20,Civil,1,6.19,59.7,127,62,4,1,2,1,32,9,69,0,1,1
20,ECE,2,7.25,65.34,144,30,3,0,2,0,31,22,54,0,1,0
20,AIML,2,5.99,62.62,166,4,2,1,1,0,52,12,66,0,0,1
25,Mechanical,2,6.37,66.49,166,29,3,1,1,1,35,17,25,0,0,1
22,CSE,3,6.87,81.25,225,28,2,2,3,5,88,15,55,1,1,1
24,CSE,2,8.26,80.62,248,49,2,0,5,6,53,17,46,1,1,1
23,CSE,3,6.37,63.96,140,24,4,2,4,3,33,20,51,0,1,1
23,Civil,3,5.53,56.53,157,27,1,0,2,0,20,0,58,0,0,1
21,Civil,3,8.5,70.77,147,56,2,0,4,1,21,8,52,1,0,1
20,EEE,3,8.08,85.97,94,42,6,1,6,4,27,19,49,0,1,1
20,AIML,1,8.06,80.44,273,32,6,4,4,2,74,31,58,0,1,1
20,IT,2,7.47,72.65,383,42,2,0,6,2,92,25,65,0,1,1
22,CSE,3,9.13,79.09,352,44,5,4,0,5,62,20,45,0,1,1
18,CSE,3,7.62,82.41,154,48,4,1,7,5,59,4,52,0,1,1
20,Civil,2,7.57,74.08,130,27,0,1,1,3,24,9,61,0,1,1
22,CSE,3,7.2,88.9,198,34,3,1,5,3,61,23,34,1,1,1
19,CSE,2,7.87,75.76,248,47,5,1,4,3,72,20,56,0,1,1
19,CSE,3,6.73,65.01,209,41,2,0,1,5,45,19,50,1,0,1
19,Chemical,3,8.3,62.41,121,57,5,1,5,0,25,13,65,0,0,1
22,IT,2,8.61,80.64,308,38,3,1,7,4,92,26,69,0,1,1
20,EEE,1,8.83,76.8,228,31,1,4,3,2,40,17,67,0,1,1
20,CSE,2,7.46,67.31,182,62,9,2,4,3,51,13,82,0,1,1
20,ECE,3,7.67,79.39,94,29,1,2,2,0,30,0,31,0,1,1
22,Mechanical,2,6.37,72.29,58,26,4,0,4,1,10,29,58,0,0,1
20,CSE,3,6.28,66.89,171,39,4,0,3,3,55,12,42,0,1,1
19,AIML,3,8.01,77.76,222,45,3,0,2,3,65,14,42,0,1,1
23,IT,1,8.53,76.33,330,49,3,2,5,3,76,38,52,0,1,1
23,Civil,3,5.87,75.25,123,18,2,0,3,1,22,17,50,0,0,1
20,EEE,2,6.41,71.14,68,25,3,1,1,0,16,20,48,0,1,1
20,Civil,3,6.56,68.31,82,37,2,0,3,2,27,0,53,0,0,1
20,IT,3,7.64,83.18,291,51,4,1,5,2,78,22,41,0,1,1
22,EEE,3,6.98,64.87,112,26,4,1,2,2,20,4,53,0,0,1
20,ECE,3,6.36,60.5,66,30,4,1,2,2,15,16,50,1,1,1
24,AIML,1,7.48,69.76,287,38,3,2,3,4,87,40,69,0,1,1
23,ECE,3,7.07,60.13,81,32,5,2,1,2,23,20,54,0,0,1
21,AIML,2,8.27,65.71,250,29,4,1,5,4,64,34,54,0,1,1
18,CSE,2,7.27,71.61,286,44,5,3,1,0,77,19,57,0,1,1
23,Chemical,2,8.74,78.39,265,35,5,2,3,1,31,21,63,0,1,1
22,Chemical,2,5.76,66.59,148,41,3,1,1,1,27,6,83,0,1,1
22,Civil,3,7.74,78.29,94,31,2,0,1,2,10,11,63,1,0,1
19,CSE,3,9.13,75.96,242,73,5,1,2,2,63,16,60,0,1,1
22,CSE,2,7.38,60.34,194,45,2,1,5,2,63,11,72,0,1,1
22,CSE,2,7.26,78.47,247,20,3,0,6,4,73,21,50,0,1,1
24,Civil,3,6.79,71.14,97,35,0,0,2,2,30,24,65,1,0,1
21,CSE,3,6.11,74.44,177,30,2,1,3,3,53,25,46,0,0,1
21,AIML,2,8.4,81.26,220,43,2,2,6,4,63,13,76,0,1,1
21,Mechanical,2,6.83,79.43,154,57,1,1,2,2,20,22,64,0,0,1
22,ECE,3,8.12,69.78,90,66,0,1,5,2,26,13,37,1,1,0
24,EEE,2,7.83,66.75,123,38,2,1,2,3,21,13,47,0,1,1
21,ECE,3,7.91,74.68,223,62,5,3,5,1,29,13,36,0,1,1
20,EEE,2,6.7,70.38,97,28,4,0,1,2,18,18,39,0,1,1
18,Civil,3,7.64,83.19,75,26,1,1,3,3,21,8,53,0,0,0
21,AIML,2,7.5,77.59,185,53,6,1,2,4,43,26,49,0,1,1
23,CSE,2,7.66,75.56,244,34,6,4,5,2,57,28,54,0,1,1
19,IT,2,5.36,58.66,249,35,2,0,3,1,57,7,48,0,0,1
21,ECE,2,7.95,70.49,102,48,4,3,4,0,17,11,55,0,1,1
24,ECE,3,9.25,68.29,231,43,5,0,1,2,31,26,56,0,1,1
21,ECE,2,6.42,64.81,107,40,3,0,3,0,22,19,42,0,0,1
20,ECE,3,8.15,77.38,165,64,4,2,6,2,19,20,48,0,1,1
21,ECE,2,7.3,76.52,155,36,0,2,6,0,18,10,31,0,1,1
21,Chemical,3,6.47,75.19,132,39,4,0,0,3,24,20,54,0,0,1
19,CSE,2,6.9,77.44,212,28,2,0,3,1,69,32,52,0,0,1
22,Chemical,2,8.74,81.96,125,57,4,0,4,1,22,36,44,0,0,1
21,EEE,2,7.75,70.58,112,27,4,0,3,2,21,9,33,0,1,1
22,CSE,2,7.39,68.31,231,43,4,3,7,4,56,11,44,0,1,0
21,CSE,3,6.01,78.34,119,21,1,0,3,3,36,0,52,1,1,1
18,EEE,2,7.97,72.77,175,38,3,1,1,0,31,32,47,0,0,1
20,Mechanical,3,8.27,74.04,99,21,3,1,3,3,20,32,54,0,0,1
20,ECE,3,7.61,73.52,105,27,2,0,1,1,19,5,33,1,1,1
19,ECE,3,6.38,59.98,152,14,2,0,2,3,27,0,46,0,0,0
22,AIML,1,8.2,74.95,277,37,3,2,3,1,76,17,60,0,1,1
19,EEE,3,8.93,67.64,145,53,3,0,1,2,21,11,49,0,0,1
22,Civil,2,7.36,77.97,93,27,7,0,0,1,26,16,60,0,0,1
20,ECE,2,8.38,73.72,140,30,4,1,4,2,23,20,57,0,1,1
19,Mechanical,2,7.31,69.32,110,30,0,0,1,0,24,27,67,0,0,1
20,CSE,2,7.35,60.09,275,43,6,3,5,5,45,12,68,0,1,1
21,ECE,2,7.67,76.8,178,23,3,0,0,0,43,24,48,0,1,0
22,Mechanical,2,7.19,89.77,118,33,3,1,3,0,24,9,33,0,0,1
22,Civil,3,6.96,68.28,77,55,2,1,3,4,12,11,43,0,0,1
19,ECE,3,7.37,73.23,95,34,3,1,1,3,13,11,53,0,0,1
21,ECE,1,8.57,88.48,256,57,3,2,3,2,36,29,62,0,1,1
22,CSE,1,7.82,91.62,386,27,4,2,2,2,86,23,55,0,1,1
20,AIML,2,7.47,65.44,259,59,4,2,4,2,74,14,46,1,1,1
19,EEE,3,7.52,82.53,100,11,5,0,2,2,28,20,47,1,0,1
20,Mechanical,3,8.7,58.41,128,15,4,0,3,6,31,21,48,0,0,1
19,CSE,2,6.66,50.0,205,40,2,2,6,2,59,6,58,1,1,1
23,Chemical,2,8.07,63.31,212,40,5,1,3,1,33,30,56,1,0,1
21,Chemical,1,8.47,74.49,262,46,4,2,4,2,36,37,68,0,1,1
21,CSE,2,7.36,59.57,213,30,6,1,3,2,75,22,68,1,1,1
22,CSE,2,8.54,86.51,262,54,2,2,4,4,70,20,55,0,1,1
21,IT,3,8.15,76.37,186,25,2,1,2,3,32,24,61,0,1,1
22,Chemical,3,8.06,80.13,190,57,6,1,4,3,35,25,43,0,1,1
19,ECE,1,6.67,68.92,188,62,7,2,2,3,35,15,66,1,1,1
21,IT,2,7.05,68.4,303,12,3,2,5,3,87,20,50,1,1,1
19,Civil,2,6.93,71.6,129,45,5,0,3,0,14,15,73,1,0,1
20,CSE,2,8.12,89.61,231,68,2,1,3,3,80,17,65,1,1,1
20,Chemical,1,8.52,78.65,223,51,3,0,5,2,30,23,59,0,1,1
22,Mechanical,3,7.14,73.97,111,32,3,1,3,3,13,17,60,0,0,1
22,IT,3,7.14,65.47,171,26,3,3,5,3,63,10,59,0,1,1
22,Mechanical,3,9.24,72.54,128,55,3,5,2,4,30,25,55,0,1,1
19,Mechanical,2,7.67,69.8,118,49,4,1,1,5,19,14,52,0,1,1
25,EEE,2,7.89,79.56,133,29,3,0,3,3,35,15,47,0,1,1
19,Mechanical,2,7.3,75.64,153,50,2,0,5,1,30,20,60,0,1,1
23,ECE,2,8.63,63.79,113,49,2,1,1,3,33,19,50,0,1,1
22,Civil,1,8.1,79.06,165,14,3,1,4,2,29,16,59,1,1,1
21,Mechanical,2,7.66,79.53,185,48,3,2,4,2,38,20,39,0,0,1
21,Civil,1,7.94,79.54,232,17,5,1,1,4,24,18,64,1,1,1
22,Mechanical,3,7.0,76.39,110,30,2,1,2,2,22,14,57,0,0,1
22,Chemical,3,6.55,75.13,76,50,2,1,2,2,13,19,45,1,0,1
20,CSE,3,7.36,76.11,169,43,1,2,6,3,58,14,48,0,1,1
22,AIML,3,8.67,68.41,205,37,2,2,4,4,34,17,42,0,1,1
19,ECE,3,7.11,79.51,156,46,4,0,3,1,32,16,58,1,0,1
21,AIML,2,8.4,88.93,251,39,5,2,1,5,50,21,45,0,1,1
22,Civil,3,7.02,81.32,100,50,3,1,0,3,30,19,42,1,0,1
23,CSE,2,5.91,70.82,151,21,7,0,3,1,62,0,63,0,0,1
21,ECE,2,7.06,72.06,140,31,2,2,3,3,22,14,59,0,1,1
20,ECE,2,6.12,65.19,93,36,4,0,3,0,17,3,49,0,1,1
21,Civil,3,7.99,62.44,130,61,4,1,2,1,25,8,54,1,1,1
20,AIML,2,5.94,75.78,201,32,2,0,7,2,61,2,60,0,1,1
21,Chemical,3,7.42,63.37,101,45,1,0,3,1,21,14,56,0,1,1
21,AIML,2,6.86,69.45,178,36,3,5,5,5,49,30,46,0,1,1
22,CSE,3,6.82,69.17,177,54,5,0,3,1,47,19,45,0,0,1
20,AIML,2,8.24,85.16,341,22,5,0,4,3,76,16,54,0,1,1
20,Civil,1,7.65,79.13,202,21,6,3,6,0,35,8,61,0,0,1
21,CSE,2,7.48,69.62,216,28,5,3,3,2,61,27,57,0,1,1
19,CSE,1,7.67,73.76,250,53,4,0,6,2,47,19,59,0,1,1
20,AIML,3,7.02,70.99,155,43,5,3,7,2,50,15,55,0,0,1
21,ECE,2,6.82,76.2,108,50,2,2,4,0,24,22,47,1,1,1
21,IT,3,5.93,61.91,146,35,3,4,9,4,57,0,58,1,1,1
20,CSE,3,7.68,76.62,169,55,6,1,5,3,66,14,52,0,1,1
21,IT,2,7.76,73.4,224,48,2,2,0,6,54,5,59,1,1,1
23,Mechanical,3,8.32,93.79,92,53,2,0,10,4,21,29,53,1,0,1
21,ECE,2,7.84,69.57,102,20,4,1,5,1,31,17,39,0,1,0
20,EEE,1,7.37,82.15,198,57,3,1,4,3,32,40,62,0,1,1
19,Chemical,2,7.37,70.61,192,41,3,0,1,1,28,18,50,0,1,1
20,Mechanical,2,7.99,74.93,97,60,3,1,4,2,18,16,55,0,1,1
21,Mechanical,2,8.44,86.49,107,62,4,2,7,3,19,19,45,0,1,1
22,AIML,3,7.01,76.28,239,40,5,0,5,2,62,20,37,1,0,0
19,ECE,2,8.44,76.25,124,38,2,1,4,1,22,20,73,0,1,1
20,IT,3,7.29,70.86,170,53,3,1,4,2,36,17,65,1,1,1
20,ECE,3,6.79,81.48,65,24,4,1,3,2,22,13,56,0,0,1
20,CSE,3,6.81,69.3,174,40,3,0,4,2,54,16,58,0,0,1
24,ECE,3,7.11,70.25,87,11,2,0,5,1,17,27,46,1,0,1
20,ECE,2,7.49,69.23,195,45,2,2,3,4,27,7,37,0,0,1
19,EEE,3,8.33,89.32,183,56,2,1,3,3,35,18,49,0,1,1
21,AIML,2,9.11,70.35,394,59,10,3,6,2,97,25,50,0,1,1
20,AIML,2,7.32,75.44,219,34,11,2,4,4,81,24,60,0,1,1
19,IT,3,6.18,72.12,163,23,1,0,5,6,69,23,37,0,0,1
21,ECE,3,6.85,63.54,47,45,3,0,2,0,13,11,46,0,0,1
20,IT,2,7.25,71.3,217,55,5,2,4,5,48,22,64,0,1,1
19,Mechanical,3,7.59,71.68,78,15,5,0,4,1,17,25,25,0,0,0
21,EEE,3,5.83,64.42,52,27,1,0,1,1,17,0,29,0,0,1
21,CSE,1,8.65,78.43,310,47,3,4,8,5,78,45,65,0,1,1
19,AIML,3,6.59,73.28,167,24,0,0,4,3,56,12,47,0,1,1
23,EEE,2,7.76,72.83,166,56,1,0,2,2,32,27,49,1,0,1
20,ECE,3,7.25,87.25,118,42,3,0,4,0,10,12,32,0,0,1
24,IT,1,7.18,68.39,380,39,6,1,4,6,89,17,49,0,1,1
24,CSE,3,8.49,79.0,212,41,5,0,4,4,63,30,73,0,1,1
21,Chemical,3,6.97,73.16,199,41,1,0,2,5,28,22,58,0,1,1
20,ECE,1,6.94,76.48,162,32,6,0,4,1,36,26,52,0,1,1
23,AIML,3,7.8,76.47,216,30,3,1,1,3,57,11,55,0,1,1
21,Mechanical,2,8.25,70.55,157,37,4,0,7,2,29,25,69,1,1,1
20,AIML,1,7.58,78.84,279,30,2,3,4,5,71,13,51,0,1,1
21,AIML,3,7.51,74.18,200,39,3,0,0,2,56,24,54,1,0,1
21,Civil,1,8.57,84.3,366,58,1,3,3,3,42,30,49,1,1,0
23,Civil,3,7.17,78.46,55,18,3,1,0,1,11,17,69,1,0,1
22,ECE,2,7.29,77.57,109,41,5,1,3,1,29,25,55,0,1,1
23,EEE,3,8.02,82.21,172,73,3,0,4,0,34,16,49,0,0,1
22,IT,3,7.23,69.18,213,44,3,1,6,3,51,20,51,0,1,1
22,EEE,3,6.69,72.09,79,38,2,1,0,1,14,31,41,0,0,1
21,Mechanical,2,7.5,81.8,248,61,1,3,1,1,31,36,52,0,1,1
25,Mechanical,2,6.68,73.06,106,7,3,3,1,2,18,5,55,0,0,0
24,CSE,1,7.69,69.26,434,63,3,2,10,2,90,18,70,0,1,1
23,CSE,2,8.32,69.39,254,34,5,2,5,6,85,16,66,1,1,1
22,Mechanical,3,6.32,75.64,138,37,5,1,1,5,18,10,47,0,0,1
21,ECE,3,7.31,69.55,152,22,3,0,3,1,29,28,37,0,0,1
20,Chemical,1,8.26,76.08,170,25,5,2,3,0,33,29,55,0,1,1
23,CSE,2,7.45,83.72,221,36,2,0,6,3,58,9,61,0,1,1
18,Chemical,2,8.69,71.92,174,48,6,1,7,5,26,24,42,0,1,1
20,CSE,2,7.55,82.46,304,43,5,1,7,1,75,29,45,1,1,1
21,CSE,2,7.83,68.07,271,59,1,0,5,4,77,27,55,1,1,1
21,Civil,3,8.53,85.69,112,20,1,0,6,2,21,32,57,0,0,1
21,ECE,2,7.94,76.61,143,39,3,2,6,0,27,19,47,0,1,1
20,AIML,2,7.49,62.01,183,19,7,1,7,0,58,28,33,0,1,1
19,EEE,3,6.99,63.84,70,37,3,0,3,0,14,18,44,0,1,0
20,IT,1,7.62,68.38,273,69,4,2,4,5,56,20,40,0,1,0
20,Chemical,3,7.64,75.4,63,58,5,1,1,3,20,24,42,0,0,1
18,Mechanical,3,6.7,79.31,75,21,2,1,4,2,21,8,19,0,0,1
22,EEE,3,8.47,79.83,102,48,3,4,3,3,18,6,59,1,1,1
20,IT,3,9.31,73.76,226,43,5,1,6,3,77,28,29,0,1,1
21,CSE,2,7.51,84.16,234,61,3,3,3,2,67,14,77,0,1,1
20,Mechanical,3,5.9,68.44,142,39,2,0,3,3,17,0,37,0,0,0
21,CSE,3,8.01,69.24,202,27,3,2,6,2,65,19,46,1,1,1
23,CSE,3,7.44,73.01,192,44,7,0,2,3,67,10,57,0,1,1
20,EEE,2,8.07,75.9,171,46,3,1,3,4,32,21,52,0,1,1
20,Mechanical,1,7.73,68.75,214,45,6,2,1,2,29,29,71,0,1,1
22,IT,2,8.31,83.25,208,47,6,0,7,0,52,28,45,0,1,1
19,EEE,3,6.74,69.04,87,49,2,0,4,0,7,21,55,1,1,1
23,Chemical,1,8.11,70.14,198,53,1,2,4,5,28,16,32,0,1,1
24,AIML,3,7.63,78.67,248,43,3,0,3,7,77,8,46,0,1,1
21,CSE,3,7.7,77.4,177,36,3,1,5,2,54,10,67,0,1,1
24,AIML,3,8.02,81.18,247,42,6,0,9,6,67,12,46,0,1,1
21,ECE,2,8.29,81.87,124,39,6,2,7,1,17,20,54,1,1,1
21,Mechanical,2,6.54,66.31,166,24,6,1,1,1,28,2,57,0,1,1
19,IT,3,8.03,74.89,216,28,4,2,7,5,69,24,61,0,0,1
19,EEE,2,7.66,58.78,103,46,2,2,4,6,20,16,66,0,1,1
20,ECE,3,7.19,73.95,92,56,2,0,2,3,17,15,65,1,0,1
21,ECE,3,7.59,75.98,80,46,3,1,3,0,15,20,44,0,0,1
21,CSE,2,7.71,73.25,205,28,7,1,4,3,70,30,63,1,1,1
20,CSE,1,7.84,68.36,270,30,3,4,2,6,84,15,45,1,1,1
21,AIML,2,6.01,76.61,186,41,1,0,5,2,71,20,55,0,1,0
20,AIML,3,7.47,65.43,419,31,2,3,2,2,95,11,47,0,1,0
20,CSE,3,7.18,83.5,171,37,6,1,4,6,57,20,40,1,0,1
20,CSE,2,7.8,64.31,197,38,6,1,2,0,58,33,56,0,0,1
22,EEE,3,7.31,71.52,86,21,2,1,1,6,20,16,63,0,0,1
21,ECE,3,9.16,63.35,197,57,2,2,8,0,30,14,43,0,1,1
22,AIML,1,7.58,68.97,246,34,4,1,3,2,70,0,54,0,1,1
19,AIML,2,6.2,71.54,195,13,6,2,3,2,42,0,37,1,0,1
21,CSE,3,7.27,75.46,279,40,4,1,4,3,83,11,64,0,1,1
24,Mechanical,1,7.37,71.9,228,39,5,2,1,3,31,13,43,1,0,1
19,ECE,3,7.53,70.56,120,62,3,1,4,0,21,19,35,0,1,0
21,EEE,2,7.12,89.3,107,37,4,5,2,1,24,8,66,0,1,1
19,IT,3,7.89,74.67,193,15,3,2,4,4,62,28,58,1,1,1
20,CSE,3,7.34,93.32,222,56,3,1,1,6,77,25,42,1,1,1
21,Civil,3,7.65,85.22,194,49,6,1,2,1,29,25,38,0,1,1
20,CSE,3,8.6,72.84,188,37,4,3,3,3,57,25,61,0,1,1
21,IT,2,7.56,70.78,194,71,2,1,4,5,43,9,26,0,1,1
24,EEE,2,6.37,81.69,126,28,1,1,3,1,20,4,48,0,0,1
20,EEE,3,6.94,62.48,82,56,3,0,2,2,23,19,42,0,0,1
19,ECE,3,6.18,79.58,39,35,2,0,1,0,12,23,50,0,0,1
23,Mechanical,1,7.25,72.41,206,58,4,2,2,3,23,10,56,1,1,1
21,ECE,3,4.36,50.0,34,12,1,1,1,0,21,1,60,0,0,1
23,Civil,3,8.06,67.87,92,41,1,0,2,3,27,32,46,1,1,1
20,AIML,2,6.24,68.29,232,28,5,2,9,4,60,10,40,1,1,1
22,ECE,3,7.96,71.87,109,27,3,3,7,0,28,24,45,0,1,1
24,CSE,3,6.8,66.74,190,22,4,1,3,0,56,23,58,0,1,1
20,EEE,2,7.27,62.89,257,15,2,3,2,0,24,15,51,0,1,1
22,IT,2,8.88,78.18,260,59,2,3,3,1,80,12,24,0,1,1
22,Mechanical,1,7.48,84.64,234,52,4,2,2,3,38,27,64,0,1,1
22,Mechanical,3,6.52,81.39,148,49,6,0,4,2,27,23,55,0,0,1
20,ECE,2,7.07,81.09,144,30,2,1,3,2,21,11,67,0,0,1
21,EEE,2,6.44,69.38,91,15,1,1,1,0,14,2,45,0,0,1
19,Mechanical,1,8.47,85.62,258,32,5,4,2,1,32,13,34,0,1,1
24,Civil,2,7.97,64.46,119,48,2,0,3,3,25,13,48,0,0,1
19,CSE,2,7.24,77.49,200,32,2,2,10,3,67,11,60,1,1,1
19,ECE,2,8.15,87.24,178,28,5,1,4,1,26,30,56,1,1,1
23,Chemical,3,7.86,80.34,210,62,5,1,3,0,34,15,42,0,0,1
20,AIML,2,7.27,61.9,224,28,5,2,4,4,56,11,61,1,1,1
21,EEE,2,7.71,68.4,156,60,3,1,6,1,29,12,28,1,0,1
20,AIML,3,7.15,68.31,211,30,1,3,4,2,56,22,35,0,1,1
22,Mechanical,2,6.94,64.64,82,30,2,1,3,2,19,20,52,0,0,1
20,Mechanical,3,5.18,64.27,51,25,0,0,5,3,28,16,55,0,0,1
21,Chemical,3,7.1,72.03,60,36,2,0,3,2,18,12,46,0,0,1
21,Mechanical,2,7.49,72.34,114,47,3,1,2,0,26,12,59,0,1,1
20,ECE,2,6.31,63.86,71,37,4,0,1,0,16,11,30,0,0,1
20,ECE,2,8.21,84.0,106,58,2,1,4,0,27,18,53,1,1,1
20,Mechanical,3,7.15,71.59,84,21,4,1,3,3,16,17,48,0,1,1
22,Mechanical,2,7.84,65.12,92,29,5,1,1,3,18,24,42,0,0,0
20,CSE,2,7.72,71.57,213,53,5,1,4,1,54,19,50,0,1,1
20,AIML,3,7.24,69.25,264,25,6,0,8,2,81,18,42,0,1,1
20,Mechanical,3,6.85,59.14,105,34,5,1,2,0,18,23,27,0,0,1
21,CSE,3,6.73,68.83,139,19,6,1,8,4,47,17,45,1,0,1
22,EEE,2,6.04,78.31,124,42,3,3,4,2,21,7,53,0,1,1
21,Civil,3,8.57,75.66,136,27,7,1,3,1,27,19,46,1,0,1
23,IT,2,7.76,73.51,188,36,6,2,6,2,67,25,57,0,1,1
22,AIML,3,6.5,74.66,216,20,7,0,2,4,56,25,58,1,0,1
23,Civil,3,7.81,70.81,220,46,2,0,4,1,28,16,31,1,0,1
22,ECE,3,6.34,62.65,57,38,4,1,7,1,25,23,54,1,0,1
20,Civil,3,7.84,79.99,107,59,5,0,4,1,13,34,37,1,0,1
25,CSE,2,7.85,74.96,274,46,3,2,3,3,69,16,61,0,1,1
22,AIML,2,6.93,60.16,239,27,4,1,4,0,77,15,54,0,1,1
21,CSE,3,5.98,72.0,257,32,3,0,2,1,74,6,78,1,1,1
20,ECE,3,6.9,74.3,101,43,2,0,2,0,24,17,56,0,0,1
20,Civil,1,7.81,62.75,214,53,4,3,5,1,26,24,52,0,1,1
21,EEE,2,6.14,52.92,52,32,2,2,4,3,21,4,33,0,0,1
21,CSE,2,6.89,67.36,217,49,4,1,4,4,74,23,59,1,1,1
22,CSE,3,8.44,94.78,272,45,1,5,2,2,66,17,52,0,1,1
21,Mechanical,2,7.41,90.35,109,25,4,0,2,0,11,13,28,0,0,0
21,CSE,3,9.57,91.23,276,40,9,2,4,5,74,26,38,0,1,1
20,AIML,1,8.1,70.62,265,41,6,2,4,2,84,34,42,0,1,1
20,Mechanical,3,7.16,67.1,190,35,2,2,2,2,37,27,65,1,1,1
19,AIML,2,6.71,62.38,229,35,3,0,4,4,72,19,43,0,0,1
22,ECE,2,6.5,62.16,60,55,5,1,2,3,24,9,56,0,1,1
21,IT,3,7.46,78.19,173,41,6,3,2,4,70,13,57,1,1,1
24,IT,3,6.92,84.28,177,47,4,2,6,1,54,26,49,0,0,1
22,AIML,1,7.45,72.09,309,46,5,1,4,5,83,13,70,1,1,1
22,IT,3,7.49,70.12,241,49,3,1,6,2,67,26,57,1,0,1
21,CSE,3,6.75,65.12,141,23,4,2,3,3,52,5,48,0,0,1
22,Chemical,3,8.06,74.28,103,48,0,1,2,2,24,31,48,0,1,1
24,IT,2,7.72,68.66,200,60,2,0,2,2,59,12,45,0,0,1
22,Mechanical,2,6.98,62.47,78,29,0,1,3,2,17,11,64,0,0,1
19,AIML,1,7.93,76.63,257,35,9,1,5,3,71,28,70,1,1,1
22,AIML,3,5.39,61.6,150,21,3,2,5,1,52,17,57,0,0,1
19,ECE,2,7.81,71.33,151,53,1,3,4,3,32,24,49,0,1,1
19,Mechanical,3,7.65,74.58,195,31,2,1,7,4,30,17,37,0,0,1
22,CSE,3,5.59,53.39,224,22,6,1,3,2,56,9,50,1,1,1
23,CSE,2,5.91,58.19,216,23,6,3,4,3,60,0,43,0,1,1
20,Mechanical,2,7.22,74.03,99,26,4,2,2,3,13,16,54,0,1,1
19,IT,2,6.95,64.09,157,19,2,3,5,3,51,24,62,0,1,0
23,Civil,1,10.0,74.15,466,78,13,4,0,2,80,14,38,1,1,1
20,CSE,2,7.54,68.98,227,52,5,2,5,3,77,27,39,0,1,1
19,Mechanical,1,9.04,80.89,191,30,2,2,3,0,24,20,50,1,1,1
22,EEE,3,7.04,61.31,63,39,3,0,5,0,19,13,58,0,0,1
23,CSE,3,7.86,69.34,235,69,6,1,3,1,54,18,42,0,1,1
21,CSE,2,7.09,83.92,179,30,2,1,4,1,56,18,54,0,1,1
21,Civil,2,7.82,77.61,156,47,2,2,2,0,20,20,62,1,1,1
20,AIML,3,6.99,78.86,213,42,4,2,9,4,55,10,35,1,0,1
20,AIML,3,6.22,69.97,151,20,0,0,0,3,62,21,60,0,0,1
22,CSE,1,7.22,64.2,265,39,5,2,2,3,72,10,74,0,1,1
23,IT,2,7.81,69.83,295,23,5,1,9,6,74,17,67,0,1,1
20,ECE,1,6.76,67.03,295,35,2,0,0,2,40,23,45,0,1,1
20,ECE,2,7.56,69.62,99,66,2,3,5,1,18,25,63,0,1,1
20,Civil,3,7.61,83.53,81,70,3,0,1,2,19,9,59,0,0,1
19,CSE,1,8.03,74.09,257,24,6,1,3,2,73,32,48,1,1,1
20,Mechanical,2,8.12,66.24,135,27,2,0,3,3,23,31,51,1,0,1
18,Civil,2,9.22,74.73,264,63,6,1,3,2,43,23,63,0,1,1
22,CSE,3,6.26,72.86,142,32,5,0,5,3,48,0,73,0,1,1
20,Mechanical,2,7.17,62.32,128,47,4,1,2,2,22,11,47,0,0,1
22,AIML,2,7.44,81.43,219,44,4,1,5,3,51,26,56,0,1,0
21,ECE,1,7.31,83.57,213,30,2,1,3,1,36,13,65,0,1,1
23,CSE,3,8.33,70.75,338,64,4,4,4,2,92,14,53,1,1,1
24,AIML,3,8.4,80.55,175,25,4,3,3,1,59,14,38,0,1,0
21,CSE,3,9.24,86.19,270,47,6,1,7,2,73,28,62,0,1,1
19,AIML,3,7.22,65.95,247,36,2,1,7,4,75,15,47,0,1,1
22,CSE,3,6.36,67.41,233,21,3,3,6,1,65,24,49,0,1,1
18,Chemical,2,7.3,71.41,144,33,6,0,1,1,31,26,53,0,0,1
20,Civil,3,6.52,73.45,126,37,5,0,3,2,21,18,42,0,0,1
19,EEE,3,8.05,85.95,90,46,1,1,2,1,18,22,71,1,0,1
23,IT,2,8.13,74.15,220,54,3,2,6,4,66,31,46,0,1,1
18,Chemical,2,8.15,65.34,144,70,4,0,3,4,21,16,53,0,0,1
21,Chemical,2,9.27,67.21,184,53,9,1,7,0,23,29,43,0,1,1
21,Mechanical,3,7.36,68.07,90,37,3,0,4,2,14,24,44,0,0,1
22,Mechanical,3,6.8,69.65,64,34,3,0,1,2,17,13,58,0,0,1
20,IT,3,7.31,81.64,207,21,2,1,3,4,64,0,54,0,1,1
23,Civil,2,6.67,59.05,155,43,2,0,1,0,22,3,62,0,0,1
22,ECE,1,7.16,71.5,184,31,4,1,3,5,30,9,59,0,1,1
21,EEE,2,7.51,84.25,106,60,2,2,3,2,18,29,56,0,1,1
21,CSE,2,7.92,77.96,255,33,5,1,4,0,77,33,53,1,0,1
22,CSE,2,6.79,62.9,275,38,4,0,3,2,78,19,59,0,1,1
22,Chemical,2,6.38,71.45,112,48,2,0,8,1,27,12,57,0,0,1
21,EEE,3,7.95,74.89,205,45,2,0,5,4,26,34,46,1,0,1
20,Mechanical,3,6.6,79.62,58,40,3,0,1,1,11,8,58,0,0,0
19,CSE,2,7.62,79.22,292,50,3,0,3,3,81,24,55,0,1,1
19,ECE,1,8.72,79.54,216,39,2,1,6,2,37,32,46,1,1,1
19,AIML,2,8.18,79.78,235,70,4,1,5,3,75,31,56,0,1,1
18,Civil,2,8.0,75.54,152,20,4,1,3,0,24,16,60,0,0,0
20,ECE,2,8.42,71.23,181,44,5,3,4,2,20,28,66,0,1,1
23,IT,1,7.95,80.12,294,41,8,0,2,2,84,5,64,0,1,1
22,CSE,3,6.41,65.41,192,47,5,1,6,2,68,27,66,0,1,1
23,IT,2,9.59,82.83,285,49,6,2,4,2,84,32,55,0,1,1
22,IT,3,7.72,79.23,232,24,1,0,4,5,63,31,56,0,1,1
22,Mechanical,3,7.75,65.64,149,42,3,0,5,3,25,14,52,0,1,1
19,Civil,2,7.65,72.51,131,47,3,3,4,2,20,14,50,0,0,1
22,IT,2,6.05,79.86,196,22,3,2,8,5,48,8,70,0,1,1
20,IT,3,6.61,80.08,178,23,4,2,4,2,51,23,55,0,0,1
21,Chemical,3,8.74,80.58,86,46,1,1,2,1,22,17,64,0,1,1
24,IT,3,5.71,66.6,131,13,4,0,3,4,50,17,45,1,0,1
23,EEE,2,7.4,71.35,191,44,1,0,3,3,28,8,41,0,0,0
20,CSE,3,7.58,69.13,200,37,3,1,8,6,61,21,23,0,1,1
22,ECE,2,7.2,72.12,106,31,5,0,3,0,23,14,36,1,1,1
19,AIML,2,9.22,88.11,227,65,5,1,6,2,48,29,56,0,1,1
18,AIML,2,6.19,64.97,191,42,4,0,4,2,61,20,48,0,0,1
18,AIML,2,6.88,62.66,199,21,2,2,4,2,69,14,41,0,1,1
20,ECE,3,7.62,80.8,70,37,2,0,3,1,27,25,54,0,1,1
22,AIML,2,7.83,72.07,180,39,1,1,9,2,55,19,54,0,1,1
21,Mechanical,3,7.43,66.44,139,52,0,0,3,3,21,30,68,0,1,1
18,ECE,2,7.73,74.5,154,42,2,2,6,3,32,24,75,0,0,1
25,CSE,1,7.21,70.26,300,40,6,2,3,6,99,5,74,1,1,1
21,ECE,2,7.21,72.97,149,38,3,0,5,3,24,12,58,0,1,1
21,CSE,2,6.61,74.1,216,42,4,0,1,2,62,12,51,0,0,1
21,CSE,3,7.69,76.61,212,20,5,2,3,3,58,23,48,1,1,1
21,CSE,2,6.05,72.02,258,47,5,0,3,3,73,11,55,0,0,1
21,Mechanical,2,6.34,70.68,68,35,2,1,1,4,16,14,59,0,0,1
21,ECE,2,8.24,63.36,194,28,6,0,3,3,25,12,55,0,0,1
23,CSE,1,7.25,73.19,253,20,2,0,5,4,73,13,53,0,1,1
20,ECE,2,9.55,70.93,208,54,3,2,2,1,25,31,49,0,1,1
21,AIML,2,7.1,67.1,198,34,7,0,6,6,68,8,64,1,1,1
18,Mechanical,3,6.96,66.74,107,33,5,2,0,0,25,27,46,0,0,1
23,Chemical,3,8.47,80.51,217,48,2,1,2,1,36,26,45,0,0,1
20,CSE,2,8.33,63.54,197,55,6,0,3,1,70,23,49,0,1,1
20,AIML,2,7.33,71.47,208,30,4,1,3,4,62,12,48,0,0,1
25,Mechanical,2,7.42,72.48,181,13,2,0,1,0,30,19,54,0,1,1
21,EEE,2,8.35,81.55,151,46,2,0,1,2,23,25,52,0,1,1
19,Civil,2,7.67,74.63,104,41,0,1,3,0,24,22,59,0,0,1
20,EEE,3,7.07,75.82,136,39,3,1,5,1,22,23,44,0,0,1
21,CSE,2,7.34,73.69,225,31,5,2,2,3,62,30,41,1,0,1
25,Civil,2,9.18,90.73,186,51,6,2,7,0,26,26,48,0,0,1
21,CSE,1,7.48,70.31,259,57,5,2,4,3,60,24,59,1,1,1
20,CSE,3,7.08,88.38,338,31,7,1,5,3,60,20,45,1,0,1
21,Chemical,3,7.32,68.93,181,32,4,0,4,1,32,15,46,0,0,1
21,EEE,3,7.4,78.56,120,41,8,1,4,4,21,25,45,1,1,1
19,IT,2,6.87,82.09,196,50,3,2,3,3,54,24,52,0,0,1
23,AIML,3,8.71,75.99,195,37,2,0,5,3,53,29,65,0,1,1
18,CSE,3,7.04,71.46,216,40,3,2,2,3,78,21,46,0,1,1
23,ECE,3,7.78,64.93,129,27,4,2,4,2,23,24,57,0,0,1
22,Civil,1,9.15,100.0,183,65,5,2,3,1,36,34,61,0,1,1
19,Mechanical,2,7.22,71.13,112,24,2,1,1,1,29,11,44,0,0,1
22,Mechanical,3,7.7,84.12,92,29,4,1,2,1,23,19,36,0,0,1
22,EEE,2,6.46,65.3,155,25,6,3,1,1,23,17,54,0,1,1
21,CSE,3,6.7,61.24,161,33,5,2,3,2,50,14,62,0,1,1
21,ECE,2,7.63,69.6,198,21,3,1,1,2,32,16,51,0,1,1
19,CSE,2,7.17,73.89,193,54,4,1,5,0,66,13,58,0,1,1
19,CSE,2,8.15,76.61,236,42,9,0,4,4,85,13,60,0,1,1
22,CSE,3,6.93,67.27,208,31,2,1,2,3,65,10,60,0,1,1
19,Civil,1,7.54,70.69,173,42,9,2,4,0,28,17,57,1,1,1
20,AIML,2,6.99,73.08,292,45,3,1,3,3,81,29,55,0,1,1
21,ECE,3,8.31,70.82,89,35,3,0,4,4,25,11,54,1,0,1
20,Civil,3,7.2,69.49,219,54,4,1,2,2,35,31,39,0,1,1
22,Mechanical,3,6.82,63.98,109,35,1,2,4,3,27,14,51,1,0,1
22,CSE,1,7.03,77.78,292,25,1,1,6,1,76,17,63,1,1,1
23,ECE,2,6.59,61.66,182,14,3,0,4,0,30,27,55,0,0,1
19,Mechanical,2,8.1,73.58,125,36,7,2,3,1,19,18,45,0,1,1
21,ECE,3,7.3,76.91,97,17,3,0,4,3,22,25,47,1,0,1
23,AIML,2,10.0,86.1,354,36,6,3,4,1,76,43,42,0,1,0
21,EEE,3,6.9,63.96,172,24,5,0,1,1,22,10,61,0,1,1
22,IT,2,6.19,75.17,185,51,4,2,5,2,58,15,50,1,1,1
21,ECE,3,7.18,76.16,87,55,5,1,1,0,21,8,57,0,0,0
20,CSE,2,9.43,84.76,215,53,7,2,5,2,47,29,51,0,1,1
20,Civil,2,7.81,74.12,99,33,3,2,1,0,18,12,53,0,0,1
22,Chemical,3,7.29,76.41,161,49,3,0,1,1,27,21,74,1,0,1
20,IT,2,7.06,76.74,183,41,3,3,5,2,83,23,49,0,1,1
23,AIML,2,7.23,90.47,219,43,6,2,5,2,51,19,43,0,1,0
21,CSE,1,8.78,66.02,295,51,5,3,8,6,80,18,73,1,1,1
19,EEE,2,6.79,74.6,114,49,3,1,1,3,26,14,44,0,1,1
22,CSE,3,7.38,78.69,175,32,4,1,6,3,59,13,37,1,0,1
21,EEE,3,7.48,76.0,96,42,6,1,2,1,13,26,47,0,0,1
20,Chemical,3,7.36,80.64,60,45,0,2,4,5,17,19,59,0,0,1
24,CSE,3,7.09,79.4,192,25,6,1,2,3,76,7,51,0,1,1
22,AIML,2,6.27,72.57,178,52,4,0,3,0,70,6,36,0,1,1
21,CSE,2,7.69,73.9,185,31,5,2,4,1,63,30,60,0,1,1
23,IT,2,7.27,58.86,216,36,3,1,3,3,66,19,59,0,1,1
21,Civil,3,8.4,92.08,161,47,1,1,4,2,21,32,44,0,1,1
21,CSE,2,7.36,57.42,211,37,2,4,4,1,54,21,42,0,1,1
20,EEE,2,7.46,78.53,238,25,3,1,4,1,30,28,41,0,0,1
20,IT,3,7.48,76.73,209,45,3,1,4,3,59,7,30,0,1,1
21,IT,3,7.75,65.91,209,26,2,3,7,4,63,29,55,0,1,1
21,CSE,3,5.82,84.86,141,38,4,2,6,2,37,11,45,0,0,1
22,Civil,3,7.62,81.11,128,64,3,1,3,0,33,10,39,0,0,1
21,Civil,2,6.06,71.95,183,39,1,0,3,1,29,6,47,0,0,1
21,CSE,3,7.04,63.86,176,32,4,2,3,4,63,14,44,0,1,1
23,EEE,3,7.9,86.5,191,62,3,1,1,3,33,29,65,0,1,1
25,IT,2,9.26,91.35,225,35,5,4,4,3,77,13,58,0,1,1
20,CSE,2,6.66,72.91,183,28,5,4,3,3,64,23,50,0,1,1
23,IT,1,7.04,85.93,244,49,3,1,3,2,76,12,47,0,1,1
22,CSE,2,6.07,71.42,199,35,1,1,3,2,52,9,49,0,1,1
19,Mechanical,2,6.89,75.26,96,44,3,0,4,0,16,12,56,0,0,1
20,ECE,3,9.3,79.79,111,40,2,0,5,2,14,29,43,1,0,1
20,Mechanical,1,6.4,76.2,176,17,3,0,6,0,31,13,64,1,1,1
22,Chemical,3,4.71,69.4,122,20,4,0,1,2,23,0,62,0,0,0
21,IT,3,8.1,72.57,170,38,4,0,8,4,60,20,57,1,0,1
21,ECE,2,8.23,68.66,185,46,4,2,5,2,31,29,60,0,1,1
22,Chemical,2,7.54,73.02,137,52,2,1,1,2,16,15,45,0,0,1
20,CSE,3,7.46,79.22,172,31,5,3,3,4,56,29,62,0,1,1
21,CSE,3,8.02,74.66,268,40,2,3,5,7,76,24,38,0,0,1
23,ECE,3,8.04,69.38,195,48,2,3,3,2,28,38,39,0,0,0
25,ECE,2,6.63,70.89,94,8,3,0,4,0,25,19,55,0,1,1
22,Chemical,2,6.44,62.55,110,43,1,0,3,1,17,22,62,1,0,1
20,ECE,3,6.5,67.07,73,10,0,2,1,0,17,20,64,0,0,1
19,ECE,3,6.7,58.84,91,22,1,0,3,1,15,28,50,1,0,1
20,ECE,1,8.37,77.76,210,66,2,2,3,2,32,28,58,0,1,1
21,ECE,3,8.25,82.02,105,50,2,0,5,0,15,19,51,0,1,1
20,Civil,3,7.06,72.94,48,48,3,0,1,4,17,17,78,0,1,1
23,EEE,2,7.74,77.68,127,30,3,0,4,1,25,24,57,0,1,1
22,Mechanical,2,7.42,74.97,184,32,4,2,1,4,22,15,30,0,1,1
21,CSE,3,6.64,74.69,177,30,5,2,4,2,52,16,71,0,1,1
20,Civil,1,7.0,76.69,144,42,1,2,2,1,29,34,56,0,1,1
21,Chemical,3,7.41,78.13,83,49,2,1,0,0,14,23,46,0,1,1
21,Chemical,3,7.99,83.72,85,50,1,1,3,2,19,18,29,0,0,1
22,Chemical,2,7.85,63.87,89,44,4,3,5,2,21,27,49,1,1,1
19,Mechanical,3,7.18,78.47,95,39,3,1,2,0,13,20,39,0,1,1
23,Mechanical,3,8.53,75.78,90,45,4,0,3,1,19,14,60,0,1,1
19,CSE,2,8.83,74.92,286,42,3,1,4,0,83,23,70,0,1,1
20,AIML,2,6.22,56.36,167,13,3,2,2,5,63,15,34,0,0,1
25,Mechanical,3,6.34,59.19,86,27,5,0,3,0,28,0,18,0,0,1
20,IT,3,6.12,66.06,128,53,3,3,3,3,38,18,57,0,1,1
19,EEE,1,8.52,71.44,185,42,3,2,3,3,24,25,62,0,1,1
22,EEE,2,7.26,80.21,288,34,4,0,4,2,44,25,62,0,1,1
21,EEE,3,7.4,78.84,104,36,2,0,3,3,13,23,51,0,0,1
19,IT,3,7.86,85.68,169,36,4,1,6,3,53,20,36,0,1,1
18,Civil,2,7.49,72.9,162,36,1,1,2,4,22,19,41,0,1,0
19,AIML,2,6.95,76.83,191,25,3,1,1,4,50,31,49,0,1,1
21,Mechanical,3,6.42,59.51,78,35,3,0,1,0,20,5,54,0,0,1
20,CSE,2,7.3,90.09,246,47,2,1,9,3,66,21,59,0,1,1
22,Civil,2,8.18,88.75,153,32,3,0,3,2,27,35,50,0,0,1
23,Mechanical,2,6.06,63.6,217,41,0,1,4,2,35,20,55,1,0,1
20,Chemical,2,7.09,83.88,133,42,1,0,1,3,24,13,59,0,1,1
20,CSE,1,6.11,61.49,285,15,7,1,3,2,70,30,45,0,1,1
20,Mechanical,2,8.28,71.79,173,56,3,1,3,1,23,11,66,0,1,1
20,IT,2,6.08,69.54,185,35,2,0,4,2,46,20,56,1,0,1
20,AIML,1,6.38,64.29,262,20,2,2,4,3,79,24,59,1,1,1
22,AIML,2,8.21,80.51,197,41,5,4,6,1,77,10,56,1,1,1
20,Mechanical,2,6.95,80.21,109,49,3,0,1,4,30,30,45,0,0,1
21,Chemical,1,6.21,59.92,117,34,3,2,5,1,20,22,38,0,1,1
22,EEE,3,7.8,75.79,178,35,6,0,7,3,32,22,51,0,1,1
23,AIML,2,7.6,67.37,286,43,2,3,2,4,55,26,46,0,1,1
20,IT,2,9.15,81.2,249,42,6,2,4,2,74,27,47,1,1,1
20,AIML,2,6.46,72.75,213,30,5,0,4,2,51,10,59,0,1,1
25,CSE,2,6.66,66.84,158,34,1,2,4,1,42,24,33,0,1,1
20,Mechanical,2,6.87,70.82,120,57,1,2,2,2,34,6,60,0,1,1
22,CSE,2,8.33,77.39,271,35,10,1,7,2,76,20,59,0,1,1
22,EEE,3,5.67,63.34,179,44,6,1,2,0,29,16,44,1,1,1
21,ECE,1,7.44,62.07,254,4,4,0,2,3,27,10,48,0,0,1
20,CSE,3,7.55,79.6,289,38,3,1,4,2,58,2,59,0,1,1
20,IT,3,8.34,82.06,209,49,7,2,5,0,63,27,64,1,1,1
21,CSE,3,6.59,76.15,169,45,0,2,6,3,37,27,34,0,1,1
21,EEE,3,7.57,67.27,82,47,2,1,7,1,23,18,53,0,1,1
22,EEE,3,6.79,70.09,162,0,1,2,1,0,17,2,70,0,1,1
22,Civil,1,6.67,59.94,141,51,3,2,4,0,24,1,82,0,1,1
23,AIML,1,7.62,89.0,335,28,4,2,4,4,73,16,76,1,1,1
25,CSE,1,7.48,64.64,352,29,3,4,3,1,88,16,64,1,1,1
22,ECE,3,7.75,83.55,108,21,2,2,5,2,27,15,41,1,0,1
19,Mechanical,3,8.99,73.35,124,56,2,0,4,2,27,0,57,0,1,1
21,ECE,2,7.84,77.21,181,48,2,0,4,2,30,23,38,0,1,1
21,Chemical,2,7.46,72.09,88,35,3,0,6,1,7,23,29,1,0,1
21,CSE,1,8.18,73.49,289,30,6,2,4,0,74,13,73,0,1,1
20,Mechanical,3,6.69,74.24,53,38,1,1,1,1,4,20,60,0,0,1
21,EEE,2,8.13,72.17,136,21,4,0,2,1,27,35,52,0,1,0
20,AIML,3,6.75,60.31,178,73,1,2,5,4,51,10,64,1,1,1
20,AIML,3,7.59,73.12,221,42,3,1,4,3,68,29,61,0,1,1
23,IT,3,7.12,80.59,173,56,8,2,6,5,54,12,41,0,1,1
21,IT,3,7.08,72.78,240,47,3,1,1,2,75,21,47,0,1,1
21,IT,2,8.81,71.62,249,45,5,2,4,4,74,16,61,0,1,1
21,Mechanical,2,6.7,90.79,82,26,1,0,5,0,24,0,71,0,0,1
21,CSE,3,7.72,74.76,241,54,4,0,9,1,63,29,61,0,1,1
20,Mechanical,2,7.09,66.74,105,38,3,0,2,1,26,17,29,0,0,1
21,ECE,3,8.07,90.87,112,57,3,0,3,1,22,18,34,1,0,1
20,CSE,2,6.34,58.15,157,32,1,1,2,5,43,18,52,0,0,1
22,EEE,2,7.17,66.43,133,61,5,1,3,0,17,21,45,1,1,1
20,IT,3,6.52,78.03,142,40,1,0,7,0,47,29,51,1,1,1
25,CSE,3,8.65,71.03,222,37,4,1,8,3,51,30,57,0,0,1
22,EEE,2,8.55,82.49,111,59,3,1,2,2,25,21,74,0,1,1
21,IT,2,6.86,77.95,193,40,6,2,5,2,63,16,34,0,1,1
20,AIML,1,6.73,86.02,265,28,5,1,2,2,76,2,45,0,1,1
21,ECE,3,6.93,79.62,144,32,2,0,3,2,37,16,45,0,1,1
22,ECE,3,8.0,72.38,121,33,3,2,2,1,18,22,46,0,1,0
22,Mechanical,3,7.56,69.04,158,30,6,1,4,3,26,14,39,0,0,0
22,ECE,1,7.39,66.25,163,48,1,0,3,2,24,16,45,0,0,1
23,ECE,2,8.44,69.18,202,65,2,1,2,5,31,25,71,0,1,1
21,EEE,1,8.02,78.43,182,49,6,1,5,4,27,3,72,0,1,1
22,Chemical,3,6.6,58.69,76,33,2,0,0,1,29,24,46,0,0,1
21,CSE,2,5.72,69.42,201,27,3,0,3,4,61,1,69,1,0,1
22,EEE,3,9.08,65.56,190,53,4,2,5,0,23,34,72,0,1,1
21,CSE,3,7.09,74.49,213,43,2,3,4,3,59,11,48,0,1,1
22,AIML,1,5.71,64.46,267,16,5,1,4,1,74,19,52,0,1,1
18,Mechanical,2,7.75,79.22,94,38,1,0,3,1,22,24,43,1,0,1
20,IT,1,6.32,51.31,274,38,2,3,2,5,56,23,42,0,1,1
20,CSE,2,8.58,84.08,222,34,6,3,5,1,76,42,70,0,1,1
24,ECE,3,8.38,76.89,116,65,2,1,2,2,25,30,51,0,1,1
21,ECE,3,7.15,69.59,154,73,3,3,0,2,28,27,46,1,1,1
21,Chemical,2,6.55,74.63,128,48,2,0,2,0,21,23,63,0,0,1
21,Chemical,2,7.91,78.42,108,31,1,2,3,3,27,22,70,0,1,1
21,AIML,2,8.53,67.64,315,54,6,0,6,3,68,20,63,0,1,1
23,Civil,2,7.41,74.81,198,48,3,2,1,0,33,13,62,0,1,1
24,ECE,1,9.77,78.09,489,89,10,4,3,0,65,31,55,1,1,1
23,ECE,2,6.86,60.8,209,28,1,1,3,1,29,19,55,0,1,1
23,CSE,1,7.45,75.27,275,29,4,0,5,4,61,23,52,0,1,1
20,Civil,2,7.36,81.99,178,34,2,0,5,0,29,30,50,0,0,0
20,EEE,2,7.08,73.84,332,22,4,1,3,1,36,12,63,0,1,0
21,Chemical,2,6.67,68.06,133,28,3,0,2,2,27,10,71,0,0,1
22,Mechanical,3,8.75,68.42,107,56,1,2,5,0,24,18,72,0,1,1
20,ECE,2,7.29,65.64,115,28,3,2,5,1,22,10,49,1,1,1
22,Civil,2,7.05,69.72,132,50,1,1,3,2,31,5,72,1,0,1
20,IT,3,7.52,79.48,187,26,7,1,8,1,48,21,46,0,0,0
20,Civil,2,7.7,78.8,91,50,4,1,3,1,17,24,46,0,1,1
20,CSE,3,7.3,70.54,160,46,1,0,5,3,56,20,39,0,1,1
23,IT,2,6.53,65.11,207,34,4,0,3,3,67,6,36,1,0,1
22,Civil,1,7.74,70.5,197,37,3,3,1,1,30,11,66,0,1,1
21,CSE,2,7.62,82.48,291,42,3,4,7,4,63,9,67,1,1,1
22,Civil,2,7.77,64.18,131,52,6,2,1,0,26,22,63,0,0,1
22,CSE,1,7.97,75.63,404,30,7,2,4,4,97,20,59,0,1,1
21,EEE,1,7.91,71.49,200,43,5,2,3,1,30,29,57,0,1,1
22,EEE,2,6.59,75.53,103,29,3,0,2,4,29,24,63,1,1,1
20,CSE,2,9.66,79.18,312,54,5,1,6,1,68,32,71,1,1,1
21,Civil,2,7.89,66.14,118,38,2,0,0,1,25,22,60,0,1,1
19,CSE,2,8.15,86.83,190,55,8,4,2,2,67,26,68,1,1,1
21,Civil,3,7.87,76.39,131,24,4,1,3,2,26,14,54,0,0,1
21,Chemical,2,7.4,74.48,139,36,4,1,1,0,31,17,54,0,1,0
19,Mechanical,2,6.65,61.17,80,35,7,1,4,1,21,5,77,0,1,1
21,Chemical,3,7.16,70.3,175,26,2,1,2,3,30,19,65,0,0,1
22,EEE,1,6.94,66.71,224,16,1,1,3,2,36,24,58,0,1,1
21,Chemical,3,6.06,68.4,54,43,0,1,2,2,13,23,55,0,0,1
19,Mechanical,3,9.12,65.69,132,45,4,0,7,1,32,12,54,1,0,1
19,Mechanical,2,8.19,76.74,191,33,2,0,3,3,33,0,45,0,0,1
21,Chemical,3,7.43,79.25,86,41,0,1,4,2,22,6,51,0,0,1
23,ECE,3,7.41,69.49,128,31,4,0,3,3,23,9,50,0,0,1
23,ECE,3,7.87,76.72,102,33,2,1,4,0,16,24,63,0,0,0
20,Civil,1,7.64,66.82,205,39,1,1,1,7,27,29,70,0,1,1
22,Mechanical,2,6.97,83.73,76,32,1,0,1,0,18,18,51,0,0,1
21,CSE,2,8.65,70.18,209,64,8,2,6,3,60,19,63,0,1,1
25,IT,1,6.96,70.6,239,41,1,1,5,3,69,22,65,1,1,1
19,EEE,2,8.5,71.21,108,35,3,2,5,2,17,17,61,0,1,1
21,CSE,1,7.76,67.95,283,58,1,1,1,2,75,11,66,0,1,1
21,ECE,1,7.95,86.23,218,39,2,3,4,1,27,21,60,0,1,1
20,AIML,3,7.04,82.54,153,58,3,2,1,2,51,8,53,0,1,1
19,AIML,3,6.36,66.6,171,21,3,0,1,5,35,2,39,0,0,1
19,Civil,2,6.86,95.67,127,28,4,3,7,3,22,20,37,1,0,1
21,AIML,1,7.99,83.12,272,23,9,0,3,0,56,21,58,0,1,1
22,Civil,2,6.74,78.53,102,28,3,1,2,1,16,7,45,0,0,1
22,ECE,1,7.01,72.32,174,83,6,0,2,1,28,18,61,1,1,1
20,Chemical,2,8.1,84.1,200,40,7,0,3,1,31,22,72,0,0,1
23,Mechanical,3,7.68,75.31,97,48,2,1,2,1,15,22,61,0,1,1
21,IT,2,6.38,63.37,156,25,7,0,3,2,46,17,52,1,1,1
24,CSE,3,8.34,76.4,195,43,2,2,11,2,60,12,47,0,1,1
19,Civil,3,8.41,73.68,219,47,4,2,2,3,33,13,53,0,1,1
23,Mechanical,1,7.51,65.29,166,51,3,4,2,3,28,18,55,1,1,1
23,CSE,2,6.03,76.26,193,27,4,2,1,2,61,8,51,0,1,1
23,Chemical,1,6.54,72.05,185,48,2,0,3,1,34,11,35,0,0,1
22,ECE,2,7.0,71.83,223,27,2,0,4,1,31,27,71,0,1,1
21,CSE,1,8.75,90.17,326,46,5,0,9,4,97,25,56,0,1,1
22,AIML,2,7.61,75.48,222,36,4,2,2,3,69,31,49,0,1,1
21,Civil,2,6.45,79.24,142,39,2,1,0,3,29,7,45,0,0,1
21,IT,3,8.58,70.04,231,50,6,3,8,4,55,28,38,0,1,1
25,Mechanical,2,7.45,68.29,197,60,4,2,3,0,27,21,62,1,0,1
20,IT,1,8.42,76.95,283,58,8,3,2,3,68,29,54,1,1,1
21,CSE,1,7.47,74.57,245,41,5,1,1,0,57,16,62,0,1,1
23,CSE,1,6.11,71.62,280,25,2,1,5,1,81,4,55,0,1,1
20,Civil,2,5.99,76.19,130,27,1,0,4,1,31,19,41,1,1,1
20,CSE,3,6.63,96.54,149,27,5,0,7,2,28,5,37,0,0,1
20,Chemical,2,7.75,63.51,94,40,2,2,7,4,22,16,68,0,0,1
22,AIML,3,7.71,70.38,236,58,5,0,7,2,65,13,67,0,1,1
23,Chemical,3,8.93,81.36,132,63,2,3,1,3,30,13,55,1,1,1
19,CSE,2,7.48,87.59,264,59,2,1,6,3,61,18,62,1,1,1
22,ECE,3,7.26,71.65,75,25,7,0,5,1,16,11,45,0,1,1
21,CSE,3,6.52,70.7,156,46,9,2,2,2,44,15,49,0,1,1
22,AIML,2,8.27,73.59,256,34,1,1,2,2,92,19,48,0,1,0
22,Civil,2,8.73,81.62,214,53,6,2,3,0,35,14,51,1,1,1
24,CSE,2,6.96,72.06,193,33,3,4,2,0,44,15,44,0,1,1
20,Civil,3,7.24,78.88,205,45,6,0,4,0,25,8,56,1,0,1
20,EEE,2,7.79,83.49,150,58,2,2,5,2,20,23,67,0,1,1
21,Mechanical,2,6.81,69.11,241,33,3,5,3,6,34,16,49,0,1,1
21,IT,2,5.99,75.82,155,22,3,2,3,2,60,14,51,0,1,1
21,Chemical,2,7.62,69.09,158,33,4,1,4,3,19,25,68,0,1,1
19,Civil,3,7.83,76.59,108,57,0,1,2,2,26,20,51,0,0,0
20,Civil,3,6.55,66.24,103,39,2,0,1,3,28,10,60,0,0,0
24,CSE,3,7.33,61.81,169,27,6,1,7,5,68,0,40,0,0,1
19,AIML,1,9.5,86.82,311,57,6,0,7,3,74,27,66,0,1,1
21,Civil,2,8.43,69.8,147,56,0,0,5,1,32,14,42,0,1,1
22,EEE,3,7.77,69.68,147,77,2,2,2,0,25,26,56,0,1,1
18,IT,1,7.29,70.79,263,24,4,0,5,6,59,5,45,1,1,1
20,ECE,2,8.03,88.99,163,45,5,1,4,1,27,16,49,1,1,1
21,ECE,3,5.95,80.41,118,22,3,0,4,1,22,19,45,1,0,0
21,ECE,2,7.41,61.94,125,56,3,0,4,2,26,20,55,1,0,1
20,ECE,2,7.05,63.89,230,30,3,1,4,3,26,14,37,0,0,1
22,ECE,2,8.13,89.16,138,37,4,3,3,3,24,26,48,1,1,1
20,IT,1,5.89,84.16,214,35,6,3,3,2,65,15,42,0,1,1
18,ECE,3,9.48,83.69,109,46,6,0,4,4,17,24,46,0,1,0
18,CSE,2,7.12,73.75,226,55,3,0,6,3,68,17,73,0,1,1
20,CSE,2,8.87,77.94,318,75,5,1,3,2,73,20,59,0,1,1
21,Mechanical,2,8.11,74.43,126,29,2,2,2,2,19,34,41,0,0,1
24,Chemical,2,7.77,66.14,118,52,4,0,1,3,25,9,45,0,0,0
19,AIML,3,7.55,79.95,188,55,3,0,6,1,78,27,59,1,1,1
21,Civil,1,7.81,68.4,226,35,7,0,2,2,30,13,69,0,1,1
21,EEE,2,7.09,77.25,177,47,5,0,0,2,30,0,57,0,1,1
22,Chemical,3,7.71,74.9,126,57,2,2,3,4,29,21,55,1,0,1
22,IT,1,7.58,81.91,351,31,5,1,2,3,84,15,47,1,0,1
18,Mechanical,3,7.81,70.2,119,33,4,2,0,0,25,17,47,0,0,1
22,ECE,2,7.85,66.18,156,39,4,1,2,3,22,5,38,0,1,1
20,Chemical,2,7.16,65.83,82,38,5,0,3,3,23,23,65,1,0,1
22,CSE,1,7.32,73.28,324,32,3,3,4,0,77,20,39,0,1,1
20,CSE,2,7.73,73.64,180,67,4,2,4,2,50,20,33,1,1,1
22,Civil,2,7.86,66.17,138,45,7,1,3,1,24,9,41,0,1,1
22,CSE,2,7.08,68.92,254,30,5,2,6,1,75,15,54,0,1,1
22,Civil,3,6.49,71.33,79,42,6,1,2,2,18,18,64,0,0,1
20,CSE,3,7.57,79.16,197,33,2,0,3,1,55,21,60,0,0,1
22,CSE,3,7.65,74.32,196,31,9,1,10,4,47,4,64,1,1,1
22,IT,3,7.45,78.75,225,44,3,5,4,3,67,16,66,0,1,1
21,Mechanical,2,7.42,74.04,116,20,2,1,3,0,23,11,52,1,0,1
20,EEE,1,8.42,77.3,191,43,4,2,3,0,29,19,55,0,1,1
20,Civil,3,6.52,74.38,96,21,2,0,5,0,16,11,32,0,0,1
20,EEE,1,7.04,64.18,295,43,7,1,2,2,41,14,63,0,1,1
22,EEE,3,6.86,85.17,83,34,3,0,1,3,25,26,64,0,0,1
21,EEE,2,7.4,74.23,140,37,2,0,0,2,20,18,57,0,1,1
22,IT,2,6.96,71.66,402,19,3,0,3,2,87,20,63,1,1,1
22,EEE,3,6.83,73.59,134,51,3,0,5,2,28,0,44,0,0,1
22,Chemical,2,8.27,84.44,179,41,4,1,2,2,23,12,41,0,0,1
22,Chemical,2,7.43,76.69,91,36,2,0,3,1,25,14,65,1,0,1
21,CSE,3,8.03,80.16,202,21,5,0,2,3,74,13,50,1,0,1
21,ECE,2,7.5,74.64,174,56,2,2,0,3,15,34,52,0,0,0
20,EEE,2,6.89,64.5,102,32,1,2,1,2,17,28,65,0,1,1
23,Mechanical,3,8.29,58.36,104,41,1,0,2,2,24,16,47,0,0,1
24,IT,2,7.16,78.71,191,58,4,2,6,0,60,7,45,0,1,1
21,Chemical,2,7.79,81.98,155,31,6,3,4,3,33,14,59,0,1,1
24,IT,2,8.12,67.61,253,45,6,0,4,3,63,25,50,0,1,1
25,AIML,3,7.19,63.79,202,50,1,2,2,2,70,6,58,0,0,1
21,Mechanical,1,7.53,65.92,261,42,6,1,5,0,33,19,61,1,1,1
22,EEE,3,6.68,66.9,109,35,0,1,3,0,19,30,38,0,0,1
22,Civil,2,7.59,67.6,130,46,5,2,8,0,15,30,27,0,0,1
20,CSE,2,6.85,72.45,252,42,2,2,4,2,65,12,82,0,1,1
19,CSE,1,7.51,74.81,380,37,6,1,4,2,100,11,45,0,1,1
21,Chemical,3,7.04,72.46,95,45,2,1,2,5,22,33,48,0,0,1
22,ECE,1,7.26,69.12,195,52,2,1,5,1,30,18,73,1,1,1
20,AIML,3,7.57,67.38,180,37,3,1,0,2,54,14,34,0,1,1
22,Mechanical,1,8.72,67.03,179,57,3,1,2,0,21,29,71,1,1,1
22,Chemical,3,8.01,71.08,132,71,4,1,2,4,27,15,37,0,1,1
22,Chemical,3,5.69,72.1,66,40,2,0,4,1,7,29,35,0,0,1
20,Chemical,2,7.53,62.18,104,40,4,2,9,1,20,25,49,1,1,1
21,CSE,1,9.63,79.77,401,41,3,1,5,6,88,36,67,1,1,1
20,Civil,1,7.82,67.06,213,36,5,2,4,2,38,25,39,1,1,1
20,CSE,3,7.07,62.93,277,27,5,1,2,2,65,14,53,0,0,1
19,IT,3,8.43,83.18,215,41,4,1,3,6,55,23,41,0,0,1
19,CSE,3,7.33,81.5,189,56,3,1,2,1,59,11,52,0,1,1
20,IT,2,8.49,80.12,394,62,3,0,5,2,82,19,56,0,1,1
21,AIML,3,7.2,64.18,188,63,4,2,5,2,49,21,63,1,1,1
21,Civil,3,7.7,79.95,126,31,0,1,1,3,17,31,37,0,0,1
20,Chemical,2,6.96,76.92,208,35,2,0,2,2,39,17,61,1,0,1
23,CSE,1,8.59,90.96,380,24,3,2,5,1,94,35,50,0,1,1
21,CSE,2,7.46,69.6,198,53,3,2,4,3,78,14,34,0,1,1
24,CSE,2,7.61,76.46,251,65,6,1,1,3,60,32,32,1,1,1
22,ECE,3,8.14,69.31,117,31,2,0,3,1,17,15,59,0,1,1
18,Civil,3,7.74,60.96,97,69,1,2,6,2,9,24,60,0,1,1
23,Mechanical,3,7.2,59.72,81,42,2,1,3,2,24,22,63,0,0,1
23,ECE,1,6.57,70.93,124,45,2,1,0,4,22,20,71,0,1,1
22,Chemical,3,7.25,67.53,189,24,4,1,7,2,25,22,47,0,0,1
21,ECE,3,7.04,75.7,99,46,4,1,3,3,13,29,64,0,0,1
21,Mechanical,2,7.51,78.08,114,56,6,0,2,1,22,14,42,0,0,1
21,ECE,3,7.17,72.6,97,29,4,0,4,3,19,3,39,0,0,1
22,EEE,2,8.56,66.09,153,52,3,1,3,4,22,23,59,0,1,1
21,IT,2,7.95,68.1,193,47,2,1,0,1,71,6,40,0,0,1
20,CSE,3,7.05,73.77,155,38,4,1,2,4,37,33,38,1,0,1
19,EEE,1,8.34,78.59,326,64,5,1,2,1,37,19,48,0,1,1
19,AIML,3,8.57,79.44,233,47,5,1,5,1,67,13,41,1,1,1
20,ECE,2,6.96,77.89,76,48,3,1,5,1,19,20,49,0,1,1
21,EEE,2,7.3,71.25,91,54,3,0,3,5,23,15,52,0,1,1
23,ECE,3,6.77,72.7,117,12,1,0,4,2,24,6,55,0,0,1
20,CSE,1,8.06,79.26,291,43,8,2,6,3,70,15,62,0,1,1
20,Mechanical,1,9.52,86.8,213,45,5,1,4,3,35,20,49,0,1,1
20,CSE,2,8.5,76.68,209,41,5,0,5,5,71,21,63,0,1,1
21,CSE,2,7.23,72.36,183,30,6,3,6,2,53,27,72,0,1,1
21,IT,2,8.04,77.46,245,37,2,4,2,3,65,14,42,1,1,1
21,CSE,3,8.4,76.76,195,22,3,1,4,3,73,26,55,0,1,1
24,IT,1,6.37,68.03,250,25,3,3,3,3,80,4,59,0,1,1
25,Mechanical,3,6.5,65.92,302,19,2,0,4,0,28,4,64,0,0,1
23,Mechanical,3,8.14,63.59,150,34,5,0,2,4,25,21,51,0,1,1
22,ECE,1,6.5,74.1,192,43,4,2,3,1,31,12,33,0,0,1
21,CSE,2,7.56,77.01,205,58,3,1,0,2,58,16,68,0,1,1
21,Chemical,2,8.12,77.38,142,50,3,1,3,0,33,12,52,1,0,1
21,Civil,3,7.62,76.83,106,47,2,2,1,4,26,20,48,0,0,1
22,CSE,1,7.67,72.95,321,31,8,0,6,3,85,24,52,0,1,1
20,EEE,2,8.67,90.4,271,37,2,2,0,4,25,34,71,0,1,1
20,Chemical,3,8.06,81.56,139,43,3,1,5,1,27,31,39,0,0,1
19,Chemical,2,9.37,93.17,165,51,5,1,6,2,22,23,53,0,1,1
21,IT,2,6.55,65.9,236,42,2,1,4,9,69,24,44,1,1,1
22,EEE,3,6.9,71.27,97,42,4,0,4,0,21,22,61,0,0,1
18,EEE,2,7.44,73.0,163,45,9,2,3,1,25,19,52,0,0,1
21,Mechanical,3,8.46,86.8,212,70,2,1,2,0,38,24,43,0,1,1
21,Chemical,3,7.98,60.66,97,43,3,0,4,4,20,20,49,1,0,1
22,ECE,2,7.16,76.8,142,47,2,0,2,3,34,17,55,1,1,0
19,CSE,3,6.52,71.97,228,54,3,0,0,6,76,19,43,0,0,1
19,Mechanical,3,6.42,77.87,64,37,1,0,2,4,23,15,45,1,0,1
22,Chemical,2,8.98,74.83,183,47,4,2,2,0,26,18,58,0,1,1
21,Civil,3,7.33,61.3,67,24,3,0,5,0,14,27,73,0,0,1
23,CSE,2,7.67,87.8,193,25,6,0,6,5,56,11,50,0,1,1
21,Civil,1,6.9,72.02,211,47,3,1,5,1,31,10,58,0,1,1
24,CSE,3,7.38,80.29,181,42,1,2,4,2,57,8,52,0,1,1
20,Chemical,2,6.77,69.52,114,46,0,0,2,2,21,21,40,0,0,1
21,Mechanical,3,7.46,81.85,62,38,2,1,3,2,22,4,44,0,0,1
25,CSE,2,7.22,78.52,278,30,4,1,3,4,70,21,43,0,1,1
19,CSE,3,6.74,80.14,169,22,4,1,5,2,43,4,64,0,1,1
22,AIML,3,8.37,74.48,209,48,5,0,5,2,53,19,47,1,0,1
18,AIML,3,8.44,86.49,199,39,4,1,5,5,72,23,48,0,0,1
21,CSE,2,7.92,79.06,228,36,6,1,6,4,74,23,49,0,1,1
20,Civil,2,5.97,56.44,83,57,4,2,3,0,20,25,54,0,1,1
21,CSE,3,6.45,80.21,146,50,2,1,3,3,42,15,36,0,1,0
22,Chemical,2,6.64,75.31,74,28,4,0,3,1,22,7,51,0,0,1
19,AIML,3,8.95,76.58,205,62,3,0,5,3,60,20,67,0,1,1
20,EEE,1,8.65,76.79,186,41,6,5,5,2,26,21,53,0,1,1
20,Mechanical,3,8.51,70.2,167,56,7,1,4,2,24,12,47,0,0,1
20,IT,2,6.86,73.03,206,46,7,1,1,2,68,13,55,0,1,1
21,ECE,3,6.05,73.26,90,2,2,0,1,1,17,10,42,0,0,1
24,Mechanical,3,8.21,77.12,93,42,2,1,3,2,38,30,43,0,0,1
19,CSE,2,5.57,69.48,148,32,1,3,6,2,67,20,54,1,1,1
21,IT,2,7.57,70.43,194,33,3,1,4,2,48,32,49,0,1,1
21,Mechanical,2,8.01,69.23,151,37,2,2,5,1,32,2,48,0,1,1
20,IT,1,6.8,72.01,338,33,0,3,4,1,90,6,81,0,1,1
20,CSE,2,8.78,79.95,214,45,9,0,7,4,59,34,36,0,1,1
22,CSE,2,7.26,70.38,187,25,3,0,3,5,46,4,38,0,0,1
21,Mechanical,2,7.78,78.23,88,39,2,1,5,2,17,30,69,0,1,1
22,Chemical,3,7.8,81.05,112,29,1,0,3,3,20,29,48,0,0,0
21,AIML,3,7.51,80.88,187,44,6,1,6,4,66,31,51,0,1,1
21,ECE,2,7.02,69.08,155,20,3,2,5,0,35,5,38,0,0,1
23,AIML,3,6.66,59.71,262,19,3,0,7,5,72,23,71,1,1,1
23,Chemical,2,7.82,78.09,119,63,0,1,4,1,32,27,56,0,0,1
24,Civil,2,8.03,73.72,168,60,6,3,3,4,26,17,57,0,1,1
20,IT,1,8.58,77.65,260,64,2,1,7,4,62,22,63,0,1,1
25,CSE,3,7.22,69.76,189,45,2,2,4,4,63,28,45,0,0,1
22,EEE,2,7.57,85.68,206,50,5,0,2,3,27,15,48,0,0,1
22,EEE,2,6.75,68.7,170,69,0,0,3,1,26,28,63,0,0,1
22,EEE,2,8.37,89.91,161,21,3,1,3,3,24,36,48,1,1,1
25,AIML,3,6.63,76.69,193,41,4,0,5,4,55,19,54,1,0,1
21,CSE,3,7.85,82.5,200,61,7,0,7,1,68,25,59,1,1,1
22,CSE,2,8.36,75.86,253,31,4,2,9,4,73,13,58,0,1,1
22,Mechanical,3,8.2,70.42,114,39,5,0,3,1,27,14,65,0,0,1
22,ECE,2,6.34,75.22,182,21,5,1,3,2,30,12,66,1,1,1
22,AIML,3,6.04,71.74,173,17,3,1,7,2,69,15,69,0,1,1
20,Civil,3,6.57,67.51,118,12,4,1,3,2,18,7,43,0,0,1
20,Civil,2,6.6,76.11,156,39,0,0,3,0,24,15,64,1,0,1
21,Mechanical,2,9.3,83.87,194,64,4,3,2,1,30,31,43,0,1,1
22,EEE,1,8.06,63.76,190,48,5,2,2,2,36,23,60,0,1,1
22,EEE,3,6.27,74.42,36,29,1,2,2,0,13,12,45,0,1,1
23,ECE,2,6.65,78.06,123,35,3,1,2,3,25,31,60,0,1,1
22,CSE,2,8.83,67.61,289,46,2,2,8,1,71,28,40,0,1,1
21,Mechanical,3,8.45,90.73,261,65,6,2,5,1,32,28,42,0,0,1
20,ECE,2,6.37,80.22,216,27,2,1,4,0,24,11,64,0,0,1
22,ECE,3,8.01,63.61,152,53,3,3,2,4,23,14,53,0,1,1
23,Mechanical,3,7.08,70.16,126,84,3,0,3,0,27,18,44,0,0,1
22,IT,3,7.18,66.72,176,40,2,0,4,2,52,7,44,1,0,1
23,Mechanical,1,6.6,62.81,158,14,3,0,3,1,24,27,64,1,1,1
25,AIML,2,7.17,75.13,205,69,5,1,5,7,62,7,44,0,1,1
21,Civil,3,6.47,71.75,51,19,2,2,3,0,13,8,41,0,0,1
22,Chemical,2,8.58,71.08,102,61,7,1,4,1,25,32,50,0,0,1
21,EEE,3,6.53,65.33,56,45,0,0,7,0,11,17,58,0,0,1
21,IT,2,8.48,77.24,267,41,4,1,2,2,89,10,54,0,1,1
20,AIML,3,7.02,75.35,146,24,2,2,2,2,64,9,42,0,1,1
20,Civil,2,5.87,63.0,51,50,1,1,3,2,17,14,52,0,0,1
20,IT,3,6.79,72.21,199,33,4,1,3,5,61,0,34,1,1,1
22,Mechanical,2,6.42,74.41,80,16,1,0,1,0,17,18,58,0,1,1
20,IT,2,7.87,81.59,228,55,5,3,5,2,59,17,69,1,1,1
21,Civil,2,6.46,72.73,121,40,3,2,7,0,17,0,36,0,1,0
21,ECE,2,7.07,73.74,164,15,5,2,5,4,33,7,49,0,0,1
21,EEE,1,7.97,73.83,186,55,4,5,1,1,37,28,40,0,1,1
23,CSE,2,6.42,67.7,204,37,6,1,5,2,68,13,57,0,1,1
21,Chemical,3,8.47,78.36,320,56,2,4,3,1,44,11,54,0,1,1
19,ECE,3,7.46,74.55,74,72,5,0,1,3,13,28,48,1,0,1
25,EEE,3,7.36,76.46,322,26,3,0,3,2,44,14,56,0,1,1
23,CSE,2,6.16,64.36,275,35,3,1,2,3,85,1,54,0,1,1
22,Mechanical,2,7.0,76.88,129,36,4,0,3,4,21,22,73,0,0,1
22,ECE,1,7.45,63.21,176,50,5,2,4,2,30,16,62,0,1,1
19,ECE,1,6.64,76.03,225,27,4,0,3,1,42,28,49,1,1,1
22,ECE,3,8.02,74.17,114,48,4,2,3,1,24,13,50,0,1,1
20,ECE,2,7.46,65.95,117,58,4,2,1,3,26,22,60,0,1,1
21,Mechanical,2,6.69,63.54,239,60,1,3,0,2,26,20,41,0,1,1
20,IT,3,6.98,76.19,202,43,4,2,5,0,71,34,56,0,0,1
22,Civil,3,7.3,74.25,130,23,3,0,4,6,21,12,35,0,0,1
20,CSE,2,9.12,80.61,243,64,6,2,6,4,67,19,56,0,1,1
20,ECE,2,7.76,73.5,162,20,7,0,1,1,23,25,47,0,1,1
19,Mechanical,2,6.73,68.69,83,10,2,1,5,1,15,24,29,0,0,1
22,Chemical,2,6.85,72.77,141,26,0,0,0,1,28,22,43,0,0,1
20,IT,3,6.92,71.91,192,24,1,2,1,2,54,9,58,0,0,1
21,Mechanical,2,7.91,69.96,122,46,3,0,6,2,23,19,47,0,0,1
20,Mechanical,3,7.6,62.57,116,54,0,0,2,0,13,19,43,1,0,0
22,Civil,2,7.82,70.1,177,48,7,2,4,5,26,26,45,0,1,1
20,Civil,3,7.18,74.05,87,15,3,2,2,0,17,14,49,0,0,1
24,IT,2,6.09,75.28,167,12,3,1,4,3,63,26,62,0,1,1
20,Civil,3,7.72,60.72,98,39,5,2,4,1,15,38,46,0,0,1
19,Chemical,3,6.6,67.61,108,34,3,0,2,1,14,5,52,0,0,1
20,ECE,2,7.87,76.66,139,53,6,2,4,2,26,28,52,0,1,1
19,Mechanical,2,6.36,71.2,108,44,2,1,4,1,25,16,49,0,0,1
21,IT,3,7.25,73.55,236,45,2,3,2,2,59,24,29,1,1,1
20,AIML,2,8.04,72.03,182,31,0,0,7,2,42,11,59,1,1,1
23,AIML,3,8.95,73.18,249,12,4,3,9,2,71,23,62,1,1,1
21,CSE,3,6.81,74.9,249,20,2,1,6,3,57,21,52,0,1,1
20,EEE,2,8.65,79.27,157,64,4,2,2,4,18,8,52,0,1,1
21,Civil,2,8.3,76.0,216,79,5,1,5,4,39,33,36,0,1,1
20,AIML,2,7.12,86.75,172,14,6,0,2,2,59,34,62,0,1,1
20,CSE,2,7.43,82.28,217,21,5,1,4,2,64,3,59,0,1,1
20,AIML,3,6.81,75.22,238,57,4,0,0,4,56,13,51,0,0,1
19,Mechanical,1,7.06,79.05,191,38,4,3,2,3,36,4,65,0,1,1
20,ECE,1,6.44,75.14,170,45,2,4,2,1,18,34,70,0,1,1
24,Mechanical,2,6.59,69.15,96,18,0,0,3,5,18,18,66,1,0,1
22,AIML,2,5.27,59.08,287,26,3,1,6,1,91,10,43,0,1,1
24,EEE,3,7.4,80.42,97,63,3,2,3,1,19,22,42,0,1,1
20,Mechanical,3,8.57,77.33,134,44,10,0,2,0,27,21,55,1,1,1
23,Mechanical,3,7.5,80.3,134,39,4,0,7,4,21,30,52,0,0,1
21,Mechanical,2,7.49,79.69,116,50,1,2,1,1,20,18,44,0,0,1
20,Civil,1,7.18,62.47,376,58,4,2,1,2,45,21,66,1,1,1
22,CSE,3,8.92,82.93,197,56,4,4,8,2,51,20,56,0,1,1
19,ECE,1,8.59,89.62,187,52,4,3,5,0,30,21,65,0,1,1
21,ECE,3,6.23,68.67,45,24,3,1,1,2,25,6,43,0,0,1
22,Chemical,2,9.23,81.99,168,61,3,3,5,3,27,26,53,1,1,1
21,ECE,2,8.76,85.32,150,55,6,0,2,0,20,22,62,0,1,1
21,Mechanical,2,6.57,60.79,78,45,5,3,1,1,19,29,53,0,1,1
21,Civil,2,8.13,61.78,99,57,2,1,1,1,24,25,36,0,1,1
19,CSE,3,7.16,71.83,154,52,4,0,4,2,59,26,48,0,0,1
25,IT,2,5.79,57.58,269,37,3,0,3,0,65,12,45,0,1,1
20,IT,1,6.94,81.64,241,28,3,0,1,2,55,20,52,0,1,1
20,CSE,2,8.12,82.0,191,55,3,0,6,4,67,26,82,0,1,1
20,ECE,3,7.86,84.26,139,57,4,0,3,3,23,11,59,0,1,1
23,IT,2,9.82,81.1,269,59,2,3,7,3,74,22,44,0,1,1
22,CSE,3,7.47,81.77,177,35,5,1,4,3,40,37,45,0,1,1
21,CSE,1,6.18,70.43,364,38,3,4,2,5,94,18,72,1,1,1
24,CSE,1,6.88,74.84,247,29,4,1,1,2,64,22,62,0,1,1
19,IT,3,6.94,87.2,170,27,4,2,5,0,78,21,66,0,1,1
23,EEE,2,7.21,64.3,139,40,1,1,5,3,20,6,50,0,0,1
19,AIML,2,7.18,85.14,207,40,4,3,4,3,61,9,51,1,1,1
21,Civil,3,7.58,61.12,85,30,2,0,2,3,15,17,41,1,0,1
19,AIML,2,8.73,77.82,257,56,6,2,4,6,74,14,57,1,1,1
25,AIML,3,7.64,78.37,158,46,4,0,2,1,50,26,49,0,0,1
23,IT,1,6.06,65.96,321,19,6,1,2,2,74,17,70,1,1,1
21,CSE,3,7.61,76.37,211,49,7,0,4,2,54,16,47,0,0,1
20,Chemical,2,5.92,71.52,217,25,0,0,1,1,26,34,55,0,0,1
20,Mechanical,2,6.89,76.39,112,52,4,0,2,2,16,27,62,0,1,1
21,IT,2,8.93,77.18,252,35,7,1,5,5,66,33,53,0,1,1
20,Chemical,2,5.71,63.53,84,29,4,1,0,0,13,23,60,0,1,1
18,EEE,2,9.1,80.46,227,51,3,1,2,2,36,26,55,0,1,1
22,Mechanical,3,7.73,72.5,137,43,1,1,0,2,27,18,32,0,0,0
21,IT,2,7.71,74.89,227,66,6,3,11,1,66,17,40,0,1,1
23,AIML,2,6.28,67.94,155,45,4,1,2,2,50,1,45,0,1,1
21,ECE,2,7.5,75.4,112,45,4,1,3,2,20,20,41,1,0,1
20,IT,2,7.0,68.18,300,38,2,1,3,5,81,8,53,0,1,0
21,Chemical,2,6.69,68.06,84,48,2,2,2,0,24,16,71,0,1,1
20,CSE,2,7.32,65.65,272,22,3,1,4,6,82,9,61,0,1,1
22,CSE,1,9.68,82.07,385,65,5,1,3,4,100,22,63,1,1,1
22,EEE,3,7.94,69.12,148,38,3,0,1,2,31,22,46,0,1,1
20,ECE,2,7.24,75.33,91,24,5,1,0,0,24,23,73,1,1,1
20,ECE,1,7.99,82.71,180,46,4,2,1,2,21,29,51,0,1,1
23,IT,3,6.91,83.08,247,32,1,0,4,4,58,5,45,0,1,1
21,IT,2,8.03,74.91,228,55,6,1,3,1,60,15,53,1,1,1
21,CSE,2,6.38,89.83,178,31,2,2,4,3,52,19,61,0,1,1
22,Mechanical,2,8.15,80.41,163,56,9,1,0,3,26,13,60,1,0,1
21,ECE,2,6.13,70.5,119,40,1,2,0,0,19,11,46,0,0,1
19,Civil,2,7.18,86.58,122,32,3,0,5,3,21,10,45,1,1,1
22,ECE,3,8.22,70.12,235,35,3,0,2,4,30,8,70,0,0,1
24,Civil,3,8.82,78.12,144,58,5,0,4,2,22,29,35,1,0,1
19,Chemical,2,5.51,65.57,62,34,3,2,8,2,14,0,46,0,0,1
19,ECE,2,6.42,61.51,90,30,4,2,4,0,24,10,58,0,1,1
22,Mechanical,2,7.44,80.75,158,51,4,2,3,4,42,32,75,0,1,1
21,CSE,2,8.05,77.82,204,35,0,2,3,3,53,21,35,0,0,1
21,CSE,2,6.92,76.81,230,37,4,0,4,3,66,15,48,1,0,1
21,Mechanical,2,7.41,78.29,78,29,3,1,2,0,7,14,51,0,0,1
22,CSE,2,7.47,62.06,228,37,2,1,4,4,57,28,47,0,1,1
21,Mechanical,2,7.38,81.98,84,45,2,1,7,1,24,29,59,0,1,1
20,AIML,2,7.43,68.51,263,23,3,3,5,1,66,9,59,0,1,1
19,AIML,3,7.33,80.32,238,47,3,0,7,2,79,3,47,1,1,0
21,IT,3,8.71,69.13,214,55,7,0,3,2,54,11,59,0,1,1
24,Chemical,3,7.15,75.45,124,52,1,0,2,3,19,19,62,1,0,1
21,Mechanical,1,8.81,73.8,258,65,5,1,4,1,35,26,33,0,1,1
21,Mechanical,2,7.45,75.42,104,49,4,0,3,1,12,27,61,0,1,1
23,Mechanical,2,6.89,70.96,99,47,5,3,0,1,18,10,30,1,1,1
21,Civil,2,7.26,75.27,126,23,7,2,4,1,24,19,60,1,0,1
21,CSE,2,6.02,67.71,206,40,7,3,5,1,61,17,46,1,1,0
19,Chemical,2,6.56,67.66,69,52,2,3,1,1,22,9,48,0,1,1
22,IT,2,6.87,80.74,191,53,2,0,2,3,57,16,50,0,0,1
22,ECE,2,7.6,83.1,242,48,5,1,2,2,34,15,67,0,1,1
22,Mechanical,2,8.89,91.78,129,64,2,0,4,2,26,15,51,0,1,1
20,Civil,3,7.04,72.91,187,64,2,0,1,1,30,8,49,0,0,1
21,ECE,3,6.46,70.13,383,29,4,2,1,1,54,15,62,0,0,1
20,ECE,2,8.21,77.04,132,60,2,0,1,0,27,22,41,0,1,1
24,IT,3,7.51,69.5,236,52,6,3,3,1,59,24,64,0,1,1
19,CSE,2,8.49,68.79,216,36,3,1,3,7,74,21,65,0,1,1
22,EEE,3,8.18,72.67,133,51,4,2,0,1,22,30,37,1,1,1
22,Mechanical,3,7.83,70.19,169,52,2,1,0,1,34,19,66,0,0,1
20,ECE,2,7.8,79.19,155,35,4,0,6,0,24,25,63,0,1,1
21,CSE,2,8.33,82.43,192,33,4,2,5,0,57,16,52,0,1,1
19,ECE,1,8.52,63.87,188,56,4,2,6,1,27,21,43,1,1,1
21,CSE,3,8.15,70.85,185,46,4,1,5,2,39,17,46,1,1,1
25,ECE,2,8.29,79.57,246,39,2,1,3,2,36,12,62,0,1,1
21,Mechanical,3,7.29,74.66,118,20,0,0,4,0,29,30,65,0,0,1
25,AIML,3,6.66,70.19,142,38,4,1,6,5,35,9,50,0,0,1
19,Civil,1,7.77,73.54,198,37,0,0,3,0,30,0,62,0,0,1
21,Mechanical,2,7.16,75.6,117,23,1,3,2,1,27,21,74,0,0,1
23,AIML,1,6.96,75.39,243,44,6,2,4,4,65,13,49,0,1,1
23,AIML,3,8.71,69.05,233,53,7,4,4,4,72,26,38,1,1,1
20,CSE,3,7.34,61.29,157,27,4,1,4,2,38,31,47,0,1,1
22,Civil,3,6.46,70.37,123,22,3,0,3,2,19,16,49,0,0,1
23,CSE,2,8.64,83.06,261,35,5,4,8,1,85,21,53,0,1,1
22,EEE,2,7.6,71.51,112,47,2,1,1,4,21,20,40,1,1,0
22,Mechanical,3,8.2,91.76,116,55,3,0,3,3,32,25,49,0,0,1
20,AIML,1,7.44,79.88,290,12,5,2,4,1,52,16,54,0,1,1
19,IT,3,7.86,72.16,303,37,5,0,1,1,89,7,66,0,1,1
21,AIML,2,8.04,63.92,376,42,3,2,4,2,89,31,47,0,1,1
21,Mechanical,2,7.59,79.7,231,86,2,2,5,2,30,7,71,1,1,1
20,Chemical,1,7.22,67.51,221,39,1,0,5,0,28,25,63,1,1,1
20,Chemical,2,7.84,71.35,150,35,7,2,4,2,27,15,48,0,1,1
21,CSE,1,8.26,71.33,329,60,7,3,10,2,77,33,92,1,1,1
21,Mechanical,2,6.48,62.08,135,18,1,0,2,1,25,14,60,0,1,1
21,EEE,2,9.56,77.13,200,33,4,3,2,0,30,29,35,0,1,1
21,Chemical,2,8.88,74.89,287,58,2,2,1,2,35,28,52,0,0,1
19,EEE,1,7.87,69.5,239,49,4,2,2,0,37,17,74,0,1,1
23,ECE,3,8.08,71.59,152,32,2,1,2,4,20,12,51,1,0,1
21,ECE,1,7.74,87.42,172,49,7,3,2,4,22,0,69,0,1,1
20,Civil,3,6.81,76.97,114,32,0,1,0,1,22,18,51,1,0,1
21,Mechanical,2,8.31,75.67,121,33,6,0,8,2,18,18,70,1,0,0
21,CSE,2,6.81,59.87,214,53,4,4,7,5,55,29,55,1,1,1
21,Chemical,3,7.67,78.33,78,33,9,0,1,3,21,18,32,0,0,0
21,Mechanical,3,6.79,84.57,96,39,2,1,5,0,27,5,42,0,0,1
22,CSE,2,6.79,83.83,191,56,4,0,5,2,60,24,67,0,1,1
22,ECE,2,7.62,73.46,206,53,4,1,1,3,29,32,58,0,1,1
19,AIML,2,8.39,79.26,263,36,5,3,3,1,74,25,46,0,1,1
20,EEE,1,7.97,67.77,192,62,3,2,2,2,34,15,68,0,1,1
18,ECE,2,7.55,76.03,126,37,3,0,2,4,20,27,37,0,1,1
21,Chemical,3,5.82,73.44,80,19,1,0,1,2,10,9,45,0,0,1
21,CSE,3,7.18,76.52,193,39,7,1,6,1,63,23,37,1,1,1
22,ECE,2,6.3,78.39,87,22,2,1,0,2,17,4,41,0,1,1
20,CSE,3,7.4,78.29,213,27,3,1,4,4,70,23,52,0,0,0
22,CSE,3,7.35,62.08,153,29,4,0,5,1,40,18,42,0,0,1
20,Mechanical,2,7.45,71.17,90,73,4,1,3,3,27,17,58,0,1,1
21,Mechanical,3,7.32,80.4,71,49,4,1,7,2,21,25,58,1,0,1
22,Chemical,2,7.93,63.95,139,21,5,0,2,1,29,29,47,0,0,1
19,EEE,2,7.98,76.02,123,55,3,0,3,2,26,26,46,0,1,1
20,AIML,1,8.04,72.74,294,56,4,0,2,3,79,35,39,0,1,1
21,IT,1,8.57,68.77,286,34,7,0,4,3,74,13,60,1,1,1
22,EEE,3,5.3,73.54,45,22,0,0,1,0,22,10,49,0,0,1
20,EEE,3,6.5,65.3,128,7,5,0,2,0,21,27,71,0,0,1
24,CSE,2,7.87,90.02,253,38,1,0,5,5,74,12,78,0,1,0
25,Civil,3,7.35,72.04,118,15,3,0,1,3,23,23,58,0,0,1
22,Chemical,2,6.77,79.18,195,38,1,0,3,0,43,16,35,0,1,1
20,Mechanical,2,7.87,86.93,137,62,3,1,3,1,20,25,37,0,1,1
22,AIML,3,7.97,77.82,258,55,2,0,8,1,84,24,42,0,1,1
19,IT,2,6.86,72.53,174,43,5,0,11,2,56,6,53,1,1,1
23,Mechanical,3,6.8,77.14,206,41,3,0,3,1,24,12,28,0,0,1
21,IT,1,6.36,81.94,247,56,6,4,4,2,78,9,49,0,1,1
20,IT,2,7.42,76.01,183,54,2,1,3,1,35,15,36,1,1,1
20,EEE,2,7.46,68.98,302,16,1,1,4,1,38,20,49,1,1,1
22,CSE,3,6.45,60.55,169,33,4,1,3,1,53,9,44,0,1,1
23,CSE,2,7.06,75.0,228,24,3,0,4,1,69,27,49,0,1,1
21,CSE,2,7.46,66.81,223,55,4,3,4,4,40,23,48,0,1,1
21,AIML,2,8.28,82.98,216,52,5,3,3,1,64,8,55,0,1,0
22,ECE,2,7.17,81.79,146,28,2,1,5,1,35,12,51,0,0,1
23,Civil,2,6.73,75.62,98,55,5,1,3,1,26,15,48,0,0,1
22,CSE,2,8.76,77.62,221,55,7,2,4,4,84,31,58,0,1,1
21,IT,2,8.09,80.21,210,79,4,0,4,2,63,19,74,0,1,1
22,CSE,2,6.4,70.66,151,24,0,1,3,2,41,16,44,0,0,1
23,ECE,2,8.11,74.11,110,41,6,0,3,1,28,33,59,0,0,1
20,CSE,3,6.9,69.03,160,19,2,2,6,3,47,14,47,0,0,1
21,IT,1,8.62,78.41,267,40,9,4,7,4,90,17,66,0,1,1
19,Civil,3,7.0,72.52,79,29,2,0,1,1,24,25,40,1,0,0
21,Chemical,2,5.97,77.83,104,36,4,0,3,1,13,0,65,0,0,1
22,IT,2,7.02,76.47,203,29,6,5,4,3,55,11,65,0,1,1
20,AIML,3,6.6,61.87,211,31,2,3,5,1,60,31,27,1,0,0
21,Mechanical,2,6.93,75.7,92,30,2,1,5,1,18,26,61,0,0,1
19,Mechanical,3,5.4,67.96,27,25,1,0,1,2,11,9,35,0,0,1
23,IT,3,7.25,75.21,189,46,3,1,1,4,58,14,46,0,1,1
23,Civil,3,5.62,66.28,73,0,4,1,2,0,13,10,41,0,0,1
21,ECE,3,7.24,73.46,79,47,3,1,2,1,18,23,45,1,0,1
22,Chemical,3,5.3,78.51,65,27,4,1,3,2,20,0,46,0,0,1
19,Civil,2,6.57,68.49,72,27,1,0,4,1,17,19,51,1,0,1
23,Chemical,3,7.82,70.59,133,41,1,1,3,1,15,10,46,0,0,0
22,CSE,3,7.94,70.55,168,48,4,1,3,3,37,15,55,1,0,0
19,AIML,2,6.82,64.4,178,49,9,0,6,3,57,29,46,0,1,1
25,IT,2,7.96,79.72,200,40,10,3,6,4,63,17,43,0,1,1
18,Mechanical,2,5.95,77.28,101,49,4,0,5,1,21,9,47,0,0,1
22,AIML,2,8.33,72.52,276,67,6,1,4,3,83,18,43,1,1,1
20,AIML,2,8.5,80.94,316,48,3,3,2,2,67,6,64,0,1,1
22,IT,3,7.17,80.22,160,63,5,1,5,5,45,6,41,0,0,0
19,IT,3,6.97,73.92,212,20,5,2,1,5,64,23,48,0,1,1
19,Mechanical,3,5.35,67.28,141,14,2,0,2,2,22,4,48,0,0,1
21,Chemical,3,7.3,68.77,136,52,1,0,1,1,22,9,48,0,0,1
25,IT,3,7.91,79.68,257,66,2,3,5,2,75,37,65,0,1,1
20,CSE,3,7.66,72.86,205,28,0,1,3,2,40,18,50,1,1,1
21,Mechanical,3,7.48,78.14,78,52,4,3,6,2,18,23,65,0,1,1
21,ECE,2,6.28,66.52,67,53,1,1,5,1,20,0,51,0,1,1
23,ECE,2,7.61,76.63,143,32,5,4,1,3,35,21,58,1,1,1
20,IT,3,6.62,78.8,200,21,0,2,6,1,60,9,25,1,1,1
21,ECE,1,8.96,82.05,358,51,4,1,3,0,49,13,60,0,1,1
24,CSE,3,7.86,70.7,303,32,5,1,3,4,100,17,69,0,1,1
20,EEE,3,7.58,66.58,112,11,2,1,3,1,25,18,44,0,0,1
21,Chemical,3,7.38,74.13,131,51,4,0,1,1,33,5,36,0,0,1
23,Civil,3,6.54,80.66,141,34,4,0,4,0,23,15,50,0,0,1
20,Mechanical,3,6.66,76.84,128,28,5,0,4,1,34,4,66,0,0,1
21,IT,3,8.98,92.57,262,59,3,3,0,4,67,34,53,0,1,0
20,Chemical,3,6.59,90.27,117,34,3,1,1,2,22,11,56,0,0,1
22,EEE,3,7.36,72.87,60,54,3,0,4,0,14,30,56,0,1,1
24,ECE,3,7.43,78.24,83,47,4,0,2,1,21,25,49,0,1,1
22,AIML,3,7.35,73.5,157,26,2,1,4,1,39,11,55,0,0,0
22,Mechanical,3,7.5,70.2,96,54,1,1,1,2,20,20,57,0,0,1
21,Mechanical,2,9.09,82.18,142,64,5,2,8,1,40,26,50,0,1,1
18,ECE,3,7.47,75.69,91,38,2,0,1,3,15,28,36,1,1,1
20,AIML,1,8.17,75.82,290,67,10,4,6,2,54,29,73,0,1,1
20,IT,3,7.09,70.23,158,42,4,2,1,3,55,5,56,0,1,1
19,EEE,2,7.33,74.42,152,47,4,0,1,3,17,21,59,0,0,1
22,AIML,1,8.15,73.51,247,44,6,1,3,5,59,19,64,0,1,1
20,ECE,2,8.69,76.86,147,25,1,0,3,2,26,22,37,1,1,1
19,CSE,2,8.6,69.78,349,60,2,2,1,4,95,9,57,1,1,1
21,Mechanical,3,4.66,59.25,92,24,1,1,3,0,21,0,50,0,0,1
20,IT,3,5.92,65.2,129,15,0,0,6,4,37,18,43,0,0,1
20,ECE,1,9.51,81.85,201,59,6,0,5,1,25,14,62,1,1,1
20,Civil,1,7.3,73.92,244,45,1,2,4,0,27,19,51,1,1,1
20,IT,2,7.17,68.82,222,41,4,0,10,6,61,14,58,1,0,1
21,ECE,3,6.86,68.44,60,34,2,1,1,1,23,24,21,0,0,1
22,AIML,2,6.39,71.92,172,35,2,2,3,7,66,7,60,0,1,1
23,Mechanical,3,6.69,68.08,83,31,3,1,1,2,16,21,46,0,0,1
22,ECE,1,7.29,66.65,164,42,3,4,3,2,32,34,48,0,1,1
22,ECE,2,7.07,77.41,143,32,5,1,2,3,24,25,63,0,1,1
23,ECE,3,6.52,61.32,82,26,3,1,1,5,11,15,56,0,1,1
21,Mechanical,2,8.28,69.22,115,39,8,1,2,2,18,28,65,1,1,1
22,ECE,2,7.42,81.6,117,52,3,1,2,5,23,13,47,1,0,0
21,ECE,2,7.63,66.31,149,36,3,0,3,0,34,18,51,0,1,1
20,EEE,3,7.43,84.23,109,41,2,1,2,0,34,20,47,1,1,1
20,EEE,3,6.91,63.99,95,17,2,2,3,2,21,18,40,0,0,1
20,Mechanical,2,6.9,65.33,159,40,2,0,2,3,35,18,44,0,0,1
22,ECE,3,6.09,62.13,65,43,3,0,2,3,18,8,43,0,0,1
19,Chemical,1,8.36,67.6,207,52,4,3,2,2,27,24,55,1,1,1
22,EEE,3,7.22,82.9,91,30,3,0,4,2,27,10,46,0,0,1
23,Mechanical,2,8.54,85.75,278,50,0,2,4,2,36,14,60,1,1,0
21,ECE,1,8.07,66.09,158,37,4,3,6,3,26,13,63,0,1,1
19,IT,3,8.69,88.85,216,52,4,2,3,1,68,11,62,0,1,1
21,ECE,2,7.17,64.4,307,28,3,1,1,0,43,9,67,0,1,0
20,EEE,2,6.67,92.11,152,50,2,3,2,4,31,26,46,0,0,1
25,IT,3,8.93,77.56,210,65,1,0,5,4,56,23,43,1,1,1
22,Mechanical,2,8.48,72.95,143,44,4,1,1,3,23,19,47,0,1,1
22,ECE,2,5.92,72.45,103,23,3,0,4,0,17,3,58,0,0,1
21,EEE,3,7.74,68.63,152,22,3,0,3,2,29,14,37,0,0,0
22,AIML,3,7.95,65.56,165,74,9,2,11,2,64,19,72,0,0,1
22,ECE,2,7.31,70.36,208,45,3,3,2,2,37,13,51,0,0,1
19,IT,3,6.26,70.61,139,29,2,0,1,1,52,7,50,0,0,1
20,IT,2,7.34,58.38,282,33,4,0,3,3,79,30,72,0,1,1
18,Mechanical,3,7.51,67.79,75,26,3,1,3,2,30,24,49,0,1,1
21,CSE,2,6.9,85.77,177,48,5,0,8,2,50,11,63,0,1,1
23,AIML,3,7.96,75.43,243,49,1,2,7,2,73,15,31,0,1,1
21,IT,3,5.98,52.38,190,24,4,1,3,2,68,14,62,0,0,1
21,AIML,3,7.5,74.02,355,45,2,0,2,1,81,12,46,0,1,1
24,CSE,3,9.0,81.32,221,57,4,2,4,3,64,47,81,0,1,1
20,Mechanical,2,8.01,75.52,120,47,4,0,1,2,20,18,57,0,0,1
19,CSE,3,8.58,82.96,190,70,5,0,5,2,37,25,81,0,1,1
23,EEE,2,7.38,71.62,126,35,1,1,8,5,17,9,35,0,1,1
23,ECE,3,7.53,81.21,121,21,1,0,4,5,28,26,47,1,0,1
22,CSE,2,7.13,72.74,166,43,3,0,3,1,51,18,45,0,1,0
20,AIML,2,7.16,73.74,200,35,2,3,4,3,73,20,55,1,0,1
24,CSE,3,7.78,77.33,305,42,3,0,5,2,72,19,27,1,1,1
22,CSE,3,6.55,75.85,196,42,8,0,3,2,55,15,50,0,1,1
22,IT,2,8.21,78.77,392,31,2,3,3,4,100,12,72,1,1,1
20,Mechanical,1,8.16,70.93,171,25,3,1,0,2,25,24,56,1,1,1
21,IT,3,6.32,81.43,205,44,2,0,2,1,61,4,51,0,1,1
23,ECE,2,8.32,71.16,139,48,6,0,2,2,25,18,41,0,1,0
23,CSE,1,9.54,74.46,310,73,4,1,4,4,82,26,45,1,1,1
21,Civil,2,8.26,62.81,123,56,5,2,3,2,23,12,56,0,1,1
21,IT,2,5.85,66.95,182,33,5,2,0,0,40,21,57,0,1,1
22,CSE,3,9.37,76.5,261,35,6,3,2,2,79,24,69,1,1,1
21,IT,1,5.87,69.25,220,56,3,2,6,4,55,23,61,1,1,1
21,Chemical,2,6.04,63.53,125,5,1,0,2,0,25,19,35,0,0,1
19,EEE,1,6.26,81.57,191,32,5,4,0,2,30,20,49,0,0,1
19,CSE,3,7.12,68.66,226,24,5,1,2,2,68,29,69,0,1,1
22,CSE,3,5.7,64.12,144,30,3,0,2,1,53,28,47,0,1,1
18,Mechanical,2,5.59,67.39,62,31,1,1,1,1,32,16,60,0,0,1
19,Civil,3,6.76,74.24,76,25,2,0,0,5,8,20,43,0,0,1
23,CSE,3,6.73,79.99,194,21,3,2,5,4,56,0,53,0,1,1
22,AIML,2,7.24,76.83,181,33,4,0,0,3,54,37,62,0,1,1
18,CSE,2,7.89,78.82,203,43,3,1,5,5,77,19,58,0,1,1
20,CSE,2,8.74,78.79,207,55,5,0,5,5,50,23,52,0,1,1
22,CSE,3,7.31,67.66,194,45,3,0,2,4,61,1,48,0,0,0
21,ECE,2,7.87,70.86,115,36,4,2,4,5,23,34,30,1,1,1
21,CSE,2,7.24,57.63,168,29,4,1,3,4,47,20,60,0,1,1
21,Mechanical,1,8.73,75.73,175,66,5,0,4,2,26,39,72,0,0,1
20,IT,2,8.78,82.57,229,29,2,1,4,5,59,23,65,0,1,1
22,IT,3,6.83,70.05,156,46,6,1,4,1,42,21,55,1,0,1
19,Chemical,3,6.19,72.85,94,23,1,1,3,2,20,0,50,0,0,1
21,IT,2,6.99,85.65,222,40,4,1,3,4,46,14,57,0,1,1
20,CSE,3,6.94,72.95,146,54,3,1,5,2,52,18,53,0,0,1
19,IT,3,7.15,76.89,155,38,6,0,8,0,60,18,56,0,0,1
20,ECE,2,7.49,74.79,109,47,10,1,6,0,32,14,24,1,1,0
23,ECE,3,7.15,67.16,68,40,2,1,3,2,14,12,56,0,0,1
20,ECE,3,6.26,68.54,38,36,2,1,2,2,15,12,50,0,0,1
20,IT,3,7.12,65.17,185,39,3,0,7,4,72,17,62,0,0,1
20,ECE,2,7.72,80.66,197,47,3,2,3,1,34,31,61,0,1,1
22,Civil,3,8.62,84.09,110,40,2,1,1,2,24,42,60,0,0,1
21,IT,3,6.85,71.26,184,31,2,0,4,3,47,13,35,0,0,1
24,ECE,3,7.31,85.79,79,30,1,1,4,3,33,22,49,0,0,1
22,Civil,3,7.22,71.53,101,49,1,1,4,1,21,15,50,0,0,1
21,IT,3,6.89,78.15,219,67,2,0,4,1,75,17,50,0,0,1
22,CSE,1,7.31,71.66,368,53,6,2,4,5,100,21,60,0,1,1
19,ECE,3,5.75,71.51,149,40,2,1,4,1,26,15,57,0,0,1
24,ECE,1,8.11,66.19,244,36,3,0,3,1,41,23,69,0,1,1
24,Civil,3,7.9,71.8,95,18,6,0,4,2,22,23,72,0,0,1
20,Civil,1,7.38,74.07,403,10,3,1,2,0,52,14,59,0,1,1
22,Mechanical,2,7.9,81.24,212,8,3,2,3,3,39,20,68,1,1,1
20,IT,2,6.0,69.53,165,31,2,3,5,2,33,4,68,0,1,1
21,AIML,3,8.58,87.03,214,37,5,1,2,5,64,14,67,0,1,1
22,ECE,3,6.67,68.82,99,39,2,0,6,5,24,4,50,1,0,1
24,IT,2,7.25,66.73,199,46,4,0,2,1,50,20,67,0,1,0
20,Chemical,2,8.26,89.53,117,39,3,2,3,3,24,11,48,0,1,1
22,CSE,2,6.24,59.36,207,23,3,0,3,4,57,21,57,0,0,1
22,ECE,3,6.92,67.0,127,53,1,0,3,3,33,19,27,0,0,1
20,IT,1,7.11,72.7,250,45,5,2,5,2,68,24,71,1,1,1
22,Mechanical,2,7.94,73.35,123,44,2,0,4,2,22,30,44,0,0,1
22,EEE,3,6.53,71.77,79,37,3,1,1,3,22,11,59,0,1,1
22,CSE,2,8.12,76.68,241,56,4,2,7,2,61,29,60,1,1,1
25,Mechanical,3,7.54,89.52,108,34,1,0,3,1,21,11,55,0,0,1
19,ECE,3,6.0,67.54,49,44,2,0,1,0,18,6,42,0,0,1
20,EEE,3,8.04,78.26,122,52,2,0,6,2,16,23,68,0,1,1
20,CSE,2,9.07,79.38,293,70,1,5,4,5,84,29,67,1,1,1
20,ECE,2,6.71,54.45,83,56,1,0,1,4,30,11,53,0,1,1
21,ECE,2,7.04,64.14,129,47,4,1,4,1,27,18,55,0,1,1
23,CSE,1,6.63,55.72,367,50,4,3,1,2,90,22,62,0,1,1
21,EEE,1,7.68,66.75,278,42,6,2,2,1,38,15,61,0,1,1
22,Civil,3,8.26,75.03,241,55,2,1,0,2,36,19,68,0,0,1
21,CSE,3,6.75,77.44,186,19,1,1,3,4,72,35,35,0,0,1
20,AIML,3,6.55,80.13,221,52,1,0,2,0,75,15,52,1,1,1
23,IT,3,8.41,94.32,211,48,3,0,4,1,68,9,55,1,0,1
22,ECE,2,6.83,72.26,201,22,6,0,3,5,31,40,52,0,1,1
21,Mechanical,2,6.88,72.0,128,48,4,1,2,3,28,29,76,0,0,1
23,EEE,2,7.28,62.94,160,54,4,1,1,2,25,24,58,1,1,1
21,ECE,3,5.85,61.49,42,34,1,0,2,2,10,11,58,0,0,1
20,Chemical,3,6.62,76.6,129,32,2,2,1,2,22,16,56,0,0,1
21,IT,2,9.07,92.31,268,25,2,1,1,3,72,11,62,0,1,1
22,Mechanical,2,8.09,85.44,184,43,4,0,3,1,34,36,82,1,1,1
21,Civil,1,8.26,71.88,226,66,7,4,4,2,31,12,60,0,1,1
23,CSE,2,8.02,67.33,198,37,2,1,2,1,68,11,53,1,1,1
21,CSE,2,8.02,62.72,261,37,5,1,4,3,65,28,51,0,1,1
21,Chemical,2,7.14,72.05,91,53,2,2,1,0,18,12,48,0,0,1
23,IT,3,7.28,86.73,217,20,4,0,2,3,70,20,61,1,0,0
21,EEE,1,8.05,71.93,224,37,4,1,2,2,33,25,56,0,1,0
21,CSE,2,7.09,67.99,231,47,6,1,5,2,49,16,53,0,1,1
19,Mechanical,2,8.61,75.54,132,57,3,1,2,2,29,24,56,0,0,1
21,IT,2,6.06,67.18,274,17,2,1,10,3,81,14,51,0,1,1
21,EEE,2,7.23,73.43,125,50,5,0,1,4,22,15,52,0,0,1
20,CSE,3,8.29,58.63,310,56,6,0,6,0,91,28,64,0,1,1
21,CSE,2,8.35,69.52,206,37,4,1,2,4,56,33,52,0,1,1
20,Civil,3,6.92,69.15,88,37,3,0,3,0,18,15,62,0,0,1
20,ECE,2,7.76,76.47,178,54,3,1,4,1,30,17,58,1,1,1
21,Mechanical,3,7.61,70.08,92,38,2,0,2,1,28,9,54,1,0,1
20,CSE,2,9.35,81.12,326,31,6,1,10,0,84,41,52,0,1,1
22,IT,3,6.67,66.68,161,45,2,1,5,1,45,16,43,0,0,1
22,Civil,3,7.53,79.71,138,57,3,0,2,0,30,30,64,0,0,1
20,EEE,3,7.0,74.37,59,41,2,1,2,0,11,17,63,0,0,1
19,EEE,3,8.65,78.74,114,42,2,1,1,3,24,21,64,0,1,1
21,AIML,2,7.38,79.06,184,40,8,2,7,1,61,18,51,0,1,1
19,ECE,3,6.82,75.67,102,24,2,1,6,1,9,15,64,0,1,1
21,Mechanical,2,8.13,71.8,107,20,3,2,2,3,16,14,65,0,1,1
22,CSE,3,6.67,65.49,173,46,2,1,3,3,52,24,70,0,1,1
22,AIML,3,7.51,83.27,327,53,0,2,6,2,74,0,44,0,0,0
21,CSE,3,7.92,88.81,172,54,7,1,3,4,57,8,52,0,1,1
24,Chemical,2,6.03,77.36,68,33,1,0,2,3,17,23,40,0,0,1
19,Civil,1,7.06,80.48,167,57,2,2,4,1,20,24,62,0,0,1
23,CSE,1,9.38,72.73,276,53,3,3,7,4,64,33,67,0,1,1
22,Civil,3,7.54,72.91,76,42,2,1,3,1,19,15,39,0,1,1
21,ECE,3,6.38,68.3,221,0,2,1,4,0,38,1,54,0,0,1
20,Chemical,2,7.62,72.02,132,37,2,0,2,2,24,3,45,0,1,0
20,ECE,2,5.91,63.2,50,5,1,0,3,2,27,10,60,0,0,1
24,AIML,2,7.64,76.8,208,59,7,1,5,3,61,8,43,0,1,1
20,Civil,3,7.68,77.03,66,42,2,2,6,1,24,24,46,0,1,1
23,Chemical,2,7.43,67.33,171,57,8,0,3,2,27,12,45,0,1,1
21,ECE,2,6.87,66.75,99,22,2,2,2,3,25,14,53,0,0,1
21,IT,3,8.87,79.73,193,49,4,1,4,1,68,18,32,0,1,0
21,Mechanical,1,7.47,73.64,260,34,4,3,3,3,34,13,41,0,1,1
20,CSE,3,5.74,64.12,230,0,3,0,5,1,70,13,45,0,1,1
21,Civil,1,7.61,72.9,184,58,7,2,3,1,35,24,55,0,1,1
24,Civil,1,8.74,68.76,219,60,2,2,2,2,38,15,49,1,1,1
20,AIML,2,8.88,83.03,298,52,2,1,1,3,66,20,53,0,1,1
24,CSE,2,5.21,63.87,171,35,2,2,3,3,36,0,36,0,0,1
25,CSE,3,6.64,68.21,207,25,6,1,1,3,65,14,40,0,1,1
19,Chemical,2,7.18,76.3,72,22,3,1,5,0,18,14,40,0,0,1
21,Mechanical,2,7.64,81.76,116,31,4,1,0,1,20,12,49,0,0,1
20,IT,3,6.19,69.82,243,22,4,1,4,3,69,18,48,0,1,1
22,Civil,2,7.97,71.11,155,39,6,0,3,3,30,30,46,0,1,1
25,Civil,2,8.29,79.32,113,48,6,1,2,4,31,31,63,1,1,1
23,Civil,3,6.6,71.52,56,32,3,0,3,1,17,14,31,0,1,1
24,ECE,3,7.31,75.57,106,61,2,1,5,1,28,2,45,0,0,1
20,Civil,1,8.44,82.67,211,25,5,2,3,1,25,21,54,1,1,1
21,CSE,3,8.85,77.09,314,57,5,0,5,4,90,21,73,1,1,1
20,CSE,1,8.65,84.82,283,37,5,2,3,3,89,16,84,0,1,1
23,EEE,2,7.06,68.53,103,33,2,2,3,7,19,0,64,0,1,1
20,CSE,2,7.89,70.43,212,64,4,2,5,1,61,8,51,0,1,1
20,CSE,3,7.15,79.15,174,31,5,0,3,2,66,28,46,0,1,1
18,CSE,3,6.71,74.57,174,27,5,1,2,1,61,21,55,0,0,1
20,ECE,3,7.77,73.75,76,35,4,0,3,3,18,32,43,0,0,1
20,ECE,2,7.91,75.21,168,39,2,0,4,1,29,26,71,0,0,1
19,Chemical,2,7.49,71.89,186,40,4,0,2,0,28,26,31,0,1,1
23,ECE,2,8.35,75.32,181,43,2,0,6,1,34,24,57,0,0,1
22,ECE,2,7.26,64.6,170,15,3,1,3,2,23,7,50,0,0,1
20,Mechanical,2,7.42,68.33,298,27,0,0,0,1,39,19,47,1,1,1
22,Mechanical,2,7.67,73.46,132,54,4,2,1,3,14,33,43,1,1,1
21,IT,2,7.77,63.9,320,53,4,2,2,3,70,13,47,0,1,1
22,Mechanical,3,6.56,55.89,124,37,3,1,1,0,13,14,68,1,0,1
20,Civil,3,8.95,67.36,116,43,7,2,4,2,26,19,59,1,0,1
21,Civil,3,7.92,83.59,242,43,2,0,2,3,34,8,42,0,0,1
21,IT,3,7.35,86.94,191,29,3,1,0,0,61,19,62,0,1,1
20,Mechanical,2,7.52,76.0,142,56,5,1,2,2,20,25,46,0,0,1
21,Mechanical,3,7.29,72.07,125,52,2,0,4,1,27,23,46,0,0,1
22,AIML,3,8.59,85.52,225,49,3,2,8,1,60,38,51,0,1,1
22,EEE,3,8.16,68.44,224,36,6,0,1,4,21,16,45,0,1,1
21,CSE,3,7.89,77.38,215,48,4,1,3,5,58,29,56,0,1,1
21,AIML,3,9.46,82.44,211,60,7,4,6,0,68,11,68,0,1,1
22,CSE,2,8.0,73.82,276,44,6,2,10,4,77,20,50,0,1,1
19,CSE,2,6.74,58.55,236,24,4,3,5,3,68,0,41,1,1,1
19,CSE,2,8.13,83.78,230,57,4,0,8,4,68,5,58,1,1,1
21,Chemical,3,7.8,70.95,211,50,2,1,2,0,38,23,51,1,0,1
20,CSE,1,8.93,73.65,344,35,10,5,8,5,89,27,63,1,1,1
21,CSE,2,8.13,65.44,192,45,4,0,6,4,55,12,79,0,1,1
19,Mechanical,2,7.62,78.51,102,29,3,3,4,4,15,14,43,1,0,0
21,EEE,2,8.32,79.19,146,41,6,2,5,2,20,30,41,0,1,1
22,EEE,3,5.92,72.73,134,27,2,2,1,2,21,14,44,0,0,1
22,Civil,3,7.76,71.61,92,26,2,1,5,5,26,13,43,0,0,1
22,EEE,1,8.24,74.22,211,33,2,0,1,2,41,45,49,0,1,1
21,EEE,2,6.37,65.47,141,49,0,1,2,1,34,14,53,0,1,1
24,ECE,2,7.61,75.98,209,17,6,0,1,4,32,24,61,0,0,1
22,ECE,3,6.79,71.61,123,44,3,2,3,0,26,26,50,0,0,1
21,Mechanical,2,7.13,70.56,163,40,5,4,2,2,20,19,37,0,0,1
20,IT,2,8.29,67.82,200,58,1,1,5,2,56,22,68,0,1,1
22,CSE,2,6.62,68.92,274,18,4,0,4,2,69,10,46,0,1,1
21,ECE,2,7.31,62.98,95,44,3,0,4,5,9,21,48,0,1,1
22,IT,1,6.96,67.84,272,51,8,1,7,1,68,26,54,0,1,1
22,CSE,3,7.54,68.33,222,75,2,3,8,3,73,19,47,1,1,1
23,Mechanical,3,7.63,72.73,83,46,1,0,4,2,28,19,37,0,0,1
24,Mechanical,2,6.4,72.33,77,38,2,0,0,0,29,9,70,0,0,1
22,CSE,2,7.21,71.91,212,34,2,1,5,1,56,8,57,0,1,1
24,ECE,3,7.19,68.78,147,57,4,2,4,2,31,22,58,0,0,1
23,IT,3,7.45,71.94,191,30,1,1,5,3,51,24,45,0,0,1
18,ECE,3,8.16,77.13,113,42,1,1,8,0,13,11,70,0,1,1
22,CSE,2,6.69,74.34,220,13,2,3,4,1,65,0,59,0,1,1
20,Chemical,2,7.15,82.28,130,16,3,0,4,2,24,23,42,0,0,0
20,CSE,3,8.46,93.72,245,38,3,2,7,5,66,19,51,1,0,1
20,Civil,2,8.17,86.28,130,42,3,2,3,4,24,26,45,0,1,1
21,CSE,1,6.93,72.12,294,38,1,1,3,5,100,14,52,1,1,1
18,Mechanical,2,7.4,67.15,115,9,3,1,3,1,22,28,54,0,1,1
20,AIML,1,9.57,72.54,951,90,8,3,3,2,100,25,45,1,1,1
18,Mechanical,2,8.25,77.81,125,19,7,2,2,1,22,21,56,0,0,1
22,Civil,3,7.62,71.43,72,26,3,0,2,0,26,12,68,0,0,1
23,Chemical,2,7.85,72.8,150,39,5,1,3,3,16,21,56,0,1,1
25,Civil,2,7.87,79.69,127,46,3,2,3,2,20,5,43,0,0,1
21,ECE,2,7.54,72.72,113,36,0,1,2,2,28,12,65,0,1,1
20,ECE,3,6.0,71.44,61,29,5,0,0,0,15,19,35,0,0,1
23,Chemical,3,6.92,70.57,76,7,5,0,5,0,15,9,52,0,0,1
19,Civil,1,8.8,64.11,235,57,7,0,3,6,29,17,71,1,1,1
25,ECE,1,8.48,63.07,183,31,2,0,3,0,26,21,73,0,1,1
22,IT,3,7.34,76.12,164,43,3,2,5,4,40,27,36,1,0,1
21,CSE,2,7.29,72.7,200,53,3,2,3,1,55,23,61,0,1,1
19,IT,2,6.87,72.96,231,27,4,0,3,0,81,21,59,1,0,1
18,ECE,1,7.02,74.38,170,30,6,2,0,2,34,10,58,0,1,1
21,Civil,2,8.31,78.09,122,56,6,0,8,3,32,25,69,0,0,1
21,IT,3,7.08,72.3,190,39,2,0,5,5,46,24,47,0,0,1
23,IT,1,8.0,84.55,360,51,5,0,2,0,65,24,49,0,1,1
22,CSE,2,9.55,82.02,268,58,5,1,1,3,70,24,80,0,1,1
21,CSE,3,7.44,75.47,212,41,5,0,7,1,64,27,38,0,0,1
20,Mechanical,2,6.86,68.33,102,33,3,0,1,1,18,18,58,0,0,1
21,CSE,3,8.09,67.8,220,44,1,1,4,6,46,32,49,0,0,0
20,Chemical,1,8.66,92.9,219,62,2,2,4,2,30,25,78,0,1,1
22,CSE,2,5.85,74.44,199,38,4,1,2,5,68,0,53,0,0,1
21,Mechanical,3,8.41,78.65,158,30,2,1,6,2,24,26,55,1,1,1
22,CSE,1,6.98,70.7,304,18,5,4,7,1,78,34,64,0,1,1
21,EEE,2,8.87,82.73,275,55,5,0,2,3,44,19,43,0,1,1
20,Mechanical,3,8.43,73.43,105,11,5,0,3,1,22,14,56,1,0,1
23,AIML,2,7.61,79.26,227,21,2,1,4,2,79,20,71,0,1,1
22,ECE,2,6.78,82.16,94,23,2,1,4,3,26,15,65,0,1,1
22,Mechanical,2,8.43,76.43,185,54,2,1,2,3,36,23,48,0,1,1
21,CSE,3,7.71,85.5,244,55,5,0,3,4,69,15,47,0,1,1
23,ECE,3,6.69,69.56,197,33,1,0,2,1,38,14,47,0,0,1
20,ECE,2,7.95,62.96,142,33,2,2,4,1,18,25,54,0,1,1
21,Mechanical,2,6.54,76.68,156,32,2,1,2,0,22,17,45,1,1,1
22,IT,3,7.58,73.54,206,80,2,0,5,4,77,17,27,0,1,1
20,EEE,3,7.59,80.1,85,52,2,1,5,2,8,16,41,0,0,1
22,Chemical,3,7.76,66.97,135,31,8,0,5,1,38,21,38,0,0,1
21,Mechanical,2,8.53,73.89,150,43,3,1,5,0,26,30,69,0,1,1
19,CSE,3,6.93,81.58,271,17,6,0,4,2,73,16,56,1,0,1
19,CSE,3,6.81,73.85,226,36,6,0,6,2,64,6,52,0,1,1
23,IT,2,7.52,84.55,198,33,4,1,2,2,65,16,65,0,1,1
22,IT,2,8.19,71.83,258,42,4,4,5,3,53,24,64,0,1,1
20,IT,1,7.57,90.76,287,22,4,1,5,1,64,32,68,1,1,1
19,ECE,3,5.98,85.09,58,36,5,1,4,2,17,8,34,0,0,1
20,Chemical,3,7.13,78.08,73,41,5,0,3,0,7,35,38,0,0,0
20,Mechanical,1,7.89,76.31,190,57,3,3,2,0,27,8,44,0,1,1
22,CSE,3,6.69,74.44,142,19,3,1,6,2,36,13,37,0,0,1
20,ECE,3,5.35,74.44,22,18,1,0,2,0,6,18,37,0,0,1
20,Mechanical,3,7.61,76.13,154,53,3,1,3,3,27,33,40,0,0,1
19,CSE,3,6.24,67.54,142,39,1,0,1,5,45,16,44,1,1,1
21,CSE,2,8.32,69.45,227,50,3,3,5,3,74,36,62,1,1,1
22,Chemical,2,9.46,65.07,179,58,2,2,4,2,30,9,44,0,1,1
22,Mechanical,2,6.74,69.5,68,45,1,0,0,0,21,15,54,1,1,1
21,Civil,3,7.65,60.06,104,65,6,1,3,2,24,16,71,1,1,1
24,Mechanical,3,7.6,73.27,98,63,5,0,0,2,23,17,52,1,1,1
21,Mechanical,2,6.2,80.76,91,26,3,0,1,3,12,13,59,0,0,1
23,Mechanical,2,5.44,66.91,177,38,1,0,0,0,23,5,53,0,0,1
22,ECE,2,6.35,63.71,126,11,3,2,5,1,31,15,44,0,0,1
19,AIML,2,7.24,69.59,226,44,3,1,5,6,71,23,64,1,1,1
22,CSE,3,9.42,74.45,190,56,6,0,3,2,62,14,40,0,1,1
21,EEE,2,7.99,87.47,196,47,1,1,5,1,35,10,62,0,1,1
22,AIML,3,6.6,66.52,149,69,5,1,6,4,57,9,48,0,0,1
20,Civil,2,6.74,59.06,127,48,2,4,1,1,28,20,68,0,1,1
21,ECE,2,6.92,89.97,171,38,1,0,3,2,23,28,50,0,1,1
23,Chemical,2,5.9,67.56,141,7,3,0,2,2,26,20,70,0,0,1
20,IT,2,6.75,65.43,202,40,3,1,8,4,44,14,51,0,1,1
18,IT,3,7.74,74.84,213,65,6,1,6,5,74,13,57,0,1,1
20,AIML,3,7.16,71.25,242,8,2,1,4,5,71,10,57,0,1,1
21,AIML,2,7.15,76.18,231,46,3,2,2,5,76,37,46,0,1,1
23,ECE,1,8.46,75.93,171,41,2,0,2,4,32,34,59,1,1,0
22,CSE,3,6.39,55.46,191,45,4,1,7,3,64,21,56,0,1,1
23,Civil,3,7.71,73.43,126,32,6,0,2,2,17,24,55,0,0,1
21,CSE,2,6.53,77.1,174,28,4,1,3,4,55,4,73,0,1,1
21,Civil,3,8.06,72.02,162,54,6,2,5,0,23,32,41,0,0,0
20,IT,1,7.8,80.07,315,43,4,2,5,2,93,17,61,0,1,1
20,ECE,2,7.64,81.05,157,50,4,0,2,2,31,28,48,0,1,1
22,Chemical,2,7.39,81.89,124,49,1,2,2,1,28,18,78,0,1,1
19,Mechanical,2,7.96,68.22,252,43,3,0,4,2,41,35,56,0,1,1
20,AIML,2,6.77,65.15,202,68,4,2,3,2,58,19,59,0,1,1
23,IT,2,8.36,76.9,346,38,5,0,1,3,88,24,62,0,1,1
21,CSE,3,7.13,60.12,209,45,1,2,3,4,66,20,37,1,1,0
19,EEE,1,8.17,68.58,200,70,5,2,1,1,29,32,49,0,1,1
22,EEE,2,8.06,77.88,143,30,6,1,4,2,22,16,73,0,1,1
21,Civil,2,6.85,57.33,119,35,1,4,4,4,25,21,35,1,1,0
23,AIML,3,7.77,62.3,160,49,3,2,5,3,51,18,54,0,0,1
22,CSE,2,6.87,75.54,207,9,5,2,1,2,61,12,60,0,0,1
18,AIML,1,6.4,59.13,439,27,8,3,3,1,100,19,60,1,1,1
20,Chemical,1,7.91,94.16,215,51,8,3,6,1,29,24,44,0,1,1
20,Chemical,1,9.59,73.55,249,67,4,2,3,2,35,7,41,0,1,1
22,IT,3,6.79,64.15,186,37,3,2,4,2,61,25,58,1,1,1
21,ECE,1,9.58,65.45,498,85,12,2,7,1,84,19,52,0,1,1
22,Civil,2,8.2,75.96,117,45,3,3,2,1,25,12,43,0,1,1
21,ECE,2,6.51,69.3,147,24,4,1,1,3,28,17,53,0,0,1
20,Chemical,3,6.82,74.42,61,32,2,0,3,1,30,15,40,0,0,1
19,Civil,2,8.56,75.51,139,43,4,1,4,1,26,26,57,0,1,0
20,Mechanical,3,7.91,81.61,89,47,2,1,1,3,25,15,65,0,0,1
21,EEE,2,7.56,72.42,100,44,3,0,0,2,16,23,80,0,0,1
21,AIML,2,6.16,66.94,174,26,8,3,4,4,70,14,49,0,1,1
24,CSE,2,7.01,73.87,253,19,4,0,7,2,62,20,59,0,1,1
20,Civil,2,7.94,61.54,122,63,2,0,4,2,25,24,48,0,0,1
22,AIML,2,4.83,57.44,216,33,3,0,2,2,60,9,72,0,0,1
20,AIML,1,8.44,88.77,253,48,8,1,4,0,59,19,55,1,1,1
22,Civil,3,8.31,63.97,141,56,8,1,3,2,24,8,46,0,1,1
18,CSE,2,9.03,84.92,217,61,2,0,2,2,61,30,31,0,1,1
22,Mechanical,1,8.83,61.36,250,53,3,1,3,1,37,22,58,0,1,1
20,EEE,2,7.84,63.64,214,32,6,0,2,1,37,21,72,0,0,1
20,CSE,3,8.01,69.96,259,36,12,2,5,4,69,19,56,0,1,1
21,CSE,3,7.05,75.34,162,55,2,1,3,1,56,23,58,0,0,1
21,AIML,1,7.28,72.05,339,23,4,1,5,2,93,24,47,1,1,0
21,AIML,3,7.72,77.24,173,37,3,1,5,3,47,9,44,0,1,0
20,CSE,2,6.8,67.78,177,49,3,2,1,6,43,5,51,1,1,1
24,Civil,3,6.99,70.98,132,27,1,3,4,0,28,16,53,0,0,1
20,Chemical,3,9.21,79.47,107,50,2,1,6,0,19,11,73,0,1,1
21,CSE,3,6.72,77.91,169,28,2,0,2,2,39,5,53,0,1,1
23,EEE,2,7.7,86.53,126,47,3,3,1,1,30,20,49,0,1,1
22,ECE,3,5.97,61.34,148,14,1,2,2,0,27,5,67,0,0,1
20,IT,3,6.65,69.93,242,46,7,0,1,2,74,19,62,0,0,1
21,Chemical,2,6.81,68.74,168,40,2,0,1,2,21,14,55,0,0,1
19,CSE,3,7.24,75.13,209,27,5,1,0,4,59,27,37,0,0,1
21,Chemical,3,6.6,80.76,174,17,1,0,2,0,32,0,40,0,0,1
21,IT,2,7.26,73.71,178,52,6,1,8,3,39,28,55,0,1,1
22,ECE,3,6.92,68.0,157,34,4,0,4,1,21,13,50,0,0,1
23,Chemical,3,7.18,80.03,89,9,2,1,3,5,23,26,60,0,0,1
20,EEE,3,5.93,67.13,41,23,1,0,1,3,21,11,49,1,0,1
19,Mechanical,3,6.02,68.07,117,56,1,0,0,2,28,11,35,1,0,1
21,CSE,3,8.0,79.72,190,26,5,3,5,2,48,12,48,0,1,1
21,ECE,1,7.25,63.85,179,39,4,1,2,1,25,25,54,0,1,1
21,IT,1,7.91,65.51,288,53,6,1,4,3,68,24,71,1,1,1
22,IT,2,7.82,67.92,264,34,3,2,3,3,52,15,53,1,1,1
21,AIML,3,7.4,71.62,232,21,1,1,6,2,78,14,44,0,0,1
24,EEE,1,6.6,78.29,216,36,3,1,1,2,29,11,65,0,1,1
21,ECE,1,6.0,64.43,118,27,3,1,0,1,32,27,54,1,1,1
19,CSE,2,7.13,69.15,192,30,4,1,2,3,63,30,56,0,1,1
20,Mechanical,3,7.37,74.77,148,44,1,0,3,3,30,16,51,0,1,1
21,AIML,3,8.53,70.7,288,67,3,2,6,5,68,18,48,1,1,1
20,EEE,2,9.16,75.96,172,39,1,1,4,4,23,47,72,0,1,1
20,Civil,3,7.63,74.13,86,41,4,0,3,4,11,27,49,1,0,0
20,IT,3,7.26,77.2,244,45,3,3,3,3,61,17,41,0,1,1
22,EEE,1,7.66,81.12,217,43,6,0,5,1,36,28,58,1,1,1
24,Civil,2,7.44,72.68,103,20,6,2,0,2,21,13,75,0,1,1
21,EEE,2,6.9,69.99,77,29,4,1,0,1,11,26,57,0,0,1
20,Chemical,2,8.63,76.12,178,42,2,3,5,4,30,37,74,0,1,1
21,CSE,2,7.13,74.24,232,34,2,1,3,0,65,14,51,0,1,1
21,IT,1,8.02,85.95,269,64,4,4,4,5,65,11,59,0,1,1
25,Mechanical,3,7.61,89.57,100,15,0,0,3,1,15,27,52,0,0,0
21,ECE,2,5.49,80.53,67,49,4,0,5,2,16,18,45,0,1,1
22,AIML,1,6.86,79.41,282,22,5,2,3,2,77,22,61,0,1,1
23,IT,2,7.78,67.73,271,28,4,3,5,2,84,4,56,0,1,1
22,Mechanical,1,8.79,79.65,241,39,9,2,1,3,36,32,60,0,1,1
20,Mechanical,2,7.65,71.92,137,54,5,0,4,3,27,19,73,1,0,1
21,EEE,1,8.31,75.65,250,57,6,1,4,1,38,33,69,0,1,1
21,Civil,2,6.55,83.16,137,30,6,0,0,1,31,22,53,1,0,1
21,ECE,2,7.52,83.37,179,35,2,2,5,3,27,1,47,0,0,1
25,Civil,3,6.35,76.25,62,31,4,0,4,2,17,24,55,0,0,1
20,CSE,3,8.01,93.94,223,42,3,1,5,2,69,13,53,0,0,1
21,Chemical,1,7.79,80.7,204,40,6,1,4,1,41,33,55,0,1,1
20,Civil,2,8.98,89.13,119,63,4,2,2,2,20,16,48,0,0,1
20,Civil,1,7.73,78.63,207,45,5,0,3,1,32,21,62,0,1,1
21,Civil,2,6.16,71.09,58,43,3,3,2,1,9,7,49,0,0,1
22,Civil,2,7.78,89.11,270,31,3,2,5,1,39,17,42,0,1,1
22,CSE,2,7.11,67.27,206,19,0,0,5,1,75,18,53,1,1,1
20,Civil,3,8.16,64.82,172,43,1,3,4,0,17,32,48,0,0,1
19,CSE,3,6.73,64.81,265,48,4,0,0,3,75,21,56,0,0,0
21,Civil,3,8.41,73.72,168,48,4,1,4,1,37,33,35,0,1,1
21,ECE,2,6.32,76.64,81,35,1,0,0,2,17,15,53,1,0,1
22,AIML,3,8.55,86.17,250,47,2,1,5,7,65,17,35,0,0,1
22,IT,2,6.33,64.77,161,26,4,2,2,3,44,21,51,0,1,1
23,AIML,2,6.83,67.61,202,51,5,1,5,4,62,19,58,0,1,1
22,Mechanical,2,8.08,72.76,193,50,2,0,5,2,32,28,46,1,0,1
21,Mechanical,3,9.17,79.68,175,44,5,0,5,1,25,33,55,0,0,1
22,ECE,3,7.42,73.79,139,54,2,0,2,2,25,12,39,1,0,1
22,ECE,2,6.31,72.74,113,24,3,1,4,6,27,24,59,0,1,1
24,AIML,3,5.36,60.57,128,25,4,0,0,2,32,8,44,0,1,1
21,IT,2,8.31,69.09,237,23,3,1,2,9,71,12,56,0,1,1
22,EEE,2,8.9,72.41,158,55,4,0,2,0,15,33,39,0,1,1
21,EEE,2,8.43,77.28,107,45,4,2,2,3,22,27,48,0,1,1
22,CSE,3,7.49,65.44,254,29,5,0,4,3,61,15,60,0,1,1
23,Mechanical,2,6.85,65.62,188,71,2,2,5,2,23,19,52,0,0,1
23,Chemical,3,7.79,78.5,128,50,2,0,1,1,31,24,51,0,0,1
20,Mechanical,3,7.65,84.76,154,64,4,1,3,2,16,14,73,0,0,1
20,CSE,3,9.03,81.62,184,56,5,2,7,3,47,25,37,0,0,1
22,Civil,2,7.94,67.79,135,41,6,1,1,5,26,22,52,1,1,1
22,CSE,1,8.5,82.05,276,30,9,1,8,3,69,17,47,0,1,1
23,CSE,2,7.4,69.67,226,37,2,1,1,7,51,13,61,0,1,1
20,AIML,2,6.66,81.13,192,60,3,1,1,3,47,17,62,0,1,1
23,ECE,3,7.31,76.42,70,38,4,0,4,1,18,26,68,0,0,1
22,Civil,2,5.44,61.47,124,27,2,3,2,2,19,0,61,0,0,1
20,Mechanical,2,7.48,74.79,86,42,2,0,2,0,21,30,52,0,1,1
19,IT,1,8.01,65.84,251,72,4,2,1,0,67,25,50,0,1,1
22,ECE,3,6.87,73.21,230,23,1,0,4,3,33,14,58,0,0,1
20,CSE,2,7.8,73.1,197,40,4,2,4,2,60,11,64,0,1,1
22,Chemical,2,8.41,91.63,223,52,0,1,2,4,33,13,59,0,0,1
21,AIML,2,7.61,75.81,189,53,5,1,1,5,73,23,55,0,1,1
21,AIML,1,7.67,74.95,306,42,6,2,8,2,77,18,54,0,1,1
20,Chemical,3,7.01,55.74,50,16,3,2,7,2,8,4,51,0,1,0
25,AIML,2,7.28,77.72,238,52,0,1,3,1,63,21,56,1,1,1
22,CSE,1,9.43,88.35,287,54,6,1,4,2,59,26,65,0,1,1
22,Chemical,2,6.82,80.06,180,46,8,0,2,2,19,23,61,0,1,1
22,CSE,2,6.96,71.4,197,30,2,2,3,2,52,14,48,0,1,1
21,CSE,2,8.3,72.26,276,64,6,2,7,6,77,27,65,0,1,1
24,ECE,3,6.69,80.12,96,37,4,2,1,1,16,16,48,0,1,1
21,AIML,3,8.1,75.3,209,35,1,1,3,1,49,20,44,0,1,1
21,Civil,2,6.7,71.2,62,60,5,1,1,1,24,6,67,0,0,1
20,Mechanical,2,7.49,71.65,209,36,3,1,2,1,31,20,58,0,1,1
20,ECE,2,8.29,60.8,133,49,1,0,4,4,23,19,49,0,1,1
22,CSE,2,6.46,64.91,261,40,5,2,2,3,67,18,53,0,1,1
20,AIML,2,8.12,76.68,282,53,4,0,3,4,78,14,55,0,1,1
22,Civil,2,8.27,80.65,105,28,1,0,4,3,22,16,51,0,0,1
24,AIML,2,7.27,73.06,197,73,2,3,2,6,57,18,36,0,1,1
21,CSE,2,8.59,81.26,261,55,4,3,8,4,76,22,62,0,1,1
19,AIML,2,7.35,61.54,181,59,3,4,4,1,56,21,60,0,1,1
22,Mechanical,3,7.26,66.56,166,25,1,2,3,1,22,10,49,0,0,1
18,Civil,3,7.96,91.58,114,41,8,3,3,2,23,21,38,0,0,1
22,AIML,1,8.8,83.1,309,49,5,0,6,3,91,18,63,1,1,1
21,AIML,2,5.1,75.79,174,29,4,3,4,3,48,9,48,0,1,1
21,Civil,2,5.73,66.43,132,54,4,1,0,2,15,12,56,0,0,1
21,CSE,1,6.66,78.51,218,51,6,0,8,5,52,9,58,1,1,1
21,IT,2,8.03,82.64,199,32,1,0,3,1,58,28,62,0,0,1
20,IT,2,7.69,89.69,214,66,5,3,3,2,62,11,44,0,1,1
20,IT,3,5.75,71.52,123,13,2,0,4,2,45,10,52,0,0,1
21,CSE,2,9.15,71.95,253,51,5,1,6,2,55,25,54,1,1,1
23,Civil,2,7.98,70.2,125,29,2,1,4,2,15,17,60,0,1,1
20,AIML,2,7.28,75.43,196,54,3,5,7,3,62,15,45,1,1,1
20,IT,2,7.93,57.12,231,36,2,1,1,3,48,14,71,0,0,1
20,EEE,3,7.09,75.56,109,29,1,2,1,2,15,14,57,0,1,1
21,Mechanical,2,8.43,80.91,157,56,1,5,5,2,22,24,33,0,1,0
20,EEE,3,8.5,87.56,102,53,3,1,3,1,24,17,80,0,1,1
22,IT,2,8.83,65.55,231,42,3,0,4,1,62,36,55,0,1,1
19,CSE,3,7.76,67.07,174,46,5,3,4,1,44,21,24,0,0,1
22,ECE,2,7.59,75.12,149,40,7,4,8,0,25,19,55,0,1,1
20,ECE,3,8.23,76.03,130,53,2,1,3,2,23,12,36,1,0,1
21,IT,3,8.8,78.29,223,42,4,2,3,5,44,24,42,0,1,1
20,EEE,2,7.28,80.12,330,47,1,1,1,4,47,19,34,1,0,1
22,Mechanical,2,8.74,80.39,124,44,1,1,1,3,17,20,53,0,0,1
24,CSE,3,6.88,82.78,149,44,5,1,3,4,52,20,35,0,0,1
20,Mechanical,1,7.08,81.09,184,13,3,1,2,1,23,21,60,0,1,1
24,EEE,2,7.82,70.3,160,36,2,1,2,1,25,10,45,0,0,0
20,IT,3,6.72,73.63,228,20,9,0,3,1,64,13,62,0,1,1
21,Mechanical,3,5.74,72.35,58,12,2,1,3,2,15,8,58,0,0,1
22,Mechanical,3,7.19,86.33,125,40,3,1,3,3,18,19,77,0,0,1
20,Mechanical,3,9.41,81.74,159,58,2,2,8,3,20,47,49,0,1,1
21,IT,3,5.77,72.6,149,44,4,1,5,0,53,16,65,0,1,1
19,EEE,3,8.09,72.65,282,53,6,5,1,1,50,15,41,0,1,1
22,ECE,3,7.14,76.7,119,25,3,1,3,3,18,20,49,1,0,1
21,IT,2,6.91,64.64,268,39,4,1,8,5,55,19,37,0,1,1
23,CSE,1,7.04,67.97,226,37,2,3,2,3,66,18,59,0,1,1
20,Civil,3,7.44,82.72,118,28,1,3,4,3,19,33,47,0,0,1
24,CSE,3,7.11,78.83,165,33,2,1,0,2,52,37,53,0,1,1
20,EEE,2,8.02,85.23,118,54,2,1,2,2,31,36,31,0,1,1
21,IT,2,9.38,95.91,237,57,5,1,4,2,66,27,65,0,1,1
20,Civil,3,7.55,80.82,98,27,1,1,1,1,24,8,73,0,0,1
20,ECE,1,7.23,74.94,197,30,4,4,5,0,29,25,71,0,1,1
19,CSE,2,7.83,71.23,227,44,2,0,4,2,57,15,58,0,1,1
22,CSE,3,6.81,68.07,229,9,4,0,5,5,75,5,51,1,1,1
20,IT,1,7.36,73.74,302,31,3,1,8,4,68,23,60,0,1,1
21,ECE,2,6.92,71.81,194,41,3,1,5,3,30,6,79,0,1,1
25,EEE,3,8.16,82.25,119,34,5,3,2,1,24,30,52,0,0,1
20,Civil,1,8.49,71.07,202,50,4,2,1,2,25,19,67,1,1,1
19,IT,2,7.35,69.65,257,10,5,1,6,2,79,8,59,1,1,1
20,Mechanical,2,6.26,72.6,85,41,4,2,1,1,22,8,56,0,1,1
19,AIML,2,6.74,61.29,271,24,7,0,4,3,67,8,53,0,0,1
21,Civil,1,7.71,84.99,221,49,7,2,9,1,30,18,55,1,1,1
22,CSE,3,8.35,82.8,189,61,3,0,6,1,54,24,39,0,0,1
20,Mechanical,3,4.78,66.77,67,28,1,0,3,3,22,16,63,0,0,1
20,AIML,3,7.56,67.07,182,33,6,0,6,2,31,15,38,0,0,0
22,EEE,2,8.08,74.9,132,61,3,3,2,1,23,16,56,1,1,1
20,ECE,3,7.95,80.46,159,38,2,2,2,2,29,19,43,1,1,1
21,EEE,3,7.96,71.1,231,37,3,0,5,5,36,21,41,1,0,1
24,Chemical,3,8.25,64.94,111,38,2,2,1,8,23,21,51,1,0,1
20,EEE,3,7.16,76.21,145,33,1,0,5,1,25,14,51,0,0,1
21,AIML,1,9.69,79.08,949,83,7,2,6,3,65,15,60,1,1,1
22,IT,1,6.18,66.4,285,20,5,0,3,1,58,17,72,1,1,1
22,CSE,2,7.12,89.22,227,55,10,0,3,3,76,22,48,0,1,1
22,IT,3,7.65,68.74,190,62,2,0,3,3,74,14,62,0,0,1
22,AIML,3,6.93,81.95,230,29,6,2,4,6,63,12,30,0,0,0
21,EEE,1,6.89,76.77,138,46,2,1,2,2,32,13,40,0,1,0
21,Civil,2,6.95,74.84,117,37,1,0,2,3,21,25,45,1,0,1
22,AIML,2,8.07,92.12,327,35,8,2,3,3,82,18,46,0,1,0
22,Civil,3,7.26,81.39,95,49,2,0,0,1,23,29,43,0,0,1
22,Civil,2,7.47,69.29,134,35,3,1,5,1,33,3,61,1,1,1
21,EEE,3,7.68,70.66,225,55,4,0,1,1,33,17,39,1,0,1
23,Mechanical,3,7.58,68.97,164,37,5,2,6,1,25,14,53,0,0,1
20,Mechanical,2,8.75,80.24,119,56,1,2,4,2,26,20,49,0,1,1
20,IT,2,8.5,72.35,254,43,2,1,3,1,72,13,56,0,1,1
20,Chemical,3,7.71,60.02,100,50,5,0,1,2,27,22,63,0,0,1
20,IT,2,7.27,69.97,178,23,2,0,2,1,46,9,53,0,1,1
22,CSE,3,8.51,83.78,234,30,4,1,4,5,53,29,48,0,1,1
20,Mechanical,2,8.94,88.25,259,59,4,1,2,4,44,30,46,0,0,1
22,IT,2,6.2,75.83,168,34,2,0,2,2,36,20,65,0,1,1
21,CSE,2,7.44,73.07,184,35,3,0,5,3,50,15,45,1,1,1
20,CSE,2,7.35,81.06,191,43,3,2,8,1,44,9,41,1,1,1
20,IT,3,6.55,84.76,165,18,7,0,4,3,54,10,38,0,0,1
21,AIML,3,6.94,76.04,206,51,2,1,4,1,58,6,47,1,1,1
22,CSE,2,7.19,73.45,405,27,3,0,3,3,82,22,62,1,1,1
21,CSE,3,8.27,88.82,225,44,5,2,4,1,53,36,54,0,1,1
20,EEE,1,6.58,66.77,190,32,4,4,4,2,33,13,48,0,1,1
20,CSE,1,7.97,81.05,325,62,1,1,4,3,91,8,62,0,1,0
19,Mechanical,2,6.86,50.52,114,13,2,1,2,2,26,19,33,0,0,1
18,Civil,2,8.56,74.92,124,26,4,2,3,1,12,25,36,0,0,1
25,Mechanical,3,7.45,58.37,79,15,3,2,2,2,14,19,64,0,0,1
19,AIML,3,8.16,81.64,180,47,4,3,2,2,55,29,74,0,1,1
19,EEE,3,7.44,68.44,78,35,5,0,4,0,19,14,60,0,0,1
23,CSE,1,6.39,75.24,225,55,6,2,1,1,60,18,43,0,1,1
22,Chemical,3,6.91,68.26,264,43,2,0,0,1,37,10,41,0,0,1
21,CSE,1,9.23,76.25,299,31,4,2,4,2,73,33,57,0,1,1
22,AIML,3,7.85,70.63,171,39,4,2,3,2,42,30,52,0,1,1
24,CSE,2,9.22,83.62,224,59,7,0,2,1,67,15,44,0,1,1
19,Chemical,2,8.82,80.8,164,47,6,2,6,2,26,23,57,0,1,1
20,CSE,3,6.84,65.85,206,32,3,2,4,2,73,20,50,0,1,1
23,CSE,1,6.64,70.85,264,28,4,1,5,1,65,3,53,0,1,1
22,CSE,2,8.46,72.46,212,45,8,0,4,1,60,44,49,0,1,1
25,Civil,3,8.25,73.28,101,31,3,1,5,2,18,20,47,0,0,1
20,IT,1,7.79,71.77,403,42,3,2,4,1,80,11,49,0,1,1
24,Chemical,3,6.12,65.87,197,37,4,1,3,2,43,14,56,0,0,1
20,Chemical,3,6.9,77.13,94,32,5,0,1,0,27,16,66,0,1,1
22,Mechanical,3,7.5,78.96,104,41,3,1,3,1,16,30,61,0,1,1
23,CSE,1,8.41,66.13,399,46,3,3,2,5,100,21,53,1,1,1
20,Chemical,3,6.51,69.41,143,29,3,2,3,0,25,17,45,0,0,1
20,ECE,2,8.38,95.29,147,59,5,0,4,2,22,31,49,0,1,1
21,ECE,2,8.18,85.48,131,15,2,1,2,1,19,21,64,0,1,1
23,EEE,2,8.2,91.72,126,25,5,0,1,2,25,18,59,1,0,1
19,Mechanical,3,7.81,68.28,86,49,2,2,2,1,20,37,33,0,0,0
23,Chemical,2,5.66,65.77,60,40,1,0,2,0,14,0,35,1,0,1
20,Chemical,1,8.02,69.99,191,38,1,1,4,2,37,31,66,0,1,1
21,IT,1,7.43,74.21,253,51,4,1,2,0,66,27,46,0,1,0
20,CSE,1,8.25,78.51,303,36,11,2,2,5,81,10,56,1,1,1
23,Civil,2,6.15,73.55,85,23,2,1,3,0,15,21,50,0,0,1
20,CSE,2,5.79,65.62,157,34,5,1,7,3,60,12,59,0,1,1
21,ECE,2,8.01,71.28,116,51,5,1,7,1,20,6,50,0,0,1
20,CSE,3,6.59,65.12,223,34,4,4,4,4,73,17,54,0,1,1
24,IT,3,5.54,66.88,159,49,3,0,5,2,41,17,49,1,0,1
22,ECE,2,6.6,75.67,88,43,5,0,2,3,25,23,46,0,1,1
20,Mechanical,2,7.36,79.04,106,5,2,0,3,3,14,20,63,0,0,1
20,Chemical,2,8.46,86.26,108,47,5,1,7,2,22,40,78,0,1,1
21,Civil,3,7.38,76.42,102,47,5,2,4,1,15,22,32,0,0,1
21,ECE,1,7.26,79.02,146,52,6,5,1,1,30,15,64,0,1,1
22,IT,3,7.13,63.11,174,55,4,0,3,1,61,21,43,0,0,1
21,ECE,3,7.99,83.0,157,50,3,0,4,0,29,17,55,0,1,1
21,IT,3,7.82,83.24,195,44,4,3,5,3,68,21,51,0,1,1
22,ECE,3,7.96,88.17,120,48,2,1,5,1,30,13,59,0,1,1
21,Civil,2,8.98,93.82,155,52,1,2,4,2,20,13,47,0,1,1
19,ECE,2,7.54,66.37,134,6,2,1,3,3,18,17,61,0,0,1
19,CSE,1,8.35,83.5,303,52,0,0,7,2,80,39,41,1,1,1
20,Mechanical,1,5.93,66.81,250,12,3,4,1,2,36,16,64,0,1,1
21,AIML,1,7.9,72.28,319,70,1,1,3,1,86,24,48,0,1,1
20,AIML,2,6.35,68.13,233,29,2,1,3,3,67,11,36,0,0,1
21,Mechanical,2,6.96,69.25,103,43,2,1,4,1,21,21,52,1,1,1
20,CSE,2,7.11,72.06,185,47,3,1,4,3,63,8,51,0,1,1
22,EEE,2,7.5,71.37,171,51,2,2,2,0,30,10,67,0,1,1
18,Mechanical,2,7.0,76.09,100,44,1,4,2,1,21,10,59,0,1,1
21,IT,2,7.17,78.21,190,40,4,1,4,0,43,23,54,0,1,1
19,ECE,3,7.9,83.98,88,75,4,1,4,0,20,16,48,0,1,1
20,EEE,2,7.57,78.41,95,57,6,1,3,3,11,23,41,0,1,1
18,EEE,3,7.29,73.14,59,26,3,2,3,1,28,19,62,1,1,1
21,Chemical,3,7.35,78.81,123,36,2,0,3,1,19,7,25,0,0,0
22,Civil,2,7.31,80.92,145,73,5,0,1,2,26,22,48,1,1,0
19,AIML,2,8.34,81.31,223,15,4,2,3,6,67,8,70,0,1,1
22,ECE,1,7.67,78.75,266,36,4,5,4,2,34,16,54,0,1,1
21,CSE,1,9.67,100.0,293,39,0,1,4,5,81,22,66,1,1,1
21,CSE,2,7.89,71.53,200,31,3,2,4,2,55,14,58,0,1,1
21,IT,3,7.98,82.38,229,21,4,0,4,4,54,21,60,0,1,1
20,IT,1,7.48,75.5,300,48,6,0,5,1,82,31,75,0,1,1
22,EEE,3,7.82,63.85,133,55,4,0,1,4,26,13,33,1,0,0
22,EEE,2,8.37,65.21,178,47,4,3,1,6,31,27,51,1,1,1
22,IT,3,7.53,61.35,159,40,2,3,4,3,56,3,73,0,1,1
20,Civil,1,7.42,74.41,226,32,2,2,7,1,30,19,72,0,1,1
22,Civil,3,8.28,65.66,186,59,0,1,1,4,26,16,57,0,0,1
20,Mechanical,1,9.42,79.89,221,66,0,3,0,5,21,23,93,0,1,1
21,IT,2,6.23,71.45,165,53,2,1,3,4,38,16,55,0,1,1
18,AIML,1,7.35,70.54,309,23,1,2,6,3,99,5,47,1,1,1
20,CSE,3,7.31,72.03,195,32,4,0,3,1,64,11,38,0,1,1
22,AIML,2,7.19,79.88,218,37,7,3,4,2,71,11,57,0,1,1
23,Chemical,2,7.45,68.08,210,50,1,1,3,2,30,25,41,0,1,1
19,IT,2,6.65,72.13,166,31,3,2,3,4,48,14,54,0,1,1
21,IT,2,8.29,61.25,203,54,3,2,1,6,51,21,61,0,1,1
22,ECE,1,7.77,77.06,258,19,2,3,1,0,31,8,59,0,1,1
24,EEE,2,7.71,84.23,139,50,4,0,2,1,27,32,39,1,1,1
22,Chemical,2,7.26,79.2,92,30,2,1,4,0,20,17,62,0,0,1
19,CSE,3,6.76,70.31,173,20,4,2,3,3,55,14,34,0,1,1
20,Civil,2,6.94,69.72,119,36,1,2,1,1,21,11,69,0,1,1
22,ECE,2,8.87,90.56,159,56,7,1,0,5,25,27,49,1,1,1
20,AIML,1,6.91,76.98,298,21,5,1,2,3,88,13,68,0,1,1
24,ECE,3,7.01,73.33,89,56,5,1,4,1,25,26,45,1,1,1
24,ECE,2,5.96,74.08,76,21,1,0,1,1,12,27,40,0,0,1
24,CSE,3,7.76,71.32,183,73,1,0,9,3,57,23,54,0,1,1
20,CSE,2,8.25,75.77,208,30,4,1,5,5,53,29,74,0,1,1
22,EEE,3,5.86,64.01,246,19,3,0,2,2,30,5,40,1,1,1
22,Mechanical,3,6.74,78.15,118,23,2,0,3,4,17,20,43,0,0,1
19,EEE,3,6.67,65.12,95,34,5,0,2,2,16,6,51,0,1,1
20,IT,2,7.2,69.85,182,54,5,1,3,4,46,26,44,0,1,1
20,ECE,3,7.82,78.22,89,34,5,2,3,3,19,14,25,0,1,1
21,Civil,2,7.48,56.23,172,38,1,1,0,2,29,12,59,0,0,0
24,Chemical,3,7.35,68.19,78,32,3,0,1,0,17,37,62,1,0,1
23,AIML,3,6.14,63.41,200,39,2,1,2,3,41,28,50,0,0,1
20,CSE,2,7.46,75.29,249,43,2,0,7,2,54,28,71,0,0,1
21,EEE,3,8.16,77.41,95,81,2,2,2,0,27,24,76,0,1,1
20,CSE,2,7.59,88.23,212,45,4,3,6,3,71,31,51,1,1,1
20,Mechanical,3,5.65,61.6,94,35,2,0,1,3,21,16,74,0,0,1
19,AIML,2,8.58,66.88,255,57,5,0,4,1,55,22,52,0,1,1
22,CSE,3,8.5,85.67,209,23,4,0,4,1,42,20,49,0,0,1
22,Mechanical,2,7.98,71.04,166,31,2,4,2,3,22,17,52,0,0,1
23,AIML,2,8.29,77.45,303,50,3,1,8,2,85,16,48,0,1,1
23,CSE,2,7.91,71.72,298,62,7,2,5,0,77,26,61,0,1,1
20,Civil,1,8.31,80.87,167,40,6,1,1,1,21,11,59,0,1,1
22,CSE,2,7.01,74.85,177,35,4,0,3,3,54,14,65,0,1,1
20,IT,2,8.17,73.53,188,38,4,0,9,1,55,6,64,0,1,1
21,IT,2,5.6,68.05,284,32,3,4,4,4,55,13,52,0,1,1
21,CSE,3,7.21,69.66,258,59,8,0,4,5,70,18,60,0,1,1
19,CSE,1,8.53,77.65,266,41,4,5,3,0,67,33,57,0,1,1
20,CSE,3,8.6,74.33,196,64,3,4,4,6,70,21,44,0,1,1
20,ECE,2,7.85,85.36,122,15,6,0,3,0,24,14,35,0,0,1
19,Chemical,3,8.37,74.83,183,58,4,1,2,1,30,26,38,1,1,0
24,Mechanical,3,7.3,70.16,130,42,1,2,0,3,23,11,36,0,1,1
20,Mechanical,2,8.04,63.13,118,41,3,1,4,1,25,22,51,1,1,1
21,EEE,2,8.11,68.33,110,55,6,0,4,3,19,0,44,0,1,1
25,Mechanical,1,5.74,72.54,166,29,3,2,5,2,30,20,76,1,1,1
21,ECE,2,8.16,74.98,231,18,5,0,3,3,32,22,65,1,1,1
21,Chemical,3,7.45,71.52,107,37,3,0,3,4,17,29,51,0,1,1
24,EEE,2,7.69,79.74,205,41,7,1,1,0,34,36,62,0,1,1
20,EEE,3,8.11,85.11,221,40,3,2,2,1,33,25,61,0,1,1
20,CSE,3,6.9,66.12,264,32,3,0,5,6,66,14,59,0,1,1
21,Mechanical,3,7.37,71.95,315,34,4,1,4,0,45,15,76,0,0,1
21,IT,2,7.56,59.55,350,36,2,1,5,1,98,18,46,0,1,0
22,Mechanical,3,7.68,81.25,84,32,2,0,4,1,23,21,80,0,0,1
19,Civil,1,9.87,88.88,923,77,6,3,4,1,79,35,51,0,1,1
21,CSE,2,8.07,73.35,234,50,5,3,3,5,59,31,45,1,1,1
22,IT,3,7.95,72.81,251,16,0,1,2,2,60,15,50,0,1,1
25,Civil,2,6.39,69.88,100,29,4,1,0,2,23,30,64,0,0,1
20,CSE,3,6.72,73.18,193,35,1,0,4,1,54,13,64,1,0,1
20,Mechanical,2,8.46,79.05,230,46,4,2,1,2,32,17,60,0,1,1
24,IT,2,6.67,73.29,260,20,2,3,2,5,47,14,57,0,1,1
22,ECE,3,8.62,67.83,181,51,7,5,5,2,22,6,68,1,1,1
19,Civil,3,6.56,70.6,59,34,2,2,4,2,19,24,51,0,0,1
19,EEE,3,8.18,80.65,123,36,4,0,6,3,24,20,49,0,0,1
22,ECE,3,6.53,62.55,63,24,4,1,1,1,19,14,49,0,0,1
21,Mechanical,3,8.05,66.25,222,48,2,0,1,3,31,26,61,0,1,1
21,AIML,2,7.69,70.72,196,21,2,0,2,4,64,26,53,0,0,1
23,CSE,3,7.56,75.39,211,44,2,1,5,1,50,23,56,0,1,1
20,EEE,3,6.47,75.06,62,38,2,0,4,2,20,25,67,0,0,1
20,Civil,2,7.49,79.44,122,17,4,2,8,2,21,6,60,0,1,1
21,Mechanical,3,6.69,65.34,66,36,3,0,1,1,14,15,62,0,0,1
23,ECE,2,6.75,58.42,80,21,2,1,5,1,16,7,41,0,1,0
20,CSE,3,8.47,88.11,234,69,1,2,2,3,74,18,42,0,1,1
22,CSE,3,9.78,89.97,213,38,2,2,6,6,41,35,42,1,1,0
20,AIML,1,7.1,69.59,269,57,6,5,7,4,77,7,59,0,1,1
20,Chemical,2,7.86,80.5,169,39,3,0,1,3,28,17,46,0,0,1
23,ECE,3,8.15,78.06,102,48,3,3,3,0,13,18,50,0,1,0
19,Mechanical,3,6.81,70.55,72,40,4,2,2,3,15,8,40,0,1,1
18,CSE,2,6.75,84.19,175,15,5,0,2,0,49,12,50,0,1,1
22,ECE,3,7.35,68.96,63,32,2,0,1,4,20,13,41,1,0,1
21,AIML,2,7.51,64.22,214,35,3,2,6,3,71,10,56,0,1,1
21,Chemical,2,5.35,68.17,44,6,2,0,0,1,20,0,37,0,0,1
22,CSE,2,7.72,70.63,204,38,4,1,7,1,57,21,39,1,1,1
20,CSE,2,8.18,77.43,216,45,3,1,3,3,67,15,59,0,1,1
22,CSE,1,8.17,74.08,275,27,5,4,3,2,80,19,71,0,1,1
20,CSE,2,7.28,68.35,256,56,3,2,6,1,58,0,47,1,1,1
19,IT,2,6.26,68.51,203,21,9,1,4,4,66,17,58,1,0,1
22,Chemical,2,7.89,64.57,143,24,3,1,3,0,20,15,49,0,1,1
20,Chemical,3,6.69,60.68,68,49,3,0,4,2,19,3,54,0,0,1
23,EEE,3,7.08,70.88,137,23,0,1,3,3,23,17,61,1,1,1
23,Civil,3,7.36,76.28,230,29,3,1,5,1,31,26,25,0,0,1
23,IT,3,8.03,63.96,183,55,5,5,1,4,58,19,41,0,1,1
20,Civil,2,8.38,80.0,160,36,7,3,6,1,37,8,57,0,1,1
20,AIML,3,7.53,70.7,172,54,6,0,5,4,60,25,48,0,1,1
23,IT,2,7.53,76.82,245,40,5,1,6,2,76,24,55,0,1,1
21,CSE,2,8.15,77.73,207,35,4,1,4,3,50,25,61,0,1,1
22,Chemical,2,6.75,78.44,137,40,1,1,3,3,24,19,51,0,0,1
23,IT,2,6.92,71.1,217,28,3,2,2,2,68,38,69,0,1,1
20,AIML,3,8.59,66.0,224,61,2,1,4,4,51,13,42,0,1,1
19,AIML,2,8.75,92.24,242,47,2,0,5,2,71,22,40,0,1,1
22,ECE,1,6.25,70.7,162,41,2,3,2,1,21,10,73,1,1,1
21,ECE,2,7.08,73.71,142,18,3,1,2,4,29,15,71,0,1,1
20,Mechanical,2,8.29,75.57,185,34,2,2,2,4,36,12,55,0,1,1
21,Mechanical,2,7.82,84.86,128,23,0,1,7,2,20,16,53,1,1,1
22,Mechanical,1,7.62,65.83,155,59,2,4,4,3,22,27,65,0,1,1
21,ECE,3,6.32,60.55,79,28,2,2,1,0,19,13,51,1,0,1
20,ECE,3,6.92,67.24,79,23,5,0,4,1,18,16,46,0,0,1
22,Chemical,2,6.78,74.45,155,28,2,1,4,1,29,19,58,0,0,1
22,ECE,3,8.51,72.16,131,36,3,1,3,3,29,24,29,0,1,0
24,IT,3,6.71,66.11,188,58,4,2,5,2,56,17,46,1,0,1
20,EEE,3,7.46,66.07,83,46,2,2,3,3,23,11,50,0,0,1
23,Mechanical,1,8.11,81.93,238,27,7,0,4,1,39,18,41,0,1,1
22,Chemical,3,7.26,75.73,166,32,2,1,3,1,18,11,55,0,0,1
22,IT,3,7.32,78.98,170,41,4,1,3,3,53,35,57,0,0,1
20,ECE,2,6.41,66.75,92,38,2,2,1,0,25,14,60,0,0,1
18,EEE,3,7.02,71.95,150,37,2,0,4,1,22,9,39,0,1,1
21,Mechanical,2,7.22,78.38,114,24,2,1,4,0,29,13,44,0,0,1
20,CSE,2,6.99,66.69,250,44,1,3,2,3,57,3,49,1,1,1
20,Civil,3,8.53,84.32,130,46,1,0,2,1,23,15,65,0,0,1
24,CSE,3,8.98,81.76,201,54,5,3,7,4,69,14,54,0,1,1
20,AIML,2,8.34,85.71,251,17,4,1,6,1,61,17,48,1,1,1
24,Mechanical,2,8.79,84.68,161,50,4,1,3,4,27,19,57,0,1,1
21,CSE,2,6.96,60.82,226,52,2,2,8,2,68,17,47,0,1,0
23,CSE,1,7.57,70.21,292,39,3,0,2,6,86,23,62,1,1,1
20,Chemical,2,6.77,55.29,154,32,4,0,2,1,34,17,58,0,1,1
22,EEE,2,7.6,60.64,192,29,3,1,5,1,10,24,47,1,1,1
21,Chemical,2,6.74,64.67,112,8,3,1,1,0,30,7,48,0,0,1
24,CSE,1,6.85,81.26,311,35,5,1,3,2,66,12,46,0,1,1
20,CSE,2,5.18,66.42,160,18,2,1,1,1,59,9,51,0,1,1
20,AIML,3,7.74,77.85,244,57,4,0,5,3,66,2,52,0,1,1
24,CSE,2,8.5,73.67,258,30,2,1,4,3,65,36,51,1,1,1
19,ECE,1,8.66,75.4,278,47,4,1,2,3,40,19,60,0,1,1
22,Chemical,2,8.15,80.74,220,48,2,1,3,4,31,10,58,0,1,1
19,IT,3,8.05,74.52,198,47,5,2,4,3,69,29,43,0,1,1
19,Mechanical,2,7.24,71.62,143,27,3,1,4,2,33,8,48,0,0,1
21,EEE,3,6.01,72.82,88,25,1,2,2,2,19,5,44,0,0,1
21,CSE,1,6.83,64.33,290,40,6,5,5,3,77,7,61,0,1,1
21,AIML,3,7.09,73.94,368,34,0,0,4,2,86,24,43,1,1,1
21,EEE,3,5.5,69.21,132,31,5,1,2,2,33,13,43,0,1,1
22,CSE,3,7.83,62.61,252,20,6,4,2,4,88,7,52,0,1,1
25,ECE,3,7.7,66.88,226,37,0,0,3,3,34,18,46,0,1,1
20,Mechanical,2,7.95,70.83,162,51,4,3,3,1,24,26,58,0,1,1
20,IT,2,8.28,73.03,260,42,4,2,3,4,79,25,62,0,1,1
20,IT,2,5.97,72.49,178,3,1,2,6,3,60,7,62,0,1,1
22,Mechanical,3,6.68,64.89,198,36,3,0,3,1,35,15,68,1,1,1
20,IT,3,6.37,63.77,157,30,4,1,7,1,46,8,35,1,0,1
22,ECE,1,7.26,77.65,240,27,3,0,3,1,33,27,63,0,1,1
21,CSE,3,6.75,78.23,161,47,3,4,6,2,54,13,58,0,1,1
21,Mechanical,2,5.66,74.99,75,39,3,0,1,3,18,18,34,0,0,1
23,EEE,3,7.94,67.49,118,35,3,0,4,2,27,25,55,0,1,1
21,Chemical,3,8.49,70.7,115,48,5,1,5,3,16,30,37,1,0,1
21,Mechanical,1,7.12,60.8,180,37,5,3,3,2,25,19,60,0,0,1
20,EEE,3,6.81,53.55,54,26,4,2,4,1,16,10,62,1,0,1
21,EEE,2,8.22,67.51,145,60,6,0,3,3,31,17,45,0,1,1
20,IT,2,7.44,69.15,185,32,6,0,4,3,50,32,57,0,1,1
23,ECE,2,7.98,76.9,118,40,3,1,1,4,12,9,42,0,1,1
21,Mechanical,2,6.64,77.03,91,30,0,0,2,2,20,20,62,0,1,1
19,ECE,3,7.87,74.38,140,45,8,1,2,2,24,23,61,0,1,1
20,Chemical,2,7.83,85.03,130,63,2,4,3,4,20,15,70,0,1,1
21,ECE,3,6.97,65.9,63,50,3,1,3,4,12,14,57,0,0,1
23,CSE,3,7.31,82.87,239,64,8,0,6,5,78,2,37,0,0,1
20,CSE,2,5.69,62.3,213,40,3,3,4,1,74,5,47,1,1,1
20,CSE,1,7.51,77.39,258,47,6,1,3,2,58,26,66,0,1,1
21,Civil,2,7.52,75.55,117,7,2,2,1,2,28,12,47,0,1,1
24,IT,2,7.14,81.1,215,43,4,0,3,2,55,19,68,0,1,1
23,Civil,3,6.62,81.51,75,28,3,1,2,1,17,15,46,1,0,1
20,ECE,2,8.67,70.64,169,33,2,0,4,2,26,18,48,0,0,1
21,Chemical,2,8.56,61.21,118,40,4,0,6,1,22,18,57,0,1,1
22,ECE,2,7.53,72.62,213,35,6,1,8,0,42,22,50,0,0,0
22,Civil,3,7.66,77.22,164,25,2,0,3,3,19,15,39,0,0,1
21,Mechanical,3,5.81,68.49,72,25,2,2,3,3,17,16,44,0,0,0
22,AIML,2,6.55,91.3,210,62,1,2,7,3,58,24,56,1,0,1
21,EEE,2,7.1,76.53,228,18,3,2,2,2,30,6,53,0,0,1
20,AIML,2,6.6,74.89,156,39,5,0,4,4,52,23,38,0,0,0
19,CSE,3,8.2,67.15,227,48,3,0,4,1,71,32,31,0,1,1
21,IT,2,6.97,68.45,160,42,3,0,3,3,47,11,54,1,1,1
19,AIML,1,6.72,74.84,273,35,7,0,3,3,56,31,57,0,1,1
21,ECE,1,9.45,82.43,281,58,4,3,3,0,35,29,59,1,1,1
23,EEE,3,8.92,79.01,177,30,4,2,3,3,28,39,35,0,1,0
23,Chemical,2,8.12,84.81,205,37,6,1,5,1,36,21,60,0,0,1
19,ECE,3,5.7,63.49,90,26,3,0,3,2,26,13,44,0,0,1
19,Mechanical,3,8.6,80.49,114,72,6,0,4,0,21,19,51,0,0,1
22,ECE,2,8.72,73.35,224,42,4,1,5,3,30,26,48,1,1,1
21,ECE,3,5.88,88.71,43,18,6,1,0,4,13,12,47,0,0,1
20,IT,3,5.42,62.04,240,38,1,2,5,2,60,14,56,0,0,1
22,Civil,2,7.03,87.08,114,50,5,1,2,1,19,18,50,0,1,1
20,CSE,1,8.06,74.1,290,44,4,1,4,3,77,44,76,0,1,1
19,AIML,3,8.56,72.9,223,23,5,2,5,0,53,14,33,0,1,1
22,Mechanical,3,5.75,68.16,51,30,4,0,2,2,19,25,55,0,0,1
21,AIML,3,8.89,70.48,313,40,6,1,9,5,81,34,39,0,1,1
21,CSE,1,6.33,63.84,230,35,4,0,3,5,69,6,72,0,1,1
22,AIML,3,8.09,87.35,186,34,5,1,0,5,58,17,49,0,1,1
23,CSE,2,7.47,77.14,215,39,3,0,3,5,51,28,43,0,0,0
19,AIML,2,8.57,83.91,267,38,5,0,5,3,71,29,56,0,1,1
22,IT,3,7.67,71.31,164,16,3,0,4,2,49,14,43,0,1,1
20,Chemical,3,7.29,78.24,249,52,3,2,1,1,29,2,64,0,0,1
21,Mechanical,1,8.33,77.66,273,31,3,3,3,1,34,21,51,1,1,1
21,CSE,2,6.83,66.91,249,37,2,3,5,5,72,12,67,0,1,1
21,CSE,2,7.4,95.94,191,60,4,2,5,2,63,21,48,1,1,1
20,Chemical,3,6.21,60.13,126,22,7,0,1,1,30,27,73,0,0,1
22,Mechanical,1,8.37,77.4,219,52,6,1,7,0,36,29,55,0,1,1
21,EEE,3,8.35,80.66,144,32,4,0,2,3,24,13,57,0,0,0
23,EEE,3,7.73,76.94,103,48,5,1,5,1,33,22,59,0,0,1
21,CSE,3,7.54,71.02,216,33,5,2,2,1,63,25,58,1,1,1
23,AIML,2,7.25,68.69,343,12,9,1,4,5,87,10,53,0,1,0
21,ECE,3,9.39,82.52,133,60,8,2,3,1,22,21,38,1,1,1
21,ECE,2,7.47,68.79,165,37,10,0,3,4,31,33,54,1,1,1
22,Chemical,3,6.02,77.39,77,35,1,1,4,1,9,29,50,0,0,1
22,CSE,2,7.98,77.21,195,44,7,2,5,2,51,12,48,0,1,1
21,CSE,3,7.4,72.49,198,29,3,0,3,3,57,15,42,0,0,1
21,Civil,3,9.11,80.05,230,62,6,1,2,5,30,24,39,0,1,1
21,Civil,2,7.49,77.7,107,44,1,0,2,1,16,25,45,0,0,1
21,AIML,3,6.2,79.13,151,23,3,0,4,3,60,14,54,0,0,1
21,IT,3,8.79,81.0,215,47,5,3,5,3,57,22,43,0,1,1
22,EEE,1,8.01,77.1,261,63,3,3,5,0,34,15,39,0,1,1
21,AIML,3,6.86,78.4,167,33,6,0,10,2,71,26,42,0,1,1
21,Civil,3,9.27,69.74,175,47,2,1,2,2,34,30,39,1,1,1
21,AIML,3,7.32,69.68,270,57,4,0,4,1,82,17,59,0,1,0
25,CSE,3,6.88,70.98,167,67,4,1,6,4,61,24,53,1,0,1
20,ECE,3,8.16,70.03,95,32,5,3,2,6,28,22,56,0,1,1
20,Mechanical,1,8.57,82.55,195,45,3,3,3,1,36,15,38,1,1,1
20,Chemical,1,8.53,77.54,249,45,4,2,4,4,43,24,48,0,1,1
22,EEE,2,8.64,69.79,162,59,5,3,4,1,17,27,50,1,1,1
21,CSE,3,5.73,59.7,159,51,3,1,3,4,53,4,37,0,0,1
21,EEE,3,8.06,75.77,92,40,1,0,4,1,11,35,49,0,0,1
20,CSE,2,7.57,78.87,343,17,3,1,2,4,84,25,44,0,1,1
23,CSE,3,7.47,74.55,163,39,4,5,5,0,72,0,37,0,1,1
21,AIML,2,7.07,90.86,230,36,5,1,6,2,64,5,60,0,1,1
21,CSE,2,7.14,71.54,171,51,1,0,7,4,64,5,48,0,1,1
19,IT,2,7.29,69.27,323,22,4,0,3,5,67,28,43,0,1,1
19,Mechanical,2,7.62,83.56,178,34,3,0,4,6,32,28,52,1,1,1
19,CSE,3,5.48,69.86,152,42,7,0,3,1,56,13,59,1,1,0
21,ECE,3,7.96,84.87,104,48,3,0,2,2,18,23,35,0,0,0
21,AIML,2,8.33,86.69,230,47,4,2,8,6,63,27,38,1,1,1
20,ECE,3,7.75,72.36,162,47,4,4,4,2,28,16,33,1,1,0
20,ECE,2,8.0,71.5,126,41,1,1,2,3,30,25,53,0,1,1
18,CSE,3,8.17,81.28,202,29,2,3,3,0,53,35,35,1,1,1
21,Civil,1,7.95,69.79,294,42,4,2,4,0,36,11,60,0,1,1
19,ECE,2,9.36,76.67,137,52,5,2,7,5,25,20,34,0,1,1
19,Chemical,3,7.35,60.01,103,64,6,2,3,1,20,18,61,1,0,1
18,Chemical,2,8.33,75.63,136,41,2,1,3,5,20,15,54,0,1,1
22,AIML,2,6.74,81.92,209,42,4,0,7,3,75,5,51,0,1,1
24,Civil,2,7.39,73.88,165,44,6,2,1,2,22,8,57,0,1,1
22,Mechanical,2,8.44,65.47,129,59,1,0,3,0,23,13,71,0,1,1
19,ECE,3,7.21,87.56,109,38,2,0,1,0,20,20,52,0,1,1
25,Mechanical,3,6.87,67.47,139,25,0,1,0,2,25,19,35,1,0,1
25,ECE,3,7.64,74.8,83,85,3,2,4,1,20,18,38,1,0,1
21,ECE,3,7.39,75.99,67,19,1,0,1,2,16,21,40,0,1,1
19,IT,3,6.56,77.08,164,25,4,2,4,1,51,9,74,0,1,1
22,Civil,1,7.42,77.08,174,36,3,1,2,0,31,10,53,0,1,1
24,Civil,3,7.54,73.15,209,64,0,3,4,1,27,20,67,0,0,1
22,CSE,2,5.44,67.32,142,20,2,0,3,7,41,10,47,0,0,1
22,EEE,2,7.54,69.24,145,26,3,2,3,5,21,30,41,0,1,1
21,CSE,2,6.73,64.27,238,40,8,0,5,3,70,10,45,1,1,1
25,Civil,3,7.13,70.68,105,54,4,2,2,1,16,13,40,0,1,0
19,AIML,2,6.42,81.4,188,16,2,2,0,2,60,20,62,0,1,1
20,CSE,2,7.19,65.59,264,45,8,0,4,1,64,5,48,0,1,1
23,Mechanical,3,8.88,69.16,155,53,2,2,0,1,22,25,65,0,0,1
20,EEE,1,6.88,73.28,170,25,1,0,4,0,29,22,69,0,1,1
21,IT,2,6.93,79.35,187,21,6,0,8,1,53,11,67,1,1,1
20,EEE,3,7.03,67.78,137,40,5,1,2,2,32,14,51,0,1,1
20,Mechanical,2,5.69,61.38,49,18,4,1,4,1,18,13,69,0,0,1
18,CSE,2,6.02,71.82,299,28,2,0,3,4,75,5,45,1,1,1
21,IT,2,7.96,76.65,241,59,2,1,6,3,64,5,68,0,1,1
21,ECE,2,6.99,82.99,89,40,0,0,2,1,21,7,64,0,0,1
21,EEE,1,9.27,88.1,206,46,3,3,3,4,38,40,64,0,1,1
20,EEE,1,6.94,63.37,171,64,4,0,1,2,32,26,67,1,1,1
24,ECE,3,8.92,71.31,132,54,6,3,6,0,22,21,39,0,1,1
21,EEE,2,6.0,50.0,131,23,4,1,2,1,22,9,59,0,0,1
24,CSE,3,7.2,74.4,233,46,4,1,0,3,64,18,49,0,1,1
21,IT,2,6.72,66.15,284,49,3,1,6,3,78,24,48,0,0,0
18,EEE,1,8.39,90.73,258,53,4,5,4,2,33,20,47,0,1,1
22,IT,1,7.18,69.47,364,51,4,3,5,2,79,27,51,1,1,1
23,Chemical,1,7.28,70.97,155,54,2,1,2,1,27,16,45,0,1,1
19,Chemical,2,7.4,68.76,120,37,1,1,4,2,21,9,50,0,0,0
22,IT,2,9.66,81.54,251,70,4,0,2,4,79,12,70,0,1,1
22,AIML,3,8.51,86.69,202,66,2,2,7,0,63,28,48,0,1,1
20,AIML,1,7.34,58.74,303,42,4,1,2,2,88,21,43,0,1,1
21,ECE,2,6.67,79.17,129,64,3,0,5,0,15,2,70,0,1,1
20,Chemical,1,6.99,58.62,154,31,2,0,4,1,22,0,67,1,1,1
18,AIML,3,6.39,68.39,177,29,4,1,3,3,47,18,39,0,1,1
23,IT,1,8.61,69.96,377,30,6,0,3,3,84,14,54,0,1,0
21,ECE,3,6.7,64.23,130,36,2,1,6,3,18,12,32,0,1,1
22,ECE,3,8.36,67.05,260,38,2,0,3,6,30,11,53,1,1,1
22,EEE,3,8.36,79.48,87,39,4,0,3,1,28,17,49,0,1,1
25,Mechanical,2,7.35,70.39,130,47,1,0,2,0,26,9,65,0,0,1
21,Mechanical,3,6.07,73.16,90,23,3,4,1,5,19,26,56,1,0,1
21,ECE,2,8.15,80.68,177,38,3,1,3,1,31,13,49,0,1,1
20,CSE,2,6.42,68.6,186,51,0,1,3,2,59,16,34,0,0,0
22,Mechanical,3,7.35,78.09,111,24,1,0,4,0,17,19,41,0,0,1
21,EEE,3,8.62,78.1,105,61,2,1,3,2,22,7,39,1,0,0
22,AIML,2,5.43,64.01,156,55,1,2,2,4,46,0,53,0,0,1
21,Civil,2,7.26,79.62,292,59,4,1,5,3,36,23,51,0,0,1
20,Mechanical,3,6.79,82.05,108,27,3,0,2,1,19,28,45,0,0,1
23,ECE,2,7.1,81.51,102,16,1,3,2,2,24,25,40,0,1,1
23,Chemical,2,6.29,58.2,132,28,3,0,3,5,14,10,47,0,1,1
21,Mechanical,3,9.11,79.6,123,43,2,1,5,3,22,10,49,1,1,1
22,Chemical,2,7.64,83.56,170,16,3,1,1,2,21,22,39,0,1,1
21,Mechanical,2,5.75,59.82,152,17,2,0,1,2,35,16,52,0,0,1
22,Mechanical,1,8.06,75.13,166,40,1,3,6,1,29,27,49,0,1,1
21,AIML,3,8.31,71.32,186,54,5,1,9,4,60,18,53,0,1,1
21,IT,2,7.43,75.67,205,43,4,2,4,6,66,1,63,0,1,1
19,EEE,2,8.88,98.88,255,47,3,1,5,2,34,15,51,0,1,1
20,Civil,1,5.97,69.05,275,39,1,1,1,1,29,18,53,0,0,1
22,Civil,1,8.72,76.72,192,49,5,1,4,2,35,29,52,1,1,1
21,CSE,2,7.28,88.88,185,37,1,2,5,2,66,4,40,0,0,1
19,Mechanical,2,6.74,72.94,65,11,3,1,2,2,17,18,54,0,0,1
20,AIML,1,8.42,72.55,295,35,4,1,5,0,71,13,37,0,1,1
21,Mechanical,2,8.15,64.53,161,46,5,0,6,2,37,29,51,0,1,1
22,IT,3,8.64,85.23,192,27,2,1,4,3,52,28,52,0,1,1
21,EEE,2,8.75,69.66,279,62,4,0,2,1,33,12,50,1,1,1
22,ECE,3,7.41,72.32,74,41,4,0,2,0,18,11,42,0,1,1
23,Civil,3,5.98,72.14,107,56,2,0,1,1,20,1,38,1,0,1
20,EEE,2,5.95,73.47,79,33,0,2,2,3,19,0,53,0,0,1
22,AIML,3,5.88,57.31,174,36,7,0,7,1,52,14,32,1,0,1
19,EEE,2,7.13,65.24,168,24,3,2,1,0,23,26,45,0,0,1
21,EEE,2,7.71,76.19,93,60,4,1,4,0,19,35,52,0,1,1
19,IT,2,7.97,64.38,193,50,5,0,5,2,58,5,59,0,1,1
19,AIML,3,7.84,79.84,244,42,3,1,3,2,74,23,43,1,1,1
19,Civil,2,6.8,62.41,81,44,3,2,2,5,18,23,41,0,0,1
19,CSE,2,8.66,75.65,305,46,6,0,4,3,84,8,86,0,1,1
23,CSE,3,8.72,74.31,198,36,9,0,7,5,58,31,49,0,0,0
21,EEE,3,6.49,76.28,92,26,2,1,2,0,12,8,40,1,1,1
24,IT,2,7.41,70.01,221,43,5,1,1,3,59,12,60,0,1,1
21,ECE,3,7.93,80.31,153,65,2,1,4,1,31,25,52,0,0,1
22,AIML,3,8.59,85.5,229,40,3,1,3,1,65,0,59,0,1,1
20,IT,2,8.01,75.31,232,52,4,2,4,3,80,31,42,0,1,1
21,IT,2,6.99,74.04,204,24,5,3,1,3,69,26,58,1,1,1
21,ECE,3,6.48,65.81,86,41,3,2,3,0,13,17,56,0,1,1
24,CSE,3,6.43,62.78,173,40,8,0,6,2,57,2,37,0,0,0
24,ECE,1,7.53,65.05,300,30,3,3,3,0,46,20,61,1,1,1
20,Mechanical,2,7.06,73.27,95,45,1,1,4,1,27,7,34,0,0,1
22,Mechanical,1,6.66,67.25,141,18,3,0,3,1,34,20,66,0,1,1
22,AIML,3,7.96,78.39,198,43,7,2,1,1,55,31,64,1,1,1
21,ECE,2,7.2,70.96,130,35,2,1,5,2,25,21,30,0,1,0
19,IT,2,7.87,71.64,220,59,7,0,6,4,77,16,41,0,1,1
22,CSE,1,6.64,69.87,275,31,6,4,3,2,79,22,37,0,1,1
22,ECE,2,8.36,61.82,129,61,2,1,1,3,19,15,80,0,1,1
20,Mechanical,3,8.06,82.17,117,59,0,2,5,0,22,12,67,0,0,1
21,Chemical,3,8.33,74.11,96,71,3,0,7,0,25,12,50,0,0,1
19,CSE,2,7.4,70.89,240,7,5,0,6,2,68,21,53,0,1,1
24,ECE,3,7.15,83.99,93,42,2,1,5,1,14,7,51,0,1,1
19,Chemical,2,8.03,73.44,169,61,7,1,5,0,27,36,59,0,1,1
20,ECE,3,8.45,81.12,103,51,1,1,3,1,18,31,61,0,0,1
20,Civil,2,7.48,60.12,122,40,2,1,2,0,17,24,65,0,0,1
23,Mechanical,3,6.02,64.78,140,37,4,1,6,0,26,6,51,0,0,1
22,Civil,3,6.96,80.31,92,28,1,1,0,1,13,23,52,0,0,1
18,Mechanical,1,8.9,84.55,247,69,4,1,4,1,39,15,47,1,1,1
20,CSE,3,8.01,80.3,188,42,5,0,1,2,53,9,51,1,1,1
22,Mechanical,2,7.76,69.14,113,37,1,0,5,2,18,6,50,0,0,1
21,CSE,3,6.99,73.95,248,7,2,1,5,4,55,23,53,0,1,1
18,Mechanical,3,8.8,75.41,315,58,2,1,5,0,43,21,45,0,0,1
24,IT,1,9.6,73.59,1028,76,14,2,2,2,85,5,41,0,1,1
20,Mechanical,3,7.37,79.74,110,58,2,1,3,1,21,20,60,0,0,1
21,CSE,3,7.76,76.19,223,55,3,3,2,2,81,22,58,0,1,1
20,CSE,3,7.72,82.02,200,39,4,1,2,3,50,20,35,0,1,1
22,CSE,1,7.08,80.41,246,12,3,3,2,5,67,19,47,0,1,1
22,IT,2,8.21,67.95,221,35,2,2,7,1,47,22,64,1,1,1
21,CSE,2,8.01,62.06,228,45,2,2,2,6,63,14,51,0,1,1
22,CSE,3,7.51,81.22,197,41,2,2,2,3,59,19,47,0,0,0
23,Civil,2,7.86,75.73,285,33,5,0,1,0,42,23,47,0,0,1
22,Mechanical,2,7.05,82.42,228,58,1,0,3,1,41,0,65,0,1,1
21,ECE,2,9.08,81.48,146,37,5,0,3,4,38,15,64,0,1,1
21,Mechanical,3,8.5,88.36,164,20,8,0,5,2,29,25,59,0,0,1
23,IT,3,6.8,77.1,135,46,4,0,2,3,55,8,60,1,0,1
19,Mechanical,2,7.37,76.32,125,48,2,1,2,0,24,19,63,0,1,1
18,ECE,3,8.33,73.87,159,42,3,0,1,0,33,11,54,0,0,1
20,CSE,2,8.07,72.16,256,40,4,3,4,3,68,14,62,1,1,1
23,EEE,3,7.47,61.43,100,37,4,2,4,1,19,18,31,0,0,1
20,Chemical,3,6.53,75.28,119,29,4,0,3,1,16,23,55,1,0,1
20,AIML,2,6.76,65.84,220,46,4,0,4,3,60,26,60,0,1,1
22,CSE,1,7.84,73.16,329,44,0,4,3,1,95,16,65,0,1,1
20,Mechanical,2,8.95,78.34,156,39,5,0,5,2,23,21,46,1,1,1
20,AIML,3,8.37,72.9,262,57,3,2,2,5,73,12,67,0,1,1
21,IT,2,8.06,77.05,253,60,5,2,2,1,54,23,45,0,1,1
20,CSE,3,8.01,58.49,269,44,4,3,2,5,70,31,55,0,1,1
25,CSE,2,5.58,68.02,164,28,1,2,2,1,66,11,61,0,1,1
20,Mechanical,3,7.64,79.07,126,54,4,1,3,2,30,12,59,0,0,1
23,Chemical,1,8.04,63.24,300,66,0,4,1,5,43,25,71,0,1,1
21,EEE,2,6.28,65.13,61,27,5,0,2,0,16,17,54,0,0,1
19,Civil,3,9.28,89.47,140,51,6,1,3,3,23,31,51,1,1,1
19,AIML,2,7.93,74.66,236,44,5,0,2,1,46,19,51,0,1,1
21,CSE,3,7.86,70.07,203,40,3,2,3,2,49,4,40,0,1,1
21,IT,3,6.74,76.92,221,37,5,1,6,2,66,8,42,0,1,1
20,AIML,2,7.76,66.75,181,82,4,1,2,3,51,23,75,0,1,1
24,EEE,3,7.51,66.6,235,36,4,0,2,0,28,12,35,0,0,1
21,Chemical,2,9.17,72.55,122,65,4,0,7,3,13,26,57,0,0,1
24,AIML,2,8.35,86.55,390,35,9,3,2,3,88,3,43,1,1,1
20,Civil,3,7.55,66.76,64,35,2,2,4,1,11,17,67,0,0,1
20,ECE,2,6.24,69.42,256,0,3,1,1,1,38,9,53,0,1,1
21,CSE,3,6.32,78.39,268,33,1,0,2,3,86,29,48,0,1,1
20,ECE,1,5.59,60.63,324,11,5,1,2,4,47,15,67,1,1,1
20,ECE,3,7.09,60.05,93,41,5,0,1,1,18,14,61,0,0,1
19,Mechanical,2,7.97,90.64,119,38,1,0,3,1,24,18,39,1,0,1
19,Mechanical,3,7.44,74.75,104,19,3,1,3,2,13,39,52,0,0,1
22,EEE,3,7.93,70.71,74,41,2,1,5,5,11,26,59,0,1,1
20,EEE,3,9.2,78.27,245,46,4,2,4,2,37,22,51,0,1,1
25,EEE,3,6.57,76.37,57,61,3,1,1,2,17,0,39,1,0,1
20,AIML,3,6.57,59.81,176,37,5,1,3,3,56,7,35,0,0,1
21,Chemical,2,7.63,71.01,103,24,1,0,3,2,24,27,58,0,0,1
21,AIML,2,6.2,75.56,142,37,4,0,8,3,59,21,67,0,1,1
21,EEE,2,7.47,84.46,184,46,7,1,6,1,28,12,73,0,1,1
23,Mechanical,2,7.14,83.31,106,32,3,2,2,1,20,7,49,0,0,1
23,CSE,2,6.44,71.38,177,30,4,0,6,1,67,14,52,0,0,1
18,ECE,3,6.27,80.87,101,42,0,1,2,2,21,5,48,0,1,1
21,CSE,2,7.07,60.41,248,24,1,1,3,4,81,14,66,1,1,1
23,AIML,3,6.78,72.74,224,59,4,2,5,6,58,11,56,1,1,1
18,EEE,3,7.07,53.76,82,52,4,1,1,0,15,16,52,0,0,1
21,Civil,3,8.51,87.45,129,52,5,0,5,0,24,28,39,0,1,1
20,IT,2,8.41,80.07,209,30,5,4,6,5,73,12,38,1,1,1
21,Civil,2,7.86,87.81,106,59,2,2,3,2,26,21,48,0,1,1
21,ECE,3,7.95,71.1,95,27,5,0,2,0,31,15,44,0,1,1
21,Mechanical,2,6.66,61.65,98,38,2,1,2,1,11,12,53,1,1,1
23,Mechanical,3,7.9,80.94,81,40,2,1,1,0,21,8,50,0,0,1
21,EEE,2,6.67,70.17,165,44,5,1,5,2,23,15,29,0,0,1
23,ECE,3,7.87,82.98,114,39,1,2,7,0,26,19,49,0,0,1
22,EEE,3,8.93,84.12,133,34,6,0,4,2,27,40,41,0,0,1
21,Mechanical,2,8.37,74.61,283,37,5,1,4,1,39,31,58,1,1,0
21,Civil,2,8.28,76.27,111,40,5,0,1,0,12,34,52,0,0,1
21,ECE,3,6.47,69.02,124,48,1,0,1,0,31,15,64,1,0,1
23,Civil,2,7.52,74.26,182,41,7,1,3,4,25,22,50,0,1,1
20,IT,2,7.77,71.27,234,27,5,4,8,3,60,21,44,0,1,1
24,Mechanical,3,8.28,80.76,127,55,2,1,5,1,28,11,65,0,1,1
21,EEE,2,6.93,59.97,108,44,2,1,2,1,24,20,57,0,1,1
21,CSE,2,7.46,60.28,235,30,1,2,7,5,66,39,46,0,1,1
21,ECE,3,8.78,74.91,220,36,2,1,8,3,34,24,56,1,1,1
21,Mechanical,2,7.6,69.88,91,37,5,2,3,2,16,15,54,0,1,1
22,Mechanical,3,5.49,63.85,173,20,1,0,1,1,26,0,45,0,0,1
22,ECE,3,6.44,79.29,198,44,3,0,3,2,33,13,54,1,0,1
20,Mechanical,2,6.99,73.25,199,38,1,1,4,1,29,9,40,0,0,1
21,Civil,3,6.54,76.35,161,21,4,0,1,1,31,3,48,0,0,1
21,CSE,2,7.78,78.51,285,43,4,2,7,2,82,13,64,0,1,1
22,AIML,3,8.38,87.38,181,46,3,1,8,2,50,31,36,0,1,1
21,Chemical,3,8.54,72.82,194,34,5,0,5,2,23,10,44,0,1,1
20,AIML,2,8.75,82.0,268,42,5,0,7,2,76,8,55,0,1,1
22,Civil,2,7.06,71.06,81,42,1,0,1,3,16,4,56,0,0,1
21,ECE,3,7.22,65.33,136,55,5,0,1,0,24,3,65,0,0,1
21,IT,3,7.33,64.93,271,48,9,2,2,2,86,8,36,0,1,1
22,Mechanical,2,10.0,80.43,254,45,4,0,0,2,38,43,39,0,1,1
22,Mechanical,3,7.76,82.2,138,60,3,1,3,2,26,13,54,0,1,1
22,AIML,2,7.45,69.75,272,34,3,2,3,3,80,18,70,0,1,1
20,CSE,3,6.65,67.73,202,42,4,0,7,4,70,6,28,0,0,1
19,Mechanical,3,8.45,72.15,158,61,4,0,5,2,30,14,44,0,0,1
22,Mechanical,2,6.51,62.41,58,40,2,0,4,1,16,17,46,0,0,0
20,CSE,2,7.79,71.51,183,35,2,1,5,4,54,34,53,0,1,1
19,CSE,3,7.35,81.43,173,43,2,0,5,2,44,17,47,0,1,0
20,EEE,2,7.28,75.13,208,43,6,0,1,4,36,18,49,0,1,1
20,EEE,3,9.04,74.92,140,35,4,3,3,3,24,23,53,1,1,1
25,Mechanical,2,8.03,73.04,144,39,3,0,0,0,27,25,43,0,0,1
20,Civil,1,8.69,80.14,364,56,4,1,2,4,41,23,71,0,1,1
20,EEE,3,6.41,66.28,81,28,2,2,2,3,23,12,63,0,0,1
24,EEE,3,8.29,82.75,90,35,3,1,4,3,23,19,66,0,1,1
24,ECE,3,8.6,86.17,207,22,5,1,4,1,32,20,54,0,1,1
20,ECE,3,7.64,66.34,98,20,4,2,3,2,22,19,47,0,0,1
23,Chemical,3,7.02,70.34,95,65,0,1,0,4,22,13,43,0,0,1
20,CSE,3,6.71,74.27,224,23,4,0,5,2,69,3,33,0,0,1
22,ECE,2,7.57,83.32,181,31,4,2,1,3,30,26,41,0,1,0
18,AIML,3,7.23,54.87,255,53,6,1,4,2,68,27,54,1,1,1
21,Mechanical,2,7.04,68.04,149,24,3,0,2,0,26,16,40,0,0,1
20,Mechanical,2,7.95,57.61,286,37,3,1,2,0,33,30,42,0,1,1
22,AIML,3,7.57,79.52,209,53,2,1,2,1,62,6,48,1,1,1
18,Mechanical,3,7.07,72.64,103,39,0,2,3,4,24,9,34,0,0,0
21,EEE,1,7.49,81.14,165,22,2,2,3,2,27,29,73,1,1,1
22,Chemical,2,6.09,67.82,60,24,5,0,2,4,11,15,59,0,0,0
19,Mechanical,1,7.65,72.88,361,53,2,1,7,1,36,24,77,0,1,1
23,Mechanical,2,6.48,73.25,86,30,2,0,1,0,15,11,55,0,0,1
21,CSE,2,7.21,73.63,179,38,3,1,3,3,59,14,59,0,1,1
20,Chemical,1,8.04,72.04,205,43,3,2,3,2,24,27,40,0,1,1
20,Mechanical,2,5.96,75.19,90,46,1,2,2,2,15,14,41,0,0,1
20,Civil,2,7.29,81.08,108,28,3,1,2,2,20,0,49,0,0,1
20,Mechanical,3,7.68,76.81,81,21,3,0,2,2,17,10,45,0,0,1
21,Civil,2,6.22,79.58,56,43,2,2,0,2,11,14,38,0,1,1
22,EEE,1,7.25,83.52,141,20,6,3,0,0,24,25,53,0,1,1
21,CSE,2,6.39,66.25,234,15,4,2,2,2,62,15,77,0,1,1
21,ECE,3,8.11,76.05,111,56,1,0,3,1,28,17,59,0,0,1
22,AIML,3,6.83,74.45,234,30,2,3,5,3,76,5,46,0,1,1
20,IT,3,6.79,60.5,165,37,3,2,5,3,61,16,53,1,1,1
22,AIML,2,8.24,77.06,273,17,6,0,5,4,69,22,52,0,1,1
23,EEE,3,7.15,71.91,128,46,4,0,2,3,24,14,45,0,1,1
20,Mechanical,3,8.9,73.24,126,35,3,0,4,4,29,33,43,0,1,0
21,Civil,1,8.21,77.96,263,58,5,0,6,2,42,22,49,1,1,1
24,Civil,3,7.75,68.13,124,41,5,1,6,4,24,34,54,0,0,1
21,CSE,3,7.77,63.95,170,52,2,1,8,3,61,5,57,0,1,1
25,Mechanical,3,8.46,60.3,143,51,8,1,4,2,17,40,45,1,1,1
20,Chemical,3,4.71,52.98,66,21,0,0,1,1,24,19,36,0,0,1
21,Mechanical,2,8.09,67.33,104,35,2,0,5,1,27,28,50,0,1,1
20,CSE,2,6.81,71.9,224,26,2,0,2,2,65,12,59,0,1,1
18,Chemical,2,6.5,72.98,97,49,2,0,2,1,22,22,48,0,0,1
25,ECE,2,7.38,69.3,183,16,4,2,2,2,20,8,60,0,1,1
20,EEE,3,7.28,77.43,153,21,3,2,6,3,26,32,65,0,1,1
25,AIML,3,5.86,70.85,191,26,7,1,3,2,50,7,37,0,0,1
22,Civil,2,6.49,64.35,112,5,4,1,3,1,14,30,52,0,0,1
23,Civil,3,6.15,62.83,74,27,0,0,1,1,20,11,45,0,0,1
24,Mechanical,2,6.79,80.19,99,36,5,1,3,1,25,8,62,1,1,0
21,AIML,2,7.93,71.58,213,54,2,3,1,4,64,21,36,0,1,1
25,CSE,1,7.43,85.81,289,58,4,4,5,1,89,14,54,1,1,1
22,Chemical,3,7.59,65.28,160,20,4,1,4,2,36,5,55,0,0,1
21,Civil,2,6.83,69.92,104,38,2,1,2,4,25,24,58,0,0,1
22,Civil,1,8.91,67.69,363,60,3,1,4,1,43,24,61,1,1,1
20,Mechanical,2,7.11,58.64,85,42,3,0,1,1,22,14,43,0,0,1
18,CSE,2,8.26,71.45,215,51,8,2,4,2,72,11,48,0,1,1
20,ECE,3,7.4,78.52,174,33,6,0,2,3,23,16,61,0,0,1
21,CSE,2,6.84,67.18,283,31,3,2,5,3,64,14,54,1,0,0
20,ECE,2,9.34,83.75,206,41,2,2,4,3,34,32,64,0,1,1
21,CSE,1,8.8,71.76,287,53,2,1,1,3,70,11,68,1,1,1
22,ECE,3,7.17,82.16,158,54,1,0,1,3,29,26,33,0,0,1
22,Mechanical,1,8.53,71.28,274,53,6,1,4,2,40,27,52,1,0,1
23,Civil,2,7.49,84.02,206,27,4,1,8,2,24,8,39,0,1,1
24,CSE,2,7.27,73.37,263,27,6,1,3,0,68,6,42,0,1,1
23,Civil,3,6.75,64.11,75,20,3,1,4,2,17,20,69,0,0,1
22,CSE,3,7.34,67.22,241,24,1,0,8,3,75,14,61,0,1,1
20,Chemical,1,8.02,78.09,167,45,2,2,1,4,30,0,42,0,1,1
24,ECE,3,7.53,65.88,78,25,2,0,1,3,29,18,46,0,0,1
20,CSE,3,7.84,76.78,203,33,2,0,7,8,80,11,36,0,0,1
20,Mechanical,3,7.33,68.1,117,51,1,0,1,3,29,23,45,0,0,0
20,CSE,2,6.39,62.56,154,28,1,2,1,1,53,17,55,0,1,1
21,EEE,2,7.84,68.86,176,39,1,0,2,2,27,20,62,0,1,1
22,Mechanical,3,6.73,60.25,93,34,4,0,2,1,21,0,55,0,0,1
18,ECE,1,6.33,70.8,184,38,3,1,5,3,25,7,58,1,0,1
22,Mechanical,2,7.28,74.34,155,34,6,4,0,2,23,3,49,0,1,1
20,EEE,3,6.87,66.29,95,9,1,0,3,1,17,19,35,0,0,1
20,CSE,3,6.6,65.18,140,33,2,0,5,3,51,18,56,0,1,1
20,Mechanical,1,6.61,60.23,138,26,1,0,3,2,21,18,49,1,1,1
20,Chemical,3,7.55,69.25,115,63,2,0,1,2,20,38,38,0,0,1
22,IT,3,6.75,74.3,208,19,3,1,4,1,65,8,40,0,0,1
19,CSE,3,6.52,65.47,194,42,3,0,4,3,41,12,56,0,1,1
20,AIML,2,7.8,76.17,310,38,5,2,4,2,84,22,58,0,1,1
18,EEE,2,7.28,76.9,110,69,3,1,3,3,24,3,67,0,1,1
22,Chemical,2,7.76,65.99,158,49,5,3,2,2,37,24,38,0,1,1
25,Mechanical,3,7.17,87.79,123,59,3,0,4,2,26,16,38,0,0,1
22,Mechanical,2,7.75,80.71,142,7,5,0,3,3,31,20,23,1,0,0
21,IT,3,6.06,66.39,235,29,8,1,2,0,77,0,51,0,1,1
23,EEE,1,9.57,64.52,1189,79,11,2,1,0,87,25,36,0,1,1
20,IT,1,6.23,62.27,268,42,5,1,2,2,78,11,60,0,1,1
19,CSE,2,8.17,89.34,232,49,6,5,4,3,85,38,49,1,1,1
21,ECE,3,7.2,75.72,116,46,2,0,6,1,25,25,38,1,0,1
20,ECE,2,9.3,75.47,272,51,6,2,5,0,39,28,60,0,1,1
21,Civil,2,7.5,70.39,236,52,3,3,3,2,30,34,46,0,1,1
21,Mechanical,2,8.03,85.07,134,43,3,2,3,3,35,10,49,0,0,1
20,ECE,2,5.7,70.79,89,21,6,0,2,1,15,9,46,0,0,1
21,ECE,1,8.77,74.84,199,49,3,2,2,0,32,15,46,0,1,1
21,Mechanical,2,7.86,63.21,108,58,4,0,3,1,13,17,42,0,0,1
19,AIML,2,5.94,67.25,187,37,1,1,3,2,62,26,43,0,1,0
23,IT,3,6.74,75.33,264,40,4,0,6,5,53,19,82,1,1,1
22,Civil,2,7.2,76.12,82,45,2,1,5,1,20,19,60,0,1,1
19,Mechanical,2,8.39,69.32,226,48,0,1,4,2,42,33,46,1,1,1
19,Chemical,2,7.23,72.63,193,33,2,0,1,0,34,24,39,0,0,1
19,Civil,3,6.22,73.46,62,34,5,1,0,1,11,26,53,1,0,1
19,Mechanical,3,6.93,81.81,123,7,2,0,4,0,22,15,51,0,0,1
19,AIML,1,8.18,73.27,284,12,4,3,5,4,92,22,58,0,1,0
20,ECE,2,7.37,85.8,205,48,5,0,4,0,38,13,66,0,1,1
23,IT,2,8.03,78.88,315,29,4,2,2,1,91,14,58,0,1,1
23,IT,1,5.65,63.67,207,13,5,5,3,7,50,16,56,1,1,1
22,Mechanical,2,9.02,71.46,144,52,4,2,5,1,24,20,35,1,1,1
21,IT,2,7.44,58.21,231,38,3,2,5,2,65,13,67,1,1,1
22,CSE,3,7.59,66.96,206,43,4,2,4,3,76,16,55,0,1,1
22,IT,3,8.06,86.0,311,30,3,2,3,1,74,35,49,0,1,1
23,Mechanical,2,8.55,73.92,159,52,2,1,1,2,25,27,48,1,0,1
22,ECE,2,8.45,65.33,127,39,2,1,1,0,16,20,41,0,1,1
22,CSE,2,6.8,65.57,219,51,7,1,4,1,50,29,49,0,1,1
22,EEE,3,5.9,68.89,96,24,2,0,0,2,18,0,64,1,0,1
21,CSE,2,7.9,72.57,205,48,3,1,4,6,61,25,45,0,1,1
20,CSE,3,8.34,79.04,196,35,2,1,6,1,53,18,54,1,1,1
19,IT,2,7.91,72.66,256,67,4,0,6,2,80,26,47,0,1,1
21,Mechanical,2,5.71,63.79,144,27,4,2,1,1,31,21,40,0,1,1
19,CSE,2,9.23,78.76,353,54,2,5,8,2,97,35,41,0,1,1
20,AIML,3,6.89,63.8,169,47,5,0,6,2,52,25,32,1,1,1
18,AIML,2,8.22,77.19,226,40,6,0,3,5,63,30,63,0,1,1
20,Civil,2,5.87,61.49,103,60,4,2,0,1,25,8,73,0,1,1
24,AIML,3,8.53,75.65,198,58,6,3,10,3,79,22,50,1,1,1
21,EEE,3,8.19,78.08,126,26,2,3,1,4,22,27,56,0,1,1
20,CSE,3,6.97,69.41,172,42,5,1,5,0,58,11,42,0,1,1
21,Mechanical,2,8.59,76.95,207,55,7,1,5,2,30,32,46,0,0,1
20,AIML,3,7.5,78.47,192,49,4,1,6,7,73,17,42,1,1,1
22,ECE,2,8.2,70.84,205,30,1,0,4,1,34,25,44,0,0,1
22,IT,2,7.39,85.08,219,36,5,1,5,2,61,11,45,0,1,1
18,EEE,2,6.89,62.85,85,49,4,2,2,1,20,25,48,0,1,1
21,AIML,2,9.04,87.17,219,42,6,2,5,1,61,27,66,0,1,1
19,CSE,1,8.15,78.73,418,31,9,3,9,4,99,14,63,1,1,1
22,ECE,2,6.32,73.14,124,21,1,1,0,1,29,0,47,0,0,1
24,Chemical,2,7.62,81.12,107,32,1,0,2,1,16,23,57,0,0,1
23,Civil,2,8.09,75.69,148,18,3,2,4,2,20,17,57,1,0,1
20,Chemical,2,8.44,78.09,193,33,1,1,3,1,35,19,35,0,1,1
22,ECE,2,9.32,80.1,152,55,0,4,3,4,27,8,35,1,1,1
22,ECE,1,8.28,82.23,182,59,6,3,5,0,23,22,55,0,1,1
23,Mechanical,3,6.73,78.53,75,30,4,1,4,2,22,11,53,0,0,1
20,IT,1,7.56,74.0,284,42,3,2,6,4,84,12,56,1,1,1
21,CSE,2,8.61,74.88,241,45,5,3,3,2,64,28,61,0,1,1
20,CSE,3,6.76,64.14,159,32,4,1,2,1,51,14,66,1,1,1
18,Chemical,3,7.52,75.28,246,25,3,0,5,2,23,18,52,1,0,1
22,Mechanical,3,6.94,68.65,86,19,1,1,4,2,17,14,40,0,0,1
21,AIML,2,7.23,60.51,253,54,1,0,4,4,56,29,63,0,1,1
20,Mechanical,3,7.15,71.8,172,36,1,1,5,0,30,4,41,0,0,1
23,Mechanical,2,7.69,74.8,152,49,3,0,2,2,29,10,34,0,1,1
21,ECE,3,7.23,78.54,105,38,2,0,0,1,29,24,59,0,0,1
25,CSE,2,6.13,69.24,161,48,5,2,7,3,66,0,76,0,0,1
22,Mechanical,1,8.79,70.7,179,30,3,2,8,2,37,29,74,0,1,1
23,AIML,2,8.44,83.94,235,42,2,4,2,0,60,9,37,0,1,1
22,AIML,1,7.93,60.57,308,36,5,3,5,2,77,13,50,1,1,1
19,ECE,3,8.42,65.91,167,35,3,0,3,0,25,27,31,0,1,1
19,AIML,2,8.13,73.9,240,14,5,2,3,1,57,24,57,0,1,1
23,Mechanical,3,8.03,73.18,189,43,3,0,4,2,28,29,61,0,0,1
20,AIML,2,7.78,72.82,259,48,5,0,6,0,65,11,65,0,1,1
21,Mechanical,1,8.4,70.63,241,64,4,3,1,3,32,20,50,0,1,1
21,ECE,3,6.48,76.93,122,28,3,2,2,1,25,23,53,0,1,1
20,ECE,3,7.07,70.76,82,22,4,1,5,1,11,22,36,0,0,1
20,CSE,1,6.51,60.73,313,20,4,3,4,4,62,26,51,1,1,1
21,CSE,3,6.34,72.37,188,23,5,1,3,2,51,19,66,0,0,1
21,AIML,3,8.41,70.88,195,47,5,1,6,2,60,17,51,0,1,1
22,IT,3,7.71,67.43,170,28,3,2,5,0,47,25,46,0,1,1
19,CSE,2,7.08,71.45,281,37,4,1,7,1,80,8,40,1,1,1
21,ECE,3,6.53,81.55,119,19,1,0,1,1,20,12,33,1,0,1
20,EEE,2,6.33,54.44,75,30,2,0,2,1,14,15,48,0,1,1
21,Mechanical,2,6.47,58.54,125,59,3,1,1,1,18,8,67,1,0,1
19,ECE,1,7.22,66.03,256,41,3,0,2,1,31,0,65,0,1,1
20,IT,2,5.09,77.19,141,12,1,0,5,6,43,13,57,0,0,1
22,Chemical,3,8.12,67.4,81,79,2,0,4,2,24,22,57,0,1,1
20,ECE,1,8.02,82.1,166,56,7,0,4,2,22,28,53,1,1,1
22,AIML,1,8.11,81.18,407,52,5,0,4,0,100,20,52,1,1,1
20,CSE,2,8.04,82.72,188,39,2,2,6,2,73,14,47,0,1,1
20,CSE,2,7.47,66.68,184,50,7,1,3,2,66,6,37,0,1,1
20,Mechanical,2,7.68,74.39,159,50,6,1,1,2,31,14,57,0,0,0
23,CSE,3,7.31,77.46,175,26,1,1,3,4,50,13,62,0,1,1
21,IT,1,8.98,80.66,345,62,5,2,4,5,89,21,53,1,1,1
20,CSE,3,6.58,90.09,194,45,1,1,3,0,58,20,58,0,1,1
21,IT,3,8.06,88.34,250,42,2,3,3,4,68,10,42,0,1,1
21,EEE,2,6.58,78.49,126,26,2,0,4,0,24,15,59,0,1,1
22,AIML,2,6.51,75.11,209,51,5,2,4,0,57,20,59,0,1,1
25,CSE,1,6.49,75.61,217,28,3,4,5,2,54,15,48,0,1,1
21,Civil,2,5.86,75.79,42,30,0,1,1,4,12,19,54,0,0,1
21,Mechanical,2,7.71,86.51,276,26,4,2,3,2,39,21,49,0,1,1
20,Chemical,2,6.62,65.16,94,20,1,0,3,0,25,23,33,0,0,1
25,CSE,2,7.77,82.73,291,65,2,1,3,3,73,14,46,0,1,1
21,Mechanical,2,8.89,79.9,153,67,6,3,2,3,28,13,66,0,1,1
20,AIML,3,6.96,79.24,286,51,1,1,5,6,57,13,51,0,1,1
24,ECE,1,8.06,76.05,231,47,1,2,4,5,20,17,66,0,1,1
24,Mechanical,3,8.23,72.87,180,26,5,0,5,2,38,19,51,1,1,1
21,CSE,2,7.75,71.45,204,46,4,3,4,4,64,26,66,0,1,1
20,ECE,2,7.61,74.88,223,46,0,3,4,2,32,10,51,0,1,1
22,AIML,3,5.92,72.37,141,30,0,2,3,5,60,19,49,0,1,0
23,CSE,3,7.45,70.69,182,48,2,2,4,2,46,16,52,0,1,1
21,Mechanical,3,7.87,64.72,226,67,2,2,4,2,35,28,51,0,1,1
20,AIML,3,8.89,82.9,218,41,2,1,8,6,67,34,38,0,1,0
20,ECE,1,7.44,72.79,141,43,2,1,3,5,26,22,49,0,1,1
20,Mechanical,2,8.54,62.56,105,33,3,3,7,0,25,23,60,0,1,1
19,ECE,2,6.97,60.89,83,44,0,0,2,2,20,21,39,1,0,1
22,CSE,3,8.14,77.86,230,40,7,1,2,3,79,12,77,0,0,1
19,CSE,3,6.64,75.65,142,36,3,1,6,2,40,21,63,0,1,1
21,IT,2,7.61,81.96,224,30,8,0,1,1,71,17,55,0,1,1
23,Chemical,3,6.79,67.95,80,27,3,2,1,2,21,7,40,0,0,1
21,Chemical,2,7.51,69.37,106,7,8,1,5,1,18,22,79,0,1,1
20,ECE,3,7.35,77.23,110,39,4,0,6,1,25,9,41,0,0,1
24,IT,2,7.58,68.09,249,35,4,2,4,2,74,27,60,0,1,1
19,EEE,3,6.67,65.43,87,37,3,1,1,2,27,13,57,0,0,1
23,Civil,1,7.71,75.85,164,40,2,1,3,1,32,17,58,1,1,1
19,EEE,3,7.64,76.19,157,49,3,1,2,2,13,14,39,0,1,1
21,Mechanical,2,7.22,76.77,110,60,3,3,3,3,20,7,43,1,1,1
22,CSE,3,6.61,71.77,196,23,3,2,4,3,67,15,34,1,1,1
21,Civil,1,7.11,65.58,315,46,2,1,5,3,36,11,59,0,1,1
21,ECE,3,8.19,73.53,116,31,3,1,5,4,27,8,29,1,0,1
20,ECE,3,7.36,73.92,133,33,5,0,1,1,22,14,21,0,0,1
21,AIML,2,8.69,86.49,221,45,3,0,6,5,64,26,69,1,1,1
20,CSE,2,7.29,77.99,204,48,6,2,1,5,66,35,35,0,0,1
22,IT,2,7.37,74.6,243,22,3,1,5,2,58,3,48,0,1,1
21,Chemical,2,7.96,79.83,101,24,4,4,5,0,15,26,56,0,1,1
21,ECE,1,8.22,85.18,298,44,2,2,4,2,38,29,63,0,1,1
19,IT,3,8.49,67.95,235,5,2,0,7,4,69,22,73,0,1,1
21,CSE,3,5.51,67.72,200,40,6,1,5,4,68,8,66,1,0,1
21,CSE,2,7.9,63.78,198,50,3,4,7,4,51,12,63,0,1,1
20,EEE,1,6.84,71.87,143,34,0,2,2,1,33,27,52,0,1,1
22,Chemical,3,7.24,69.7,95,47,1,1,3,1,18,0,46,0,0,1
19,ECE,3,6.4,79.84,95,8,2,0,4,1,25,13,45,0,1,1
20,AIML,3,7.53,82.09,305,47,4,0,6,4,97,22,47,0,1,1
22,IT,3,6.44,84.85,223,41,5,0,4,2,68,8,41,0,1,1
20,ECE,2,5.88,66.83,165,6,3,1,4,3,12,1,57,1,0,1
20,Mechanical,3,6.36,72.09,74,33,4,0,2,1,16,5,63,0,0,1
22,ECE,2,8.47,76.7,131,40,2,1,3,2,27,22,79,1,1,1
22,Chemical,2,8.07,85.02,151,17,2,1,2,1,36,15,58,0,0,1
19,EEE,2,8.58,77.24,110,42,4,3,3,2,28,35,54,0,1,0
19,CSE,3,5.68,61.49,135,35,3,1,2,0,34,16,57,1,1,1
21,CSE,3,8.86,66.45,420,18,5,1,3,4,90,11,31,0,1,1
21,ECE,3,9.37,88.82,204,58,6,0,8,4,33,23,57,0,1,1
21,Mechanical,2,6.61,73.46,124,49,3,2,4,2,27,20,51,0,1,1
22,ECE,2,7.82,76.37,92,24,2,2,4,4,23,15,47,0,1,1
22,Mechanical,3,6.82,82.6,161,16,3,0,3,2,26,17,39,0,0,1
24,CSE,3,8.01,76.67,214,56,6,1,8,2,59,21,56,0,1,1
20,IT,3,8.75,67.63,301,41,1,2,4,1,79,21,53,0,1,1
20,CSE,3,6.51,62.09,178,48,2,3,6,3,57,9,48,1,1,1
20,IT,2,6.38,74.66,188,33,1,2,6,4,69,8,41,0,1,1
20,ECE,2,7.28,78.3,110,20,5,1,4,1,13,18,64,0,1,1
21,Chemical,2,10.0,97.66,166,38,4,5,2,2,21,30,43,0,1,1
23,ECE,2,8.21,76.87,136,70,2,1,2,4,24,26,49,0,1,1
20,IT,2,7.92,88.73,244,19,5,3,4,2,50,22,39,0,1,1
20,Mechanical,3,8.22,68.73,269,38,5,2,0,2,41,19,40,0,1,1
21,Mechanical,3,8.34,71.85,80,33,1,0,4,0,14,7,28,0,0,1
25,CSE,2,7.78,67.6,214,15,3,0,3,2,47,25,27,0,1,1
20,Mechanical,2,7.46,75.76,177,46,3,3,1,0,26,33,69,0,1,1
22,ECE,3,6.86,80.79,120,23,4,1,2,1,23,2,50,0,0,1
23,ECE,3,7.54,73.32,97,47,4,3,4,4,16,10,53,0,1,1
21,Chemical,2,8.47,70.94,166,44,9,1,5,0,32,13,50,0,1,1
21,Mechanical,2,8.42,81.81,122,53,2,2,2,1,17,22,65,1,1,1
21,Mechanical,2,7.03,72.06,170,6,2,0,1,3,31,15,53,1,1,1
20,Civil,2,7.4,78.67,151,34,1,2,2,2,23,31,49,0,0,1
21,EEE,1,6.73,71.38,171,46,4,1,6,0,21,26,63,0,1,1
19,CSE,2,8.41,76.73,290,38,8,2,6,1,66,19,46,0,1,1
22,IT,1,8.19,90.86,336,39,5,3,7,4,87,29,44,1,1,1
23,Mechanical,2,7.27,66.35,197,22,3,0,3,2,33,13,58,0,1,1
20,CSE,2,7.14,76.23,235,35,3,0,7,2,69,19,45,0,1,1
21,Chemical,3,6.53,76.38,168,19,5,0,1,4,29,15,54,0,0,1
20,CSE,1,7.82,82.87,336,37,3,4,5,4,89,16,69,0,1,1
19,ECE,2,8.77,70.85,108,34,4,1,5,4,19,23,55,0,1,1
22,CSE,1,7.08,75.87,237,51,3,2,9,3,74,11,48,1,1,1
20,Mechanical,2,6.33,67.36,130,44,3,1,1,2,32,21,65,0,0,1
22,EEE,2,7.6,74.23,153,25,3,2,2,1,20,10,59,0,1,1
20,IT,1,8.76,75.37,397,79,6,2,5,4,90,35,48,0,1,1
22,CSE,3,8.17,72.85,236,47,4,2,4,2,76,19,44,0,1,1
21,ECE,2,8.53,88.55,124,50,1,2,4,1,23,15,65,0,0,1
21,IT,2,7.06,80.08,184,56,4,1,9,4,68,29,59,0,1,1
22,CSE,3,8.1,66.56,282,49,3,1,7,2,80,14,69,0,1,1
21,CSE,3,7.67,72.94,229,29,4,1,4,2,83,14,53,0,1,1
20,Civil,3,7.13,72.24,120,15,1,1,6,3,29,11,51,0,0,1
23,IT,3,7.37,83.44,176,0,6,2,8,4,51,11,47,0,1,1
20,CSE,3,8.05,67.95,230,70,10,2,5,3,62,18,59,1,1,1
19,CSE,2,7.99,70.99,254,45,3,1,5,7,60,11,34,0,0,1
21,EEE,3,7.82,70.03,93,46,5,0,4,0,20,14,34,0,0,1
21,IT,3,7.92,61.81,177,50,4,0,4,7,48,26,69,0,1,1
21,CSE,1,7.41,60.24,353,31,7,0,6,3,93,15,53,0,1,1
23,CSE,1,6.62,73.12,314,41,4,1,3,1,80,18,55,0,1,0
21,CSE,1,7.16,67.79,280,19,8,3,4,2,75,18,73,0,1,1
20,Mechanical,2,8.25,78.09,137,46,2,0,3,3,26,0,42,0,0,1
20,Civil,1,6.54,59.73,226,44,7,3,0,0,41,7,64,1,1,1
19,Civil,2,7.51,66.09,221,27,4,0,4,1,24,18,55,0,0,1
22,ECE,2,7.63,71.44,117,79,4,1,6,4,28,38,59,0,1,1
19,IT,2,8.12,65.58,194,25,4,1,7,6,64,25,58,0,1,1
21,IT,2,6.42,68.43,179,41,3,1,1,0,61,9,64,1,1,1
21,Mechanical,2,5.59,65.67,65,28,3,0,3,4,21,5,65,1,0,1
22,Mechanical,3,6.87,69.15,101,55,2,0,1,3,31,25,38,0,0,1
19,Chemical,2,7.98,65.91,153,39,1,2,3,2,27,21,48,1,0,1
20,Chemical,3,8.53,85.51,100,33,2,2,0,0,22,19,33,0,0,1
23,Mechanical,3,6.78,63.21,98,47,6,2,5,1,23,10,59,0,0,1
21,CSE,2,6.79,70.45,281,25,2,0,4,1,77,9,48,0,1,1
21,Chemical,1,7.96,74.24,245,54,2,1,6,1,34,24,60,0,1,1
22,CSE,3,9.12,79.38,219,32,5,2,5,2,68,28,44,0,1,1
23,AIML,2,7.89,65.53,222,33,2,0,10,3,64,28,60,0,1,1
20,Civil,1,8.21,78.13,237,32,4,0,0,1,37,22,56,0,1,1
23,ECE,3,9.01,73.9,171,30,2,0,2,4,35,13,69,0,0,1
19,AIML,3,8.14,79.73,180,26,3,1,7,5,62,6,37,0,1,1
25,ECE,2,7.64,80.74,86,61,2,0,5,0,21,17,46,0,1,1
20,Mechanical,2,6.55,71.25,174,63,3,1,2,1,27,29,51,1,1,1
20,AIML,3,7.41,69.68,244,14,6,1,4,6,54,27,23,0,1,0
19,ECE,1,8.36,87.95,393,62,3,1,4,1,59,24,71,0,1,1
22,AIML,3,6.46,73.54,158,40,5,3,4,4,54,24,40,0,1,1
25,IT,2,8.29,71.04,219,45,3,1,4,2,65,26,63,0,1,1
20,AIML,3,7.26,65.19,197,20,7,0,1,6,67,24,32,0,0,1
20,Mechanical,3,7.17,75.55,116,52,3,3,3,2,28,19,60,0,0,1
20,IT,3,6.56,68.62,146,10,1,0,2,6,54,21,45,0,0,1
20,ECE,3,7.65,66.72,93,38,4,1,5,1,23,9,39,0,0,0
22,Mechanical,2,8.08,76.4,198,33,5,1,3,3,27,13,56,1,1,1
19,CSE,2,6.59,62.28,208,31,4,3,3,1,76,14,43,0,1,1
24,EEE,3,7.79,75.47,99,60,0,2,3,0,29,6,41,1,0,1
24,IT,2,8.26,78.28,228,18,6,0,3,2,51,14,41,0,1,1
19,ECE,2,8.22,70.29,119,26,5,1,2,3,24,15,54,0,1,1
21,Mechanical,2,7.7,76.94,215,35,5,5,2,2,33,19,51,0,0,1
25,Chemical,2,7.23,67.74,117,52,2,0,2,4,22,18,55,0,0,1
23,Civil,1,7.53,73.77,146,48,3,2,3,0,22,14,69,0,1,1
22,Civil,2,6.32,59.23,161,57,2,2,3,1,24,12,45,0,1,1
18,CSE,2,6.97,72.8,207,39,4,1,3,2,60,23,56,0,1,1
19,ECE,3,7.1,80.08,126,42,3,0,0,2,27,17,53,0,0,1
22,Mechanical,2,6.81,61.2,131,27,6,1,2,0,15,17,67,0,1,1
21,Mechanical,2,7.62,79.42,126,3,4,1,1,1,24,24,80,1,1,1
22,IT,2,8.77,74.0,234,69,2,2,5,1,60,17,52,0,1,1
22,AIML,3,8.77,84.22,211,52,3,1,3,4,60,24,48,0,1,0
21,ECE,2,7.0,84.46,121,36,1,2,6,3,13,20,48,0,1,1
20,Mechanical,1,9.25,80.13,200,39,6,4,2,4,27,24,68,1,1,1
21,Mechanical,1,8.71,81.61,231,68,4,2,1,1,36,9,43,0,1,1
23,AIML,3,6.76,74.14,165,15,2,4,4,1,52,18,57,1,0,1
20,CSE,3,7.77,81.55,247,26,4,0,5,1,69,24,34,0,0,0
19,Civil,2,7.48,72.31,111,33,5,1,2,5,21,13,50,0,0,1
24,ECE,2,5.75,73.01,145,37,3,1,2,2,20,11,53,0,0,1
22,Civil,2,6.41,65.54,129,30,3,0,5,2,9,10,41,0,0,1
21,Civil,2,8.1,83.73,185,52,4,1,2,3,22,29,61,0,1,1
23,Chemical,2,6.18,62.3,114,43,6,1,3,1,34,21,55,0,0,0
21,IT,3,8.88,75.11,241,45,2,1,3,2,73,13,54,0,1,1
25,EEE,3,8.2,71.74,89,61,3,0,1,0,16,24,58,0,0,1
23,EEE,2,8.08,78.49,136,26,2,1,2,4,22,20,37,0,1,1
20,CSE,2,6.17,75.09,188,26,2,0,3,0,62,15,51,0,1,1
21,ECE,2,8.39,80.55,233,45,5,0,5,2,38,21,50,0,0,0
20,ECE,2,8.32,72.87,97,56,3,0,2,3,17,25,46,1,1,0
22,CSE,1,8.52,87.45,327,65,8,1,7,0,78,14,55,0,1,1
22,IT,2,8.3,84.7,254,35,6,1,3,7,84,10,75,0,1,1
21,ECE,2,8.98,80.59,172,52,7,1,3,3,34,14,53,1,1,1
24,Mechanical,3,6.73,67.25,54,22,3,1,2,0,22,14,53,0,0,1
21,Civil,2,7.33,63.98,109,35,5,1,5,2,26,25,70,0,1,1
22,Mechanical,3,6.6,76.0,114,41,5,2,2,2,24,26,35,0,0,1
22,Mechanical,2,8.16,73.93,156,51,5,0,3,1,26,14,53,0,1,1
21,CSE,2,7.29,80.02,238,42,7,2,3,4,64,11,51,0,1,1
19,ECE,2,6.36,77.55,114,25,5,0,3,3,22,25,53,0,0,1
22,AIML,2,7.56,71.09,240,39,8,2,5,7,55,11,42,1,1,1
22,IT,3,5.64,68.13,169,23,1,2,6,1,43,15,43,0,0,1
19,Mechanical,2,7.56,73.98,180,42,6,1,1,1,34,14,54,0,0,1
22,Chemical,3,7.45,83.96,118,33,5,0,6,2,34,25,60,0,0,1
21,IT,2,7.12,70.2,168,29,0,1,8,3,71,29,82,1,1,1
20,EEE,2,8.35,81.27,135,37,6,0,6,0,34,23,35,0,1,1
23,CSE,2,5.96,69.56,197,34,0,0,4,6,55,17,63,1,1,1
20,Mechanical,2,7.58,85.07,201,32,1,2,5,2,34,15,52,1,0,1
22,AIML,2,7.67,69.88,284,25,3,1,7,6,61,21,53,0,1,1
21,ECE,3,7.31,66.1,171,49,2,3,5,3,28,25,57,0,1,1
19,IT,3,8.4,63.69,196,34,2,3,5,1,56,20,64,0,1,0
21,CSE,3,6.8,72.91,235,28,4,1,4,1,75,2,59,0,0,1
20,Mechanical,1,7.67,76.2,150,31,1,4,2,2,22,22,54,1,1,1
20,EEE,3,7.44,72.28,114,38,2,0,2,2,21,5,61,1,0,1
22,Mechanical,2,7.17,79.28,92,42,2,1,1,3,24,6,49,0,0,1
18,Chemical,3,6.01,79.88,123,25,4,2,1,3,26,5,50,1,0,1
24,IT,3,8.64,72.2,196,53,2,2,6,4,53,13,44,0,1,1
21,Mechanical,2,6.83,70.26,173,31,3,2,2,4,26,20,44,0,0,1
20,IT,3,6.7,59.59,164,39,6,2,2,4,54,6,50,1,0,1
23,ECE,2,5.59,68.3,150,46,3,2,1,0,27,18,50,0,1,1
21,Civil,3,7.4,69.2,101,34,4,2,5,2,20,13,49,0,0,1
21,Civil,3,7.5,70.97,175,44,2,0,4,2,27,32,60,0,0,1
22,IT,2,8.57,76.33,236,62,7,1,2,2,72,8,48,0,1,1
23,Mechanical,2,7.18,76.33,146,28,4,1,4,2,33,27,49,0,1,1
19,Mechanical,3,7.57,72.28,101,21,3,2,4,1,21,32,42,0,0,1
19,CSE,2,8.35,90.46,237,45,8,1,8,5,64,20,67,1,1,1
25,EEE,3,8.52,76.45,106,52,3,2,6,3,33,25,56,0,1,1
18,ECE,1,8.07,65.72,212,51,4,3,5,0,27,19,60,0,1,1
22,CSE,2,7.2,67.64,248,36,5,0,4,0,55,9,45,0,1,1
21,ECE,3,8.37,80.85,147,46,0,0,3,0,17,21,43,0,0,1
21,Chemical,2,8.54,81.71,138,42,7,1,3,3,20,35,61,0,0,1
22,Mechanical,3,5.88,68.43,99,37,3,1,3,0,24,7,47,0,1,1
25,AIML,2,7.8,74.6,278,44,1,1,3,4,83,16,50,0,1,1
19,AIML,3,8.18,77.15,305,34,4,1,4,3,80,13,45,0,1,1
21,IT,1,8.36,81.07,332,64,6,1,4,4,73,23,65,0,1,1
22,CSE,3,7.12,72.18,206,47,6,1,3,5,53,28,55,0,1,1
20,CSE,2,7.09,63.55,232,25,3,1,3,1,63,11,60,0,1,1
23,Mechanical,3,8.52,71.92,116,35,4,1,5,4,34,12,53,0,0,1
21,ECE,3,7.56,69.68,173,34,6,0,5,0,22,13,42,0,0,1
20,Mechanical,2,7.34,64.87,199,74,7,2,1,1,27,17,51,0,1,1
23,Mechanical,1,9.67,64.18,759,76,6,4,3,1,62,10,35,0,1,1
24,CSE,2,7.5,75.86,217,73,2,2,4,3,67,27,44,0,1,1
19,Chemical,2,7.37,72.78,84,36,5,1,4,0,20,3,52,1,1,0
22,Chemical,1,8.73,82.23,212,37,3,4,0,3,24,23,73,0,1,1
20,CSE,2,7.87,86.88,195,59,7,1,5,4,50,11,53,1,1,1
18,CSE,3,7.67,79.37,180,37,8,0,7,2,45,20,50,1,1,1
20,Mechanical,2,7.33,77.65,130,63,7,1,4,1,23,28,61,0,1,1
23,EEE,1,8.24,65.52,265,43,2,0,7,2,35,17,52,0,1,1
20,Chemical,3,6.58,74.59,115,39,3,0,7,1,21,0,41,1,0,1
20,AIML,2,7.65,73.72,214,41,3,1,6,3,56,8,74,0,1,1
22,Mechanical,3,5.97,76.79,78,52,1,0,4,2,13,18,52,0,0,1
21,ECE,2,7.29,64.07,140,30,1,1,1,4,23,16,49,0,1,1
20,ECE,2,7.06,78.2,167,33,1,2,1,3,36,6,68,1,1,1
20,AIML,3,7.33,68.87,237,38,2,0,7,7,64,20,45,0,1,1
22,EEE,3,7.0,64.88,103,36,9,0,1,2,21,3,52,1,0,1
22,IT,2,7.94,89.13,269,65,8,3,3,1,72,18,53,1,1,1
22,AIML,2,6.92,72.2,200,46,1,0,2,3,52,20,61,0,1,1
19,Civil,2,8.24,75.12,116,42,5,1,3,0,19,23,72,0,1,1
21,AIML,3,8.67,73.54,358,45,3,0,7,0,79,27,65,0,1,1
22,IT,2,6.58,68.38,239,21,4,1,6,2,79,20,54,0,1,1
20,CSE,1,8.28,73.22,276,44,4,3,7,6,70,17,59,1,1,1
20,Mechanical,3,7.12,70.61,118,48,7,0,5,2,12,3,45,0,0,0
21,AIML,1,8.54,75.85,357,39,6,5,1,3,89,20,73,1,1,1
20,Chemical,3,6.43,68.32,153,21,4,1,2,2,25,7,49,0,1,1
20,Mechanical,2,8.53,69.31,155,58,6,3,3,2,28,32,49,0,1,1
24,Civil,2,7.18,72.61,176,50,2,1,4,2,24,23,69,0,1,1
21,CSE,1,7.56,75.59,290,26,3,2,4,4,83,36,56,0,1,1
21,EEE,2,7.31,78.35,85,29,1,1,3,3,20,21,73,0,0,1
19,Civil,2,6.55,78.08,139,52,4,1,3,1,27,18,45,0,1,1
21,Chemical,2,8.17,73.4,177,36,3,0,3,3,45,4,49,0,1,1
21,EEE,2,6.99,74.28,95,47,6,1,2,2,14,15,54,0,1,1
24,Chemical,1,8.17,80.87,179,32,6,2,1,2,36,15,30,0,1,1
21,CSE,3,7.13,68.44,227,35,4,1,2,3,76,23,52,0,1,1
22,CSE,2,7.32,74.45,299,74,1,0,3,3,70,13,59,0,0,1
20,ECE,2,8.35,78.57,111,26,2,1,5,4,22,20,73,0,1,1
21,IT,3,6.07,56.37,188,19,3,0,5,4,34,11,52,1,0,0
24,Chemical,1,5.8,68.04,120,14,2,1,3,0,33,13,55,0,1,1
22,CSE,2,6.9,72.58,249,43,7,1,3,5,81,13,54,0,0,1
22,IT,2,7.42,68.45,300,13,0,0,8,4,69,14,47,0,0,1
23,IT,2,7.29,79.4,229,61,5,0,7,4,59,21,68,1,1,1
24,Mechanical,2,6.85,83.66,128,34,2,1,1,1,28,22,22,0,0,0
20,CSE,2,8.92,80.6,264,36,4,3,8,10,64,39,62,0,1,1
20,Civil,3,8.42,68.39,95,60,4,1,3,1,14,16,56,0,0,1
21,Chemical,3,5.08,64.42,18,23,3,0,2,1,16,13,38,0,0,1
25,ECE,2,6.93,65.5,137,55,3,1,5,0,26,19,46,0,1,1
21,CSE,1,8.08,89.65,247,46,4,4,2,3,73,21,48,0,1,1
20,CSE,2,7.78,70.81,260,37,1,1,8,1,72,19,37,0,1,1
21,AIML,2,6.81,72.7,190,43,1,1,5,3,53,0,57,0,1,1
19,CSE,2,8.63,84.96,237,57,5,0,2,3,71,17,41,0,1,1
20,ECE,3,6.57,64.86,48,36,2,0,4,0,6,23,48,0,0,1
20,IT,1,7.73,69.36,316,31,8,2,3,1,66,22,68,0,1,1
18,CSE,2,7.43,82.06,233,65,7,2,3,2,63,23,58,0,1,1
22,Civil,3,7.56,82.23,73,39,4,2,2,3,19,28,51,0,0,1
20,EEE,2,7.01,65.42,101,29,3,2,2,1,27,10,53,0,1,1
20,EEE,3,7.76,67.51,120,55,5,0,6,1,22,17,47,0,0,1
21,Mechanical,2,6.79,75.48,67,44,2,1,2,1,16,17,53,0,0,1
20,Civil,3,7.63,78.12,117,50,2,0,2,3,30,16,50,1,0,1
21,Mechanical,2,7.01,68.22,98,31,2,2,4,0,23,24,61,0,1,1
20,CSE,2,8.68,79.49,270,31,4,2,3,2,79,28,48,0,1,1
18,IT,1,7.54,66.15,281,47,3,3,6,0,84,14,45,0,1,1
22,ECE,1,7.9,78.62,193,38,5,1,3,0,24,17,67,0,1,1
19,CSE,1,8.67,79.24,316,48,5,2,2,2,86,38,62,0,1,1
20,Chemical,3,7.53,62.32,142,61,2,2,5,2,22,16,46,0,1,1
20,AIML,3,8.03,72.91,188,62,3,1,4,4,46,19,49,0,1,1
20,Mechanical,2,6.48,68.27,74,20,4,0,4,0,17,26,54,0,0,1
20,Chemical,2,7.97,79.67,141,61,2,2,3,1,20,10,56,1,1,0
20,AIML,2,7.33,66.02,218,54,4,2,1,4,76,12,56,1,1,1
20,ECE,2,8.23,83.86,149,42,3,5,0,6,28,29,43,0,1,1
19,AIML,3,7.76,74.98,170,58,2,4,8,1,46,3,66,0,1,1
23,Civil,2,7.95,82.53,202,36,2,1,4,1,28,35,43,0,1,1
20,Mechanical,3,7.95,65.62,96,44,9,1,4,2,22,18,34,0,0,1
19,Civil,1,8.62,79.3,177,60,2,1,4,3,28,25,47,0,1,1
21,CSE,3,5.6,68.89,154,20,4,2,0,1,44,8,24,1,0,1
19,Mechanical,3,6.69,72.63,57,21,1,0,3,1,11,9,64,0,1,1
22,EEE,3,7.33,75.7,148,46,4,0,3,1,32,33,38,0,0,1
19,ECE,3,6.35,72.04,80,28,3,0,3,1,30,17,52,1,0,1
21,Civil,2,7.3,57.63,172,46,3,0,2,1,25,18,52,0,0,1
24,Civil,2,7.67,85.99,216,37,2,0,4,3,20,30,61,0,1,1
20,Mechanical,1,9.09,74.5,198,23,8,1,5,1,44,28,62,0,1,1
20,CSE,2,8.12,71.79,255,39,3,0,5,3,78,19,55,0,1,1
21,AIML,3,7.96,75.88,234,56,4,0,8,2,56,14,40,0,1,1
25,CSE,3,7.4,76.98,203,39,2,3,1,1,73,17,50,1,1,1
21,AIML,3,5.88,59.56,137,27,2,1,4,2,51,25,55,0,0,1
22,Mechanical,3,6.74,61.07,58,24,5,2,2,3,20,10,60,1,0,1
20,IT,2,6.11,79.88,162,44,2,0,3,2,43,12,50,0,1,1
22,AIML,3,7.83,72.61,270,23,2,1,7,2,82,27,60,1,1,1
20,AIML,2,7.59,76.35,254,39,6,1,6,1,79,22,50,1,1,1
21,CSE,1,7.93,68.24,291,66,4,3,2,2,54,13,57,1,1,1
19,IT,1,8.18,87.44,310,33,2,2,5,2,88,18,40,0,1,1
21,CSE,3,6.95,78.08,266,45,7,1,11,0,79,14,73,0,1,1
20,ECE,3,6.24,66.05,73,29,5,1,3,0,5,8,43,0,0,1
22,CSE,2,7.13,83.55,204,19,5,1,2,4,64,16,73,0,1,1
22,AIML,3,7.74,79.42,204,54,5,3,5,1,67,11,33,0,1,1
23,ECE,2,6.05,75.03,96,6,3,2,1,1,17,26,50,0,0,1
25,IT,2,7.67,80.74,277,40,3,1,6,5,54,12,48,0,1,1
21,IT,2,6.48,68.12,153,67,4,0,2,3,64,11,48,0,1,1
22,Chemical,2,8.0,88.23,140,42,5,0,5,1,27,17,52,0,0,1
18,CSE,2,6.42,82.8,223,13,4,0,4,2,71,11,32,1,1,0
23,Civil,3,8.02,88.2,169,35,4,0,1,2,29,18,33,0,0,0
21,Chemical,2,6.31,54.02,76,44,2,1,1,0,14,13,47,0,0,0
21,Chemical,2,6.69,71.69,203,35,1,2,2,2,16,0,52,0,0,1
21,Civil,2,8.08,78.39,142,28,3,0,2,4,25,33,47,1,1,0
22,Mechanical,3,7.2,70.84,90,35,3,0,3,3,17,31,48,0,0,0
23,AIML,3,5.68,68.26,135,29,2,2,2,2,39,10,41,1,0,1
22,CSE,3,7.95,75.24,239,55,6,1,2,2,41,26,58,0,1,1
21,EEE,3,5.55,77.2,91,22,3,0,1,0,27,20,70,0,0,1
21,ECE,1,7.6,82.79,178,43,5,0,1,0,35,12,50,0,1,1
24,Mechanical,2,9.26,82.1,245,38,4,2,3,4,36,37,58,0,1,1
22,CSE,3,7.42,76.86,153,47,2,0,2,1,53,1,42,0,0,0
21,AIML,3,7.05,72.8,191,24,7,0,3,4,48,5,67,0,0,1
21,Mechanical,3,7.29,87.42,121,36,4,1,2,1,16,13,67,0,1,1
22,EEE,1,6.82,74.51,170,26,8,2,2,0,31,14,59,0,1,1
22,IT,2,7.65,86.73,341,50,2,1,4,3,79,15,42,0,1,1
21,CSE,1,9.59,87.55,300,58,3,2,9,1,66,23,50,0,1,1
23,Civil,1,7.39,77.82,225,43,4,1,7,3,35,15,65,0,1,1
23,Civil,2,6.81,61.21,90,60,2,1,1,1,21,22,58,0,0,1
21,CSE,3,7.75,83.48,184,51,5,1,3,4,61,7,41,0,0,1
20,Mechanical,3,7.98,63.51,202,52,1,2,9,3,28,27,40,1,1,1
21,CSE,2,7.59,73.0,235,51,5,2,3,3,79,16,62,0,1,1
22,ECE,3,7.09,63.16,104,33,4,1,2,2,21,0,58,0,0,1
21,ECE,3,7.82,81.93,95,38,3,0,5,2,21,20,37,0,0,1
23,IT,1,6.5,68.0,209,32,4,2,10,0,79,18,69,0,1,1
19,IT,3,6.93,76.83,195,16,4,0,3,0,62,4,49,0,0,1
20,ECE,1,5.79,53.88,116,12,4,0,1,0,19,15,46,0,1,1
23,Mechanical,2,7.41,80.04,172,42,4,2,4,2,23,28,48,0,1,0
24,IT,2,7.32,79.33,175,54,7,2,5,3,49,22,62,0,1,1
21,EEE,3,8.24,69.25,250,41,1,0,2,0,29,16,51,1,0,1
20,IT,1,7.02,68.71,299,18,5,2,3,5,80,11,64,1,1,1
21,Chemical,3,8.23,85.78,143,31,4,0,1,2,18,16,56,0,0,1
21,Mechanical,2,7.32,75.42,128,16,2,1,4,3,21,16,57,0,0,1
21,Civil,2,8.04,81.76,183,65,2,1,4,2,35,31,49,0,1,1
20,ECE,3,8.01,63.3,100,41,3,0,4,2,21,10,45,0,1,1
20,AIML,2,7.54,73.04,226,46,2,2,1,4,62,12,39,0,1,1
22,CSE,3,7.58,81.53,219,54,4,0,4,5,66,13,52,0,0,1
22,Mechanical,3,6.86,66.91,76,29,1,1,5,3,11,23,47,0,1,1
22,Mechanical,2,8.52,72.78,129,44,4,5,2,0,25,29,62,0,1,1
21,Civil,2,9.79,81.33,245,53,6,0,4,2,34,24,62,0,1,1
20,Mechanical,3,6.11,64.25,184,44,6,0,3,1,31,7,67,0,0,1
21,CSE,2,7.56,84.23,269,42,7,1,1,3,79,33,70,0,1,1
24,ECE,2,7.25,78.35,96,43,1,1,5,0,14,18,63,0,1,1
21,IT,3,7.73,74.79,297,33,9,2,5,3,60,9,47,1,1,1
21,ECE,3,5.98,83.97,93,20,5,0,3,2,17,24,65,0,0,1
21,EEE,2,6.6,70.41,80,42,2,1,4,0,26,27,38,0,0,1
23,ECE,2,8.97,82.32,153,53,5,2,1,0,32,29,39,0,1,1
21,EEE,3,8.59,71.21,118,40,1,0,2,2,26,22,66,0,0,1
21,AIML,2,6.14,69.5,275,27,8,1,2,5,66,19,50,1,1,1
23,ECE,3,9.03,83.88,288,52,4,1,3,3,38,20,40,1,1,1
20,AIML,3,6.72,76.26,189,26,6,1,0,7,61,5,65,1,1,1
21,ECE,2,8.21,70.08,191,32,3,1,5,1,27,33,58,0,0,1
21,AIML,3,7.26,64.25,243,16,5,0,0,1,71,1,45,0,0,0
25,AIML,2,7.72,75.4,376,51,4,0,5,7,100,35,46,1,1,1
22,Chemical,2,7.63,77.32,124,37,1,0,2,3,24,19,33,0,0,1
18,AIML,3,8.17,62.48,224,37,3,1,5,2,67,15,58,0,1,1
23,EEE,2,7.08,87.9,104,40,2,1,3,0,13,17,75,0,1,1
22,EEE,1,9.36,82.25,215,51,7,2,6,4,24,31,53,1,1,1
21,EEE,2,8.47,63.02,170,33,5,2,4,1,20,17,46,0,1,1
20,Mechanical,2,7.22,76.17,101,34,4,1,3,0,17,30,56,0,0,1
20,EEE,1,7.82,63.84,167,49,1,1,2,0,27,17,59,0,1,1
22,Civil,2,7.63,67.35,148,42,0,0,6,2,22,18,71,0,1,1
21,CSE,2,7.19,76.34,190,51,3,1,4,2,46,28,45,1,1,1
23,CSE,2,7.25,64.47,304,47,2,2,1,3,78,14,43,0,1,1
20,ECE,2,8.21,69.72,116,50,2,0,5,1,14,10,47,0,1,1
22,IT,2,8.03,81.77,217,23,5,0,3,2,70,8,61,1,1,1
20,AIML,3,6.92,71.47,163,57,1,1,8,6,62,19,44,0,1,1
22,IT,3,7.44,70.72,197,41,2,0,1,4,43,23,44,0,0,1
19,EEE,3,6.52,69.76,67,43,4,1,5,0,10,20,45,0,1,1
21,Civil,2,8.98,90.71,187,69,2,0,5,3,25,15,62,0,0,1
20,CSE,2,8.17,82.14,198,48,1,0,7,2,50,29,48,1,1,1
21,AIML,2,7.45,64.22,250,15,2,2,3,4,76,15,61,0,1,1
20,CSE,2,7.67,85.12,293,15,4,1,3,3,71,24,43,1,1,1
22,Chemical,3,8.06,72.88,113,22,1,2,4,2,14,10,56,0,0,1
19,CSE,1,7.31,72.85,242,23,7,5,5,3,75,18,37,0,1,1
21,CSE,3,7.35,66.79,153,54,2,5,2,3,47,13,41,1,1,1
21,IT,2,8.11,72.75,190,52,8,1,2,3,59,31,48,1,1,1
18,CSE,3,6.34,71.69,184,37,1,1,1,2,65,9,52,0,0,0
19,Mechanical,2,7.98,76.07,108,40,2,2,3,2,20,25,52,1,0,0
20,CSE,2,9.63,92.95,282,73,5,2,4,1,71,9,59,0,1,1
21,ECE,3,5.95,61.14,67,29,4,0,4,1,19,15,45,0,0,1
24,CSE,1,8.53,76.29,258,27,6,1,3,0,66,35,49,1,1,1
19,EEE,2,6.46,56.06,106,29,1,0,5,1,9,17,47,0,0,1
22,CSE,3,6.18,65.79,147,41,4,0,3,3,43,14,60,1,1,1
22,CSE,3,7.02,79.76,141,44,3,5,3,3,61,18,58,0,0,0
22,Civil,2,7.95,86.02,96,14,6,0,5,5,23,31,41,0,0,1
21,Civil,3,7.83,86.23,213,39,2,2,1,0,32,12,46,0,0,1
24,IT,1,7.65,71.83,308,61,1,5,9,5,80,10,59,1,1,1
21,EEE,3,6.44,68.45,79,24,4,1,6,1,16,3,57,1,0,1
23,Mechanical,2,7.38,66.85,158,28,2,2,7,0,28,30,63,0,1,1
20,Mechanical,3,5.81,67.23,252,31,7,0,3,1,32,9,42,1,0,1
22,ECE,2,8.22,84.56,167,63,6,2,6,1,24,22,69,0,1,1
25,EEE,3,7.02,78.29,81,21,1,1,1,3,17,20,47,0,0,1
23,Mechanical,3,8.29,72.98,120,49,1,0,3,2,20,17,60,0,0,1
20,ECE,3,6.52,68.61,145,29,3,3,4,1,28,15,50,0,1,1
23,ECE,1,8.21,74.25,247,23,3,3,3,1,29,30,51,0,1,1
19,AIML,3,5.85,64.88,180,28,3,1,3,1,66,30,40,1,0,1
22,Civil,2,8.65,79.3,238,41,2,0,10,3,37,23,58,0,1,1
20,ECE,2,7.87,80.38,141,43,0,2,3,0,27,16,44,0,1,1
22,ECE,3,7.04,88.65,105,29,3,3,1,3,33,28,49,0,0,1
21,EEE,2,7.13,72.9,252,35,2,0,4,1,24,14,49,1,1,1
18,ECE,2,7.23,78.01,179,29,3,1,8,4,16,12,54,1,1,1
20,ECE,3,7.35,66.44,104,57,2,0,5,2,18,7,46,0,0,0
19,ECE,3,6.0,69.93,88,15,1,1,7,1,24,8,43,0,0,1
21,CSE,2,7.22,72.01,232,38,4,1,3,2,63,19,69,0,1,1
23,Civil,2,7.24,77.82,140,32,5,0,4,2,24,18,69,0,1,1
22,CSE,2,8.37,80.2,295,40,9,2,3,8,79,30,54,0,1,1
22,Chemical,3,6.91,76.93,206,34,2,1,5,1,29,9,62,0,0,1
22,Chemical,3,6.47,69.75,54,24,0,2,4,4,11,30,42,0,0,1
21,Civil,2,7.44,71.41,106,14,3,0,4,1,13,18,36,0,0,1
21,CSE,2,8.0,67.17,179,61,4,3,9,1,56,13,59,0,1,1
21,CSE,3,7.43,75.24,153,33,3,0,2,4,51,24,50,0,0,1
19,EEE,2,7.55,73.47,97,52,2,1,4,1,17,11,47,0,1,1
21,CSE,1,7.79,84.5,380,29,2,2,12,1,98,10,42,1,1,1
22,Chemical,1,7.61,73.23,249,51,7,0,3,1,42,16,51,0,1,1
21,EEE,3,6.87,68.22,143,28,3,1,2,1,30,11,53,0,1,1
22,Civil,2,6.83,75.85,200,35,5,0,2,1,30,12,49,0,1,1
19,Chemical,3,7.37,63.99,137,22,5,0,3,1,19,18,51,0,0,1
22,Chemical,3,7.63,76.43,87,22,6,1,4,1,21,0,31,0,0,1
20,CSE,2,7.56,69.82,384,30,1,1,5,4,99,11,61,0,1,1
23,Chemical,2,5.97,60.6,98,44,2,1,2,2,15,17,63,0,0,1
20,CSE,2,8.29,77.45,219,58,7,2,4,2,60,27,25,0,1,0
21,Mechanical,3,6.18,53.06,110,36,3,1,0,0,19,9,49,0,0,1
21,Mechanical,3,6.23,73.96,196,53,4,1,0,3,27,10,58,0,0,1
20,AIML,3,6.46,71.28,128,32,3,0,1,5,53,24,73,0,1,1
21,IT,2,7.14,68.63,219,29,2,1,1,1,70,34,53,0,1,1
20,EEE,3,7.25,79.84,93,32,8,2,2,3,23,10,63,0,1,1
21,ECE,2,8.33,80.22,105,52,4,1,4,0,21,14,39,0,1,1
23,Mechanical,2,8.34,67.8,104,40,3,0,1,1,22,18,69,0,1,1
20,CSE,3,5.87,72.94,210,48,4,1,4,2,72,25,57,1,0,1
21,IT,3,5.82,72.2,119,23,6,0,2,3,48,13,45,1,0,0
23,Mechanical,2,8.41,73.82,98,58,2,1,7,2,22,26,56,0,1,1
21,CSE,1,7.6,72.76,354,47,3,4,2,1,95,22,62,0,1,1
23,EEE,3,6.48,82.21,102,42,2,1,0,1,32,26,39,0,0,1
21,ECE,1,8.25,79.26,185,31,2,1,6,3,34,16,57,0,1,1
21,Chemical,1,8.71,69.24,185,16,3,2,5,2,29,33,69,1,1,1
20,Chemical,2,7.85,76.03,113,43,3,4,2,1,23,13,47,0,1,1
19,Mechanical,3,6.69,60.73,61,27,1,2,4,1,18,11,58,0,0,1
21,ECE,1,9.66,71.28,1199,82,7,3,5,2,71,30,52,0,1,1
23,ECE,1,8.19,72.29,216,50,5,2,3,1,35,15,72,1,1,1
20,ECE,3,7.24,69.94,80,31,4,0,1,4,13,15,54,0,0,1
23,Mechanical,2,6.79,65.27,179,25,2,3,3,2,35,9,44,0,0,1
21,IT,3,6.02,66.97,146,31,2,3,1,1,27,11,67,0,1,1
21,AIML,3,7.54,75.8,231,14,5,1,5,1,61,13,60,1,1,1
23,ECE,3,6.88,67.53,118,31,1,0,2,4,19,21,55,1,1,1
23,IT,3,7.49,68.72,149,38,4,0,3,3,39,9,50,0,0,1
21,Mechanical,1,8.52,77.85,253,52,1,3,3,4,34,16,44,1,1,1
20,AIML,2,6.92,70.01,191,24,2,1,4,4,56,23,40,0,1,1
20,IT,3,9.15,77.6,238,48,3,2,7,5,58,11,61,0,1,1
20,AIML,1,7.66,69.72,263,51,3,2,2,3,70,25,73,0,1,1
22,ECE,3,7.99,68.94,133,47,2,2,4,0,27,15,56,0,1,1
20,IT,2,7.05,71.67,199,47,2,2,1,2,75,13,48,0,1,1
22,EEE,2,8.0,80.66,91,30,8,0,2,1,23,22,44,1,0,1
20,Mechanical,2,6.73,71.05,108,28,1,1,2,2,19,2,43,0,0,1
21,Mechanical,2,8.06,73.67,159,46,3,0,1,1,13,21,31,0,0,0
21,IT,3,9.47,70.29,226,39,2,2,3,3,60,27,41,0,1,1
21,ECE,3,6.43,67.23,174,28,4,2,4,1,29,8,44,1,1,1
21,IT,2,5.52,63.92,157,40,2,1,3,2,63,12,63,1,1,1
25,EEE,3,6.83,72.46,114,37,2,1,3,3,20,6,54,0,0,1
23,Civil,3,7.6,74.65,79,48,2,1,2,1,14,10,58,0,0,1
22,Civil,2,7.58,90.53,115,61,5,2,3,1,22,22,57,0,0,1
20,Civil,2,7.14,70.33,124,32,5,1,1,1,22,17,46,1,1,1
23,IT,3,8.26,82.07,274,64,10,2,7,8,79,29,37,0,1,0
23,Mechanical,2,7.12,78.6,151,33,0,0,1,1,26,23,43,1,0,1
23,IT,3,8.1,80.31,183,24,3,3,6,7,46,16,31,0,1,0
21,CSE,2,7.18,73.02,188,41,0,3,5,5,45,1,67,1,1,1
20,EEE,3,6.59,88.8,70,28,3,0,3,1,15,17,38,0,0,1
22,EEE,3,7.45,67.9,146,21,3,1,2,3,34,20,30,0,1,1
21,Mechanical,1,7.89,78.66,165,33,2,1,3,2,36,24,63,0,1,1
20,Civil,2,9.09,84.15,198,39,5,0,3,3,25,32,44,1,0,1
21,Civil,3,7.71,63.18,249,49,1,2,6,1,38,24,36,0,0,1
21,Mechanical,1,7.99,65.68,205,65,5,1,3,2,31,32,50,0,1,1
20,EEE,2,7.6,82.96,112,44,1,0,3,1,26,25,46,0,1,1
22,CSE,2,7.02,74.58,323,42,0,1,2,0,76,13,71,0,1,1
22,CSE,3,7.14,64.82,158,27,2,1,6,2,57,18,41,0,0,1
21,CSE,2,7.05,81.08,209,28,6,1,5,2,61,0,30,0,1,1
19,AIML,1,7.86,73.92,297,48,5,2,5,5,84,11,67,1,1,1
24,Civil,2,6.19,76.42,92,38,6,1,2,2,21,18,58,1,1,1
21,Mechanical,2,6.03,81.17,66,46,3,1,4,2,17,13,37,0,0,1
21,EEE,3,6.71,70.12,72,30,2,0,5,1,15,11,34,1,1,1
21,CSE,1,7.01,58.9,377,29,6,1,2,4,89,18,82,1,1,1
21,EEE,3,7.6,68.88,109,70,1,1,5,1,15,19,38,0,0,1
22,Mechanical,2,7.01,58.39,137,48,3,2,3,1,21,18,40,0,1,1
18,IT,3,7.8,68.59,209,52,4,2,1,4,70,19,63,1,1,1
23,AIML,3,6.8,81.43,155,20,4,1,1,3,67,25,73,1,0,1
19,Mechanical,3,9.21,74.34,116,53,6,2,4,4,20,29,45,1,1,1
25,CSE,2,7.27,65.46,195,54,10,1,1,2,69,15,63,1,1,1
22,EEE,2,7.83,85.88,118,52,1,2,5,3,22,12,68,0,1,1
19,Chemical,1,7.2,71.63,235,50,5,0,1,2,32,6,53,1,0,1
21,CSE,3,6.98,73.89,211,33,5,0,4,0,63,24,57,0,1,1
20,CSE,3,7.7,66.96,205,28,3,1,9,0,68,28,29,0,0,0
24,ECE,2,7.5,82.55,162,33,3,0,3,2,21,20,39,0,1,1
22,CSE,2,8.12,76.18,191,49,9,1,5,7,60,5,62,1,1,1
21,Mechanical,2,8.36,82.21,215,39,3,0,5,1,41,18,57,0,1,1
21,CSE,2,9.25,69.37,214,61,9,1,2,2,66,34,44,1,1,1
25,CSE,2,8.11,84.96,218,45,4,0,5,4,60,9,53,1,1,1
22,ECE,3,7.38,75.81,68,38,1,2,3,2,15,9,32,1,0,1
21,Mechanical,3,7.0,67.21,94,36,3,2,3,3,30,8,34,0,0,1
21,IT,2,6.9,69.05,158,15,5,1,4,3,42,26,74,1,1,1
20,CSE,1,7.4,69.89,245,24,5,3,2,4,66,5,69,1,1,1
22,IT,2,7.68,76.3,247,56,4,2,4,4,60,6,61,0,1,1
21,CSE,1,8.74,78.73,298,44,2,3,2,0,78,21,51,0,1,1
23,CSE,3,7.66,85.59,169,35,3,1,4,1,54,12,47,0,1,1
21,ECE,2,7.26,58.93,73,22,2,1,1,2,24,3,47,0,1,1
21,Civil,1,6.73,75.7,199,42,4,1,4,2,33,22,61,1,1,1
21,Civil,2,6.83,60.45,156,10,3,1,0,2,31,20,65,0,0,1
22,Mechanical,3,7.53,91.68,114,46,1,1,1,1,22,19,52,0,1,1
21,Civil,3,7.82,85.44,80,13,3,1,0,2,8,19,53,1,0,1
23,ECE,2,8.3,76.2,128,44,4,2,6,5,22,25,56,1,1,1
20,Chemical,1,8.55,80.25,184,58,5,2,8,0,36,36,80,0,1,1
22,Civil,3,6.49,71.19,220,30,2,0,1,1,28,32,43,0,0,1
23,EEE,1,7.16,68.51,151,37,5,2,0,1,23,33,72,0,1,1
22,AIML,3,8.07,70.63,194,58,1,0,5,8,53,15,54,1,1,1
20,Mechanical,2,8.38,76.49,140,25,3,0,2,2,28,29,70,1,1,1
22,Civil,2,7.49,55.23,271,36,2,1,2,3,48,4,48,0,0,0
20,ECE,1,9.11,88.28,239,40,5,3,3,2,41,10,68,0,1,1
19,IT,3,8.32,88.54,187,42,2,1,1,5,65,17,59,0,1,1
22,IT,1,8.32,74.76,301,43,3,5,4,7,86,27,62,0,1,1
22,Mechanical,2,7.79,84.98,112,54,0,2,5,1,26,10,57,0,0,1
18,Chemical,1,6.3,66.52,123,13,4,1,2,1,17,24,56,1,0,1
24,IT,3,6.56,66.97,193,40,2,1,0,4,52,28,40,0,0,1
21,CSE,3,7.27,74.63,199,60,2,0,8,1,66,23,59,0,1,1
23,CSE,2,8.87,81.99,205,41,3,1,3,1,66,16,60,0,1,1
22,Civil,3,8.48,71.15,127,49,1,1,1,2,24,13,39,0,0,1
23,IT,2,6.9,74.38,197,24,5,2,2,3,70,26,53,1,1,1
23,Civil,1,8.58,79.38,233,69,6,2,6,1,32,10,67,0,1,1
25,CSE,2,6.74,55.72,235,10,5,0,2,1,58,17,48,0,1,1
22,CSE,2,5.27,64.88,148,24,4,0,2,1,65,15,30,0,0,1
20,IT,2,9.14,77.61,244,49,7,1,3,2,66,20,73,0,1,1
21,IT,3,5.46,63.12,116,2,2,1,1,3,50,22,62,0,0,1
22,Chemical,2,5.08,61.94,48,6,1,0,0,2,6,6,59,0,0,1
20,AIML,3,7.56,77.51,242,31,5,3,3,4,68,20,55,0,1,1
24,Mechanical,3,7.08,61.42,68,32,3,0,4,3,17,9,45,0,0,1
20,Chemical,1,8.05,83.29,181,44,4,2,2,0,27,19,57,0,1,1
23,Mechanical,1,9.33,78.9,186,20,4,4,7,3,32,32,57,0,1,1
21,Chemical,3,8.17,84.8,133,53,3,0,3,2,18,18,58,0,0,1
23,CSE,2,7.97,71.05,224,37,4,1,7,4,60,19,74,0,1,1
24,Mechanical,3,6.61,77.9,141,36,1,0,2,1,22,12,52,0,0,1
21,ECE,2,7.07,76.45,93,33,5,0,3,1,27,18,53,1,1,1
22,Civil,3,7.84,62.57,92,30,6,0,3,2,18,17,37,0,0,1
20,Mechanical,2,7.13,71.51,127,47,3,0,3,3,18,14,52,0,0,1
22,Mechanical,2,8.18,93.9,122,60,3,0,2,1,25,13,42,0,1,1
22,IT,3,7.54,80.05,220,57,4,0,5,1,65,22,51,0,1,1
20,Mechanical,1,7.58,66.53,195,46,2,3,1,7,35,25,62,1,1,1
18,Civil,2,8.45,73.75,150,30,3,1,1,1,26,13,32,0,0,1
21,CSE,2,7.29,79.13,216,33,4,2,4,3,80,26,59,0,1,1
20,CSE,2,6.34,72.65,155,22,4,1,4,9,46,20,48,0,1,1
22,IT,2,8.56,66.77,194,40,6,3,5,3,35,18,74,0,1,1
20,Civil,2,7.51,61.7,107,22,5,1,1,4,22,24,52,1,0,1
24,ECE,2,7.31,78.36,120,57,2,1,4,3,22,25,52,0,0,1
25,AIML,2,7.39,71.69,258,39,4,1,5,2,63,20,38,0,1,1
23,Civil,2,7.01,79.93,125,27,4,0,3,3,22,19,56,0,0,1
21,CSE,2,9.72,83.51,239,60,4,3,3,5,72,30,61,0,1,1
20,Mechanical,2,6.4,64.74,131,27,3,0,4,1,20,6,67,0,0,1
22,Mechanical,3,7.66,74.22,90,41,2,3,3,2,20,29,56,0,1,1
22,ECE,3,7.53,71.09,107,28,4,0,0,2,28,15,49,1,0,1
25,AIML,1,8.43,79.01,376,32,7,2,2,1,74,27,51,0,1,1
21,ECE,3,7.05,66.26,199,50,3,1,3,1,24,21,49,1,1,1
19,IT,3,8.4,66.26,336,53,3,0,5,3,75,8,32,1,1,1
25,CSE,2,7.22,71.97,190,54,6,2,4,4,56,25,51,1,0,1
23,EEE,2,7.08,66.65,109,33,4,2,7,5,21,27,33,0,0,1
20,CSE,2,7.57,80.85,205,39,5,0,4,8,62,27,55,0,1,1
22,Chemical,2,7.8,73.27,121,48,4,1,4,1,24,25,46,0,0,1
18,EEE,3,8.28,78.33,120,36,2,1,5,0,20,31,48,0,1,1
21,CSE,1,6.65,68.64,225,18,7,2,7,5,53,20,73,0,1,1
21,EEE,3,8.13,77.14,129,49,9,2,2,5,25,27,41,1,1,1
21,IT,2,8.34,80.93,242,38,6,3,3,4,47,13,57,0,1,1
20,CSE,3,7.97,77.19,187,39,4,0,4,3,55,15,63,0,1,1
20,AIML,2,7.45,62.37,318,58,3,2,3,3,77,9,36,0,1,1
21,AIML,2,7.09,69.57,270,30,5,1,8,3,78,11,45,1,0,1
20,EEE,2,7.93,89.66,121,46,5,1,0,5,15,33,60,0,1,1
21,AIML,2,7.7,77.24,189,40,4,1,2,4,74,19,54,1,1,1
21,CSE,2,6.24,66.84,175,33,3,1,4,2,52,17,40,0,1,1
22,Mechanical,2,8.28,72.91,151,22,0,3,1,2,28,29,60,0,1,1
22,AIML,1,7.18,82.78,294,44,8,4,5,2,64,29,67,1,1,1
20,IT,3,6.81,75.48,139,56,6,1,2,6,36,9,42,0,1,1
19,ECE,2,8.41,68.08,192,63,9,1,5,3,30,22,60,0,1,1
23,Mechanical,3,7.5,87.98,204,37,5,4,1,0,22,16,48,0,1,1
23,EEE,2,7.37,75.55,95,64,2,2,2,2,16,31,68,0,1,1
25,CSE,1,7.44,75.62,295,55,9,2,4,2,82,32,57,1,1,1
24,ECE,3,7.15,83.24,125,36,3,0,3,2,24,8,33,0,0,1
22,Mechanical,3,7.33,74.59,117,59,6,2,2,1,17,3,52,0,1,1
23,CSE,3,8.76,81.0,229,46,1,0,7,0,65,24,45,1,1,1
21,CSE,2,5.86,58.13,177,36,2,2,2,2,64,25,59,1,0,1
22,Mechanical,2,9.64,80.23,169,72,7,1,5,8,27,22,63,0,1,1
24,ECE,3,9.34,71.06,186,44,3,0,1,1,26,15,55,0,1,1
22,CSE,1,7.44,70.19,407,38,5,2,11,2,97,20,64,0,1,1
21,Mechanical,1,7.91,77.06,186,21,5,0,1,1,29,22,67,1,1,1
21,CSE,3,7.51,58.34,198,32,1,1,0,1,70,15,46,0,0,1
20,ECE,2,8.41,79.19,181,52,3,2,2,3,31,22,56,0,1,1
21,Mechanical,3,7.47,79.78,76,40,4,0,3,3,21,16,47,0,0,1
23,CSE,3,7.68,61.75,184,49,6,1,3,1,57,27,59,0,0,1
22,EEE,2,8.51,72.47,173,20,4,0,6,4,28,19,55,1,1,1
20,IT,3,5.71,57.66,150,34,2,1,3,3,57,16,55,1,0,1
22,Civil,3,7.22,76.73,97,27,5,0,2,1,14,24,41,0,0,1
21,EEE,3,7.55,70.64,174,51,1,2,3,1,28,15,54,0,0,1
21,IT,2,7.23,81.0,190,25,5,3,3,2,73,13,54,1,1,1
21,ECE,2,6.06,60.2,90,43,1,0,3,0,12,15,69,0,0,1
21,ECE,2,7.54,75.51,96,21,3,0,5,3,22,15,46,1,0,0
22,Chemical,1,7.29,67.48,179,43,1,2,4,1,29,18,51,1,1,1
22,Mechanical,2,7.14,72.96,100,38,2,0,5,1,20,16,48,0,1,1
22,Mechanical,3,7.35,71.21,80,42,3,1,0,1,17,18,34,0,0,1
21,Chemical,3,5.92,73.85,91,27,2,0,0,1,14,15,58,0,0,1
22,CSE,2,7.26,75.24,193,48,6,3,8,3,56,20,47,0,1,1
20,ECE,1,7.18,81.0,215,41,3,4,2,4,34,21,28,1,1,1
21,Chemical,1,6.66,70.64,160,37,2,3,2,2,32,9,64,0,1,1
21,Civil,3,7.78,68.51,85,42,5,1,2,2,26,17,48,1,0,1
22,AIML,2,6.41,74.81,283,19,1,2,3,3,77,25,26,1,0,1
23,ECE,1,8.22,75.78,191,48,4,2,2,2,29,23,46,0,1,1
20,CSE,3,8.1,74.06,222,32,9,3,5,3,57,29,64,0,1,1
23,Mechanical,1,7.66,76.89,151,53,5,5,1,2,21,22,51,1,1,1
20,EEE,2,8.43,71.68,168,41,1,1,4,3,34,16,50,0,1,1
21,EEE,3,9.32,92.29,161,50,3,2,8,1,33,18,35,0,1,1
23,Civil,3,7.84,82.44,121,54,5,2,4,2,19,13,65,0,1,1
22,CSE,2,7.24,75.73,317,32,0,0,4,3,87,15,65,0,1,1
23,Chemical,3,8.36,78.53,85,39,3,2,3,3,17,19,56,0,1,1
22,ECE,1,6.1,69.83,169,31,2,3,4,0,34,9,70,1,1,1
20,CSE,2,9.49,76.74,271,65,5,2,5,2,71,20,54,0,1,1
25,Civil,2,7.59,77.82,240,51,3,4,2,3,33,14,33,0,1,1
24,Chemical,2,7.74,71.81,128,47,2,1,0,1,23,29,70,0,0,1
21,Chemical,3,6.02,80.77,73,11,0,0,4,1,14,5,57,0,0,1
19,Civil,3,8.13,86.06,147,56,5,2,4,1,27,18,31,0,0,1
20,AIML,2,7.61,75.88,210,28,0,1,2,0,56,15,61,0,1,1
23,AIML,1,7.64,80.91,282,42,4,2,6,0,92,5,74,0,1,1
24,IT,3,6.82,61.3,161,56,4,1,5,1,57,15,47,1,0,1
23,AIML,2,6.75,72.76,170,26,4,1,2,1,51,19,55,0,1,1
21,Civil,3,6.72,59.25,69,47,2,2,2,1,28,18,57,0,0,1
19,ECE,3,5.97,69.83,83,28,1,0,1,1,22,30,47,0,1,1
21,AIML,3,7.52,68.44,201,20,4,0,2,4,53,19,52,1,1,1
21,Mechanical,2,8.85,84.65,123,59,2,0,8,0,14,23,60,0,1,1
19,EEE,3,7.69,75.16,127,38,7,0,5,1,25,22,33,0,1,1
19,IT,2,6.8,69.16,230,29,4,1,4,2,65,17,46,1,1,1
20,Civil,3,7.63,71.91,67,52,4,2,1,1,14,24,41,0,0,1
20,ECE,2,5.25,51.41,54,31,3,1,2,3,21,0,60,0,0,1
22,EEE,3,8.8,84.34,112,39,6,1,1,2,25,16,68,1,1,1
21,CSE,2,7.02,82.13,281,19,6,3,1,4,76,11,62,0,1,1
21,EEE,2,7.94,80.86,183,40,1,2,6,3,25,7,68,1,1,1
21,IT,3,7.3,69.89,284,34,5,0,2,3,83,25,53,0,1,1
24,Mechanical,2,7.99,69.5,120,43,2,1,2,1,24,36,68,0,1,1
22,CSE,3,9.33,68.13,294,56,9,1,8,3,94,39,43,0,1,1
22,IT,3,5.53,64.99,123,41,2,0,4,0,33,6,36,0,0,1
22,CSE,2,7.72,58.54,227,54,6,0,2,4,65,16,55,0,1,1
22,Chemical,2,7.74,59.81,95,82,3,1,1,1,24,19,51,0,1,1
22,IT,1,7.43,80.54,307,45,6,2,7,3,90,23,47,0,1,1
21,CSE,2,6.87,83.2,198,24,6,2,5,4,59,26,43,0,1,1
21,Mechanical,3,8.16,71.76,94,46,6,1,8,1,19,15,51,0,0,1
21,Civil,2,7.47,77.2,202,34,0,2,2,1,30,24,52,0,0,1
21,Mechanical,2,7.5,70.54,136,26,2,1,2,1,27,12,27,1,1,1
20,Civil,1,7.49,82.22,148,35,1,3,6,1,28,31,59,1,1,1
21,Civil,2,7.36,75.16,124,68,2,2,5,2,23,28,40,1,1,1
21,Chemical,2,8.02,79.98,89,39,2,1,5,2,26,15,46,0,0,1
21,IT,3,7.83,62.35,258,60,7,1,2,2,95,19,48,0,1,1
21,IT,3,6.69,70.75,197,49,2,2,5,4,45,8,49,1,0,1
19,CSE,1,7.49,70.29,347,44,5,4,4,3,85,1,61,0,1,1
20,Civil,2,8.37,86.36,157,59,5,1,4,0,32,30,57,0,1,0
21,Chemical,3,8.78,74.27,174,54,4,1,7,3,25,20,41,0,0,1
22,AIML,2,8.93,76.84,244,32,5,2,4,1,77,19,50,1,1,0
20,EEE,2,8.86,65.35,128,55,3,1,1,3,23,28,43,0,1,1
18,AIML,3,7.52,75.13,201,41,6,3,9,3,49,26,41,1,1,1
19,Civil,1,8.63,78.34,208,25,5,1,0,0,32,33,48,0,1,1
21,CSE,3,7.66,72.49,223,43,6,1,4,4,64,19,31,0,0,1
20,Mechanical,3,6.72,80.43,116,35,6,2,4,2,22,12,42,0,0,1
21,ECE,2,7.4,73.81,140,42,3,1,5,3,19,15,51,1,1,1
21,AIML,2,7.33,69.04,212,73,1,1,5,3,70,11,47,0,0,1
24,Chemical,2,8.29,70.91,153,67,5,0,4,0,20,23,73,0,1,1
22,ECE,1,8.43,82.21,171,48,3,3,4,1,32,15,66,0,1,1
19,ECE,3,7.26,61.89,237,52,2,0,3,2,30,13,53,0,0,1
21,CSE,3,7.16,68.26,171,33,1,1,4,3,50,20,54,0,0,1
22,IT,2,6.92,71.26,225,28,4,0,4,3,60,24,49,0,0,0
20,CSE,2,7.22,70.24,194,49,2,0,5,1,59,8,55,0,1,1
24,ECE,2,7.41,73.2,116,35,3,2,1,2,20,5,35,0,0,1
21,EEE,1,8.03,83.61,158,48,1,0,6,2,22,4,53,1,1,1
19,AIML,2,7.6,72.41,188,32,1,2,4,0,53,22,42,0,0,1
20,Chemical,2,6.82,64.84,121,37,1,0,3,0,24,29,48,0,0,1
23,IT,3,6.94,82.97,252,46,4,1,5,4,76,19,34,1,1,1
25,EEE,1,7.66,72.56,309,55,3,4,2,0,40,22,68,0,1,1
23,Chemical,2,7.93,78.34,139,36,3,4,4,1,23,29,55,0,1,1
20,Mechanical,2,7.08,82.99,170,60,1,0,1,0,25,15,64,0,1,1
22,Mechanical,1,6.5,65.78,236,39,1,1,3,0,32,21,76,1,1,1
20,CSE,2,6.55,83.46,172,35,1,1,6,2,49,19,60,1,1,1
21,ECE,3,7.62,86.87,72,45,2,2,6,0,14,9,61,1,0,1
22,Mechanical,3,7.74,69.67,134,43,1,3,4,0,19,22,53,0,0,1
24,EEE,1,7.25,69.19,138,43,3,2,2,1,22,20,74,1,0,1
21,ECE,2,6.66,76.46,112,40,2,0,3,0,18,4,61,0,1,1
21,Chemical,3,6.16,79.85,93,33,2,0,2,2,24,15,27,0,0,0
20,ECE,2,6.35,76.11,197,52,6,0,3,0,29,5,41,1,1,0
21,Civil,2,7.17,72.66,88,39,3,2,4,0,12,11,43,0,1,1
19,Civil,2,6.16,73.47,62,13,2,1,3,0,26,12,38,0,0,1
23,Mechanical,2,7.64,79.43,170,63,3,1,5,1,32,17,64,0,1,1
18,CSE,1,8.19,78.39,328,49,7,0,5,3,84,29,65,1,1,1
22,Mechanical,2,6.34,67.13,138,15,1,0,0,4,26,14,43,0,0,1
20,Mechanical,3,6.47,76.43,112,22,0,2,2,2,18,20,35,0,0,1
21,Mechanical,2,7.42,71.91,108,37,1,1,4,0,24,29,58,0,0,0
20,IT,3,6.66,58.09,159,41,3,0,8,2,39,8,32,0,0,1
21,AIML,2,7.66,64.98,244,1,3,1,8,3,73,15,46,0,1,0
21,EEE,2,8.34,85.76,218,11,2,0,1,1,32,23,40,0,1,1
22,Mechanical,3,7.18,65.5,141,39,4,2,3,0,25,12,31,0,0,1
24,Civil,3,5.9,69.65,94,48,2,0,1,2,16,26,56,0,0,1
20,IT,2,7.64,83.42,196,58,3,0,7,3,56,20,51,0,1,1
21,AIML,3,7.06,73.86,158,24,5,0,6,7,49,10,52,1,0,1
23,Mechanical,3,7.8,91.1,101,49,6,0,1,2,15,19,35,0,0,1
20,Chemical,2,9.48,79.67,223,59,4,2,7,3,29,28,72,1,0,1
23,AIML,2,6.68,65.65,397,38,2,1,2,2,92,20,55,1,1,1
24,AIML,1,7.13,62.73,252,54,4,0,3,4,71,18,63,0,1,1
23,Civil,1,7.99,62.64,225,33,6,2,2,3,29,18,60,1,1,1
21,AIML,2,8.23,87.18,221,49,3,3,3,3,72,25,62,0,1,1
22,IT,2,9.23,71.76,271,76,8,2,5,1,66,20,65,0,1,1
21,Chemical,3,6.99,61.11,164,33,2,3,2,2,28,23,50,0,1,1
21,Mechanical,2,6.76,69.14,161,29,5,4,1,0,22,10,74,1,1,1
25,AIML,3,6.68,67.29,229,45,5,0,5,3,58,21,56,0,1,1
20,Chemical,3,6.98,67.69,102,42,2,1,4,2,16,16,55,0,1,1
22,Civil,2,7.29,82.4,77,15,5,1,3,5,14,26,44,0,1,1
21,Chemical,3,7.49,75.57,107,54,1,2,2,0,30,20,48,0,1,1
20,IT,2,7.53,80.21,225,24,5,4,2,1,66,12,53,1,1,1
22,EEE,2,6.41,86.59,90,44,2,1,1,2,21,21,74,1,0,1
22,IT,3,6.05,63.81,177,30,0,0,4,3,49,22,41,0,0,1
21,ECE,3,7.26,74.86,129,38,5,0,4,0,30,15,55,0,1,1
23,Mechanical,3,6.7,61.72,52,36,3,2,1,1,19,20,47,0,0,1
21,IT,2,6.99,83.16,196,26,10,3,4,2,60,27,37,0,1,1
23,IT,2,8.25,74.97,213,60,3,0,1,1,75,13,34,0,1,1
22,ECE,2,8.06,54.22,193,45,1,1,2,0,27,23,24,0,1,1
22,CSE,3,7.04,63.21,209,33,6,0,6,2,60,15,48,0,1,1
20,Chemical,3,8.21,86.72,107,66,2,1,2,3,33,19,31,1,1,1
21,Civil,1,8.67,64.98,166,46,2,1,1,1,26,18,62,0,1,1
23,ECE,3,8.51,76.55,142,35,4,0,5,1,29,17,42,1,0,1
19,Mechanical,2,8.82,81.71,140,59,3,1,4,3,31,23,72,0,1,1
21,Chemical,3,7.18,76.91,161,31,1,2,4,1,30,9,50,0,0,1
22,ECE,2,8.44,94.94,143,68,4,2,0,0,20,19,63,0,1,1
22,Mechanical,2,7.24,72.62,130,34,4,0,2,3,21,28,70,0,1,1
23,CSE,2,8.53,70.56,343,39,5,1,1,5,80,36,74,0,1,1
22,Chemical,3,7.15,66.74,88,28,4,0,1,3,23,26,56,0,0,1
24,CSE,2,7.52,82.21,192,40,2,1,4,1,60,8,53,1,1,1
21,Mechanical,3,6.5,53.61,210,29,3,1,2,1,31,6,52,0,0,1
22,ECE,1,6.89,73.68,197,34,5,1,0,2,21,22,74,1,1,1
23,EEE,2,7.85,86.61,109,24,2,2,6,1,17,25,43,0,1,1
22,EEE,2,8.32,77.27,194,49,5,0,4,5,22,5,56,1,1,1
19,IT,2,6.62,80.41,228,43,3,3,1,1,54,20,48,0,1,1
21,Chemical,2,8.63,62.62,202,59,2,2,3,3,29,3,68,0,1,1
21,IT,2,8.53,86.23,293,39,3,2,5,3,65,28,62,0,1,1
22,AIML,2,7.84,76.52,342,47,2,0,3,4,93,10,56,0,0,1
21,Civil,3,8.16,72.32,249,57,1,1,3,2,30,13,52,0,1,1
22,AIML,3,6.9,68.42,153,41,1,2,3,6,55,12,42,0,1,1
23,CSE,2,6.29,82.34,154,24,2,0,2,1,58,3,51,0,1,1
20,CSE,3,6.91,66.27,265,47,5,2,2,1,69,0,69,0,1,1
21,IT,1,8.76,72.57,276,65,4,3,5,4,69,20,71,0,1,1
21,Civil,2,8.57,88.74,153,48,5,0,3,0,23,18,50,0,0,1
20,EEE,3,6.34,72.4,90,38,1,0,3,2,12,12,51,0,0,1
21,CSE,3,6.33,73.74,308,19,3,0,3,1,96,13,32,1,0,0
21,ECE,3,6.59,63.88,148,28,3,0,4,1,27,25,66,0,0,1
22,EEE,3,5.7,60.93,96,42,2,1,4,0,16,22,45,0,0,0
21,Mechanical,3,6.83,84.18,63,36,0,3,2,1,14,13,58,0,0,1
19,ECE,1,8.16,78.45,190,33,1,1,4,2,26,20,72,0,1,1
21,IT,2,4.95,65.63,173,43,3,0,2,3,37,13,48,0,0,1
23,Chemical,2,7.44,71.46,219,53,6,0,2,1,32,2,57,0,0,1
21,AIML,2,8.7,76.73,195,44,8,0,5,3,72,13,71,0,1,1
20,Chemical,2,8.27,70.93,249,78,0,0,2,4,39,31,46,0,0,1
24,AIML,3,7.69,77.29,203,35,3,0,7,6,68,14,42,1,1,1
20,ECE,2,7.59,69.57,256,20,3,1,3,0,39,8,64,0,1,1
20,CSE,3,8.31,73.6,183,43,2,1,3,1,45,11,57,0,1,1
21,Civil,2,7.93,78.55,183,23,5,2,1,2,32,18,45,0,1,1
22,ECE,2,7.27,83.08,168,45,0,1,3,3,28,8,71,0,1,1
23,Civil,3,8.15,84.62,141,62,3,1,4,1,25,19,35,0,1,1
19,Civil,3,6.19,65.16,70,22,4,1,0,0,17,33,28,0,0,1
22,CSE,3,8.02,74.1,383,38,4,1,6,6,92,14,58,0,1,1
22,CSE,2,7.97,63.51,269,36,6,0,4,5,72,18,44,0,1,0
23,Civil,2,7.67,78.81,182,36,5,2,3,0,23,10,42,0,1,0
23,ECE,2,7.58,79.31,282,39,2,0,3,0,33,9,72,0,0,1
22,Civil,3,8.78,78.02,129,39,6,0,5,2,14,32,24,0,0,1
20,Mechanical,3,8.27,85.21,153,53,8,1,5,4,29,24,52,0,0,1
20,Mechanical,2,8.67,73.38,160,33,1,1,3,2,27,27,60,0,1,1
24,ECE,2,7.91,75.81,94,46,2,2,2,1,16,25,40,0,1,1
21,Mechanical,3,8.33,68.33,118,56,0,1,1,3,13,25,80,0,0,1
21,Civil,1,8.13,74.88,227,31,4,0,5,2,27,13,60,1,1,1
23,Mechanical,1,7.63,70.87,194,20,4,2,5,0,28,11,63,1,1,1
23,Chemical,3,8.02,79.7,163,27,6,1,4,3,24,20,52,0,0,1
22,AIML,3,7.13,69.96,242,32,6,0,6,0,79,8,37,0,1,1
23,Mechanical,2,8.5,85.38,137,30,1,1,7,3,22,32,69,1,1,1
19,ECE,3,6.32,58.15,86,53,1,0,1,1,23,4,49,0,1,0
22,CSE,3,7.14,76.63,160,38,3,0,4,4,57,25,34,0,1,1
24,EEE,1,7.18,53.47,155,29,4,0,3,2,23,20,64,0,1,1
19,EEE,1,9.74,80.2,216,43,5,1,6,3,38,34,44,0,1,1
20,Chemical,2,6.95,80.35,110,47,2,0,5,2,17,15,43,0,0,1
22,EEE,3,7.31,72.45,141,53,3,1,3,0,25,11,55,0,1,1
21,CSE,2,5.75,76.76,241,24,4,2,3,3,82,25,47,0,1,1
19,Chemical,3,8.81,71.05,149,51,6,0,4,2,25,24,44,0,0,1
20,IT,1,7.07,73.69,229,44,6,4,1,3,59,0,42,0,1,1
20,Mechanical,2,8.78,72.18,149,54,5,0,2,3,22,14,41,1,0,1
20,EEE,3,6.47,80.87,50,43,1,0,1,4,16,13,48,0,0,1
23,IT,2,6.68,65.25,190,49,5,3,5,0,45,26,63,1,0,1
22,IT,2,8.21,69.25,259,52,5,2,3,3,68,22,56,0,1,1
22,EEE,3,6.04,78.02,55,25,0,0,2,1,19,10,51,0,0,0
18,Civil,1,8.12,67.01,186,40,3,0,4,4,33,21,48,0,1,0
21,Chemical,2,6.86,65.95,81,17,2,3,6,1,28,28,64,1,0,1
20,Chemical,3,9.19,83.08,261,53,3,1,1,1,36,14,32,0,0,1
23,CSE,3,8.89,79.83,295,50,5,0,5,2,67,14,48,0,1,1
24,CSE,2,8.58,72.35,224,40,7,2,7,5,58,26,52,0,1,1
21,AIML,2,9.49,79.36,222,56,5,2,4,3,71,27,63,0,1,1
25,Chemical,1,7.23,85.47,177,33,5,1,4,2,30,8,22,0,0,1
18,CSE,2,8.17,68.86,237,33,10,0,4,2,66,11,70,1,1,1
20,Mechanical,1,6.95,72.07,151,53,4,1,4,0,28,15,52,0,1,1
22,Chemical,2,8.25,74.16,96,37,3,1,3,4,17,32,39,0,1,1
21,EEE,3,7.65,81.29,270,40,3,0,4,2,39,10,40,0,0,1
24,CSE,1,6.71,62.66,348,44,5,3,5,1,74,8,31,0,1,0
20,CSE,3,7.31,68.44,234,26,5,0,4,2,73,19,48,0,0,1
22,Mechanical,2,7.59,71.75,93,43,4,0,0,1,16,19,57,0,1,1
20,IT,1,7.81,70.0,297,30,5,3,4,3,68,14,53,1,1,1
20,ECE,2,9.03,81.71,222,57,4,0,4,2,37,28,60,0,1,1
21,CSE,2,6.6,75.8,274,63,1,1,5,5,64,23,63,0,1,1
24,Civil,2,6.93,74.91,116,49,4,0,6,5,20,17,47,0,0,1
21,Civil,3,4.83,52.87,35,40,1,1,2,1,19,24,28,0,0,1
22,EEE,2,8.07,73.29,148,51,1,1,2,1,26,16,58,0,0,1
18,ECE,3,8.05,73.8,198,66,4,0,3,1,33,0,59,0,0,1
19,IT,2,8.25,68.16,249,18,3,1,6,6,62,24,54,0,1,1
19,CSE,2,7.47,67.49,257,44,4,0,3,3,54,16,70,1,1,1
22,Chemical,2,6.87,84.17,82,49,4,0,4,2,18,4,61,1,0,1
20,ECE,3,6.34,75.69,38,30,2,0,2,2,9,16,71,0,0,1
20,CSE,3,7.83,66.34,192,51,2,3,1,2,67,17,46,0,1,1
21,Mechanical,2,6.8,76.09,85,29,3,1,5,2,20,23,55,1,0,1
21,Chemical,3,5.93,72.81,58,49,4,0,1,3,18,5,64,0,0,1
21,AIML,3,8.23,70.63,220,45,5,0,3,3,58,17,45,0,1,1
18,Mechanical,3,7.04,75.73,54,34,5,1,2,3,14,22,35,1,0,0
21,Chemical,2,7.64,70.98,163,32,3,1,0,4,26,19,45,1,0,1
22,CSE,3,4.47,51.34,126,23,3,0,0,1,37,16,61,0,0,1
20,Mechanical,3,7.31,70.05,99,59,4,0,3,3,25,23,52,0,0,1
22,ECE,3,7.15,65.1,157,53,4,1,3,2,22,16,58,0,0,1
18,EEE,3,8.93,74.09,94,38,4,0,3,1,23,23,59,0,0,1
23,CSE,2,7.29,76.72,203,40,5,1,3,0,66,27,64,0,1,1
24,AIML,2,4.92,69.16,179,31,2,0,1,5,35,11,42,1,0,1
18,ECE,2,7.3,75.86,178,36,1,1,2,1,24,28,63,0,1,1
21,AIML,2,7.51,76.03,404,43,4,1,2,3,83,8,45,0,1,0
21,EEE,2,8.62,70.02,119,63,5,0,4,1,23,33,53,0,1,0
23,CSE,3,7.31,67.74,165,38,6,3,2,0,47,21,44,0,1,1
21,Mechanical,3,6.97,80.36,135,43,0,3,4,1,21,6,55,0,0,1
21,AIML,3,7.22,85.52,180,53,2,0,6,4,31,16,45,1,0,1
20,Mechanical,2,10.0,81.89,149,65,4,2,6,2,29,38,54,0,1,1
19,CSE,3,7.8,77.0,187,44,6,2,2,2,55,14,40,0,0,1
22,Mechanical,3,7.09,87.53,109,57,3,1,2,1,16,11,48,0,0,1
22,CSE,3,8.25,73.37,183,35,3,0,3,2,65,9,41,0,1,0
23,CSE,3,6.34,71.4,198,12,8,0,3,0,53,11,51,0,1,1
23,IT,2,6.83,67.19,262,41,0,1,6,2,65,10,34,1,1,1
22,Mechanical,2,7.01,57.55,105,62,1,0,0,3,24,14,55,0,0,1
21,CSE,3,5.77,64.27,124,58,2,1,3,1,50,9,61,1,0,1
23,Mechanical,3,8.23,78.94,105,33,4,1,3,3,25,39,45,1,0,1
22,AIML,3,6.64,60.16,216,28,4,1,2,3,64,12,31,0,1,1
23,Chemical,2,7.61,77.82,115,19,0,1,2,2,23,27,27,0,0,1
25,AIML,3,6.84,62.79,150,38,5,0,3,2,52,11,28,0,0,1
21,CSE,2,7.79,70.58,222,51,1,1,4,2,69,32,44,0,1,0
22,Mechanical,2,9.22,78.1,260,38,4,1,7,1,37,21,61,0,1,1
22,AIML,2,7.18,66.46,228,33,2,0,1,4,72,30,50,1,1,0
20,ECE,3,6.91,72.3,89,55,1,1,1,2,21,26,44,0,0,1
22,Mechanical,3,6.21,69.04,61,58,4,1,3,0,8,18,68,0,0,1
21,Mechanical,2,7.24,73.62,115,50,2,0,3,3,27,20,26,0,1,1
21,AIML,2,5.77,78.75,208,23,1,0,2,1,65,12,56,0,1,1
20,AIML,2,8.81,72.44,247,71,6,3,4,4,80,17,41,1,1,1
22,AIML,3,6.75,74.91,145,43,1,1,3,1,54,23,46,0,1,1
22,IT,1,6.89,66.77,283,32,4,4,3,1,84,28,50,0,1,1
21,Mechanical,2,7.33,73.52,157,31,1,0,3,1,23,19,40,0,1,1
20,ECE,1,8.33,83.38,179,16,6,1,7,1,19,33,55,1,1,1
21,Civil,2,7.27,80.17,84,61,2,0,2,3,24,12,46,0,0,1
19,Mechanical,2,8.51,73.98,116,80,2,1,3,2,20,34,60,0,1,1
20,EEE,2,7.08,79.02,92,37,1,0,3,0,11,0,47,0,1,1
21,ECE,2,6.78,73.67,178,44,2,1,1,4,21,11,52,1,1,1
23,IT,2,7.44,74.66,227,39,4,2,4,4,59,28,51,0,1,0
21,IT,3,7.2,74.97,217,41,3,0,3,2,63,19,40,0,0,0
21,CSE,1,8.59,77.31,322,33,6,3,5,1,67,18,56,0,1,1
23,AIML,3,8.09,69.79,174,50,2,1,3,2,69,23,53,0,1,1
21,Civil,2,7.06,71.64,189,62,3,1,3,2,34,25,60,0,1,1
23,Civil,3,5.91,78.94,84,30,1,0,5,1,18,12,84,0,0,1
20,CSE,1,8.28,72.16,260,41,3,4,5,1,79,26,66,0,1,1
21,AIML,3,6.23,92.59,138,47,2,0,3,2,34,13,62,1,0,1
19,Mechanical,3,7.25,67.94,124,30,2,1,2,0,25,12,58,0,1,1
21,EEE,1,8.2,82.36,188,41,7,1,4,0,29,23,85,0,1,1
24,CSE,3,9.01,68.63,252,45,3,0,3,3,79,19,53,1,1,1
22,Mechanical,1,9.67,84.11,1109,81,6,3,4,0,99,42,75,1,1,1
22,Mechanical,1,8.13,64.37,270,33,4,2,1,2,36,13,64,0,1,1
20,AIML,2,5.69,74.42,271,40,0,1,4,0,80,23,55,0,1,1
24,Mechanical,2,6.47,70.94,130,54,4,0,2,0,20,14,46,0,1,1
21,Civil,3,7.2,80.0,119,49,1,1,2,3,22,22,57,0,0,0
20,EEE,2,7.17,64.54,140,65,3,1,5,0,25,33,24,0,1,1
25,Mechanical,2,7.6,75.73,146,52,5,1,5,1,33,18,51,1,0,1
21,CSE,2,7.62,78.68,295,42,4,2,2,2,62,13,56,0,1,1
21,ECE,3,6.26,74.28,120,30,1,0,5,1,30,13,54,0,0,1
19,Mechanical,3,7.9,69.05,137,44,2,0,3,1,30,26,61,0,0,1
20,ECE,2,6.66,72.36,139,48,5,1,2,2,22,5,50,1,0,1
22,IT,1,7.89,71.69,273,47,4,1,3,5,66,6,58,1,1,1
21,ECE,1,9.4,81.49,205,68,7,1,1,3,20,21,43,0,1,1
24,Mechanical,3,6.44,58.94,141,24,5,0,2,2,34,13,60,1,0,1
19,Mechanical,3,7.48,84.33,143,37,2,0,5,1,26,3,51,1,0,1
21,Mechanical,1,7.39,69.4,277,46,8,1,5,2,37,23,63,0,1,1
22,Mechanical,3,6.43,73.99,126,22,3,1,3,0,27,3,76,0,0,1
22,Chemical,1,7.86,67.02,175,48,5,2,2,2,28,19,46,1,1,1
21,ECE,2,6.8,60.13,93,8,5,0,2,2,13,19,42,0,1,1
21,ECE,1,8.46,81.78,263,55,3,4,6,1,32,37,66,0,1,1
22,IT,3,7.93,79.91,181,36,3,1,6,3,48,19,50,0,0,1
23,CSE,2,9.02,84.83,302,46,4,2,4,1,92,34,48,1,1,1
20,AIML,1,8.45,79.55,278,37,5,2,4,1,73,15,37,1,1,1
21,IT,3,7.94,83.67,214,43,3,2,6,2,72,0,46,0,1,1
22,ECE,2,5.72,70.71,91,18,2,1,2,1,12,14,62,0,0,1
20,Chemical,3,8.17,69.68,147,33,2,1,3,2,33,8,41,0,0,1
20,Mechanical,3,8.04,92.57,169,48,5,1,0,2,32,23,55,0,0,1
24,Civil,2,6.84,66.06,167,1,3,1,2,2,27,5,46,0,0,1
20,CSE,2,9.09,85.0,220,44,6,1,3,1,61,15,64,0,1,1
20,CSE,2,8.33,80.14,226,54,4,1,4,3,58,16,47,1,1,1
21,CSE,3,7.55,81.57,201,31,5,1,2,2,62,20,63,0,1,1
19,ECE,2,8.17,75.49,150,57,4,0,1,2,30,11,48,0,1,1
19,CSE,2,7.92,77.7,189,25,3,1,6,1,76,16,40,0,1,1
19,CSE,3,7.52,69.69,186,25,3,2,6,5,52,23,29,1,0,1
19,CSE,3,7.18,77.05,235,15,4,0,5,0,59,24,46,1,0,1
21,Mechanical,2,8.6,68.52,194,25,2,1,4,1,27,6,49,0,0,1
23,Chemical,1,6.5,79.68,151,21,3,2,7,2,33,15,54,0,1,1
20,CSE,2,7.68,91.04,206,49,9,0,1,2,53,6,51,0,1,1
21,CSE,1,9.05,86.68,290,34,8,2,5,2,70,25,62,0,1,1
21,IT,2,7.61,59.83,226,36,1,0,4,1,44,19,53,0,1,1
20,EEE,2,8.2,72.5,191,25,3,1,2,1,31,0,59,0,0,1
21,IT,2,7.5,80.89,230,43,4,2,6,3,60,17,49,1,1,1
21,AIML,2,6.62,63.38,160,23,1,2,5,1,53,18,41,0,1,1
20,CSE,3,8.15,66.66,262,59,6,4,2,2,73,13,69,0,1,1
21,ECE,2,8.79,79.09,187,51,3,0,2,0,30,17,55,0,0,1
18,CSE,2,7.02,69.1,240,16,5,0,3,0,69,24,45,0,1,1
23,EEE,2,7.98,71.81,143,15,2,0,5,2,33,29,61,0,1,1
25,Civil,3,7.61,64.56,123,39,2,1,2,2,19,24,54,0,1,1
23,Chemical,2,7.18,84.83,118,24,3,0,3,0,18,12,56,0,0,1
18,IT,2,8.51,70.39,316,49,7,0,7,5,72,30,71,0,1,1
22,Civil,2,7.29,70.31,148,42,2,0,3,0,31,15,47,1,0,0
21,ECE,2,6.6,74.06,140,41,1,1,1,1,24,12,52,0,0,1
19,AIML,2,7.18,71.37,208,49,2,1,5,3,43,21,55,0,1,1
24,CSE,2,7.36,70.19,176,33,5,0,3,2,60,18,64,0,0,1
22,ECE,3,6.76,78.21,111,49,5,1,2,5,21,17,64,0,0,1
20,Civil,3,6.87,74.55,125,18,4,1,3,3,14,24,36,0,1,1
24,Chemical,3,6.34,72.56,39,42,0,2,1,0,13,19,46,0,0,1
19,ECE,1,7.48,70.97,154,36,3,3,3,2,21,25,78,0,1,1
21,Mechanical,2,7.65,65.28,86,58,4,2,3,1,21,16,49,1,1,1
20,AIML,1,6.96,80.28,247,58,6,1,3,6,61,5,67,1,1,1
20,Mechanical,2,6.55,65.9,115,49,1,0,0,1,29,24,60,0,0,1
24,CSE,1,6.86,62.4,297,51,5,3,7,2,91,12,58,1,1,1
21,IT,1,7.61,71.79,280,41,3,1,6,2,68,16,68,0,1,1
20,Mechanical,2,7.04,72.02,85,1,3,0,2,2,24,13,40,0,0,1
22,IT,3,5.92,59.04,139,47,1,0,4,4,48,29,49,0,0,0
23,CSE,2,6.39,67.3,328,35,2,1,3,4,93,6,56,0,1,1
23,Chemical,1,7.65,74.33,159,53,2,2,2,0,20,21,49,0,1,1
24,AIML,2,7.15,63.8,178,35,7,0,4,2,50,28,65,0,1,1
23,CSE,2,7.4,81.42,187,47,6,1,1,2,56,19,31,1,1,1
22,IT,3,8.66,68.59,246,63,4,3,4,3,88,27,43,0,1,1
20,Mechanical,1,7.95,79.94,202,34,4,1,1,4,30,24,52,1,1,1
24,IT,3,5.74,69.4,185,37,4,1,4,4,55,15,61,1,1,1
19,Civil,3,6.78,89.47,128,36,1,1,2,1,24,21,40,0,0,1
20,AIML,3,7.62,74.79,182,46,1,1,2,1,60,29,47,1,1,1
21,EEE,3,6.75,61.75,103,39,1,2,1,1,26,21,67,0,0,1
20,CSE,2,6.63,62.32,172,51,1,0,5,5,51,5,66,0,0,1
21,CSE,3,8.09,73.65,166,35,7,4,7,1,53,27,52,1,1,1
23,CSE,2,7.12,55.29,264,40,3,3,5,5,78,22,65,1,1,1
21,AIML,3,6.58,61.59,161,36,2,0,4,1,54,18,37,0,0,1
21,EEE,3,6.59,75.45,103,38,2,2,3,0,18,19,71,0,0,1
21,Civil,1,9.15,94.43,220,34,7,1,4,1,28,25,48,0,1,1
22,Civil,2,6.5,70.08,135,39,3,1,1,3,23,9,38,0,1,1
19,EEE,3,7.15,65.45,187,54,1,0,5,1,38,7,67,0,0,1
19,IT,2,7.35,80.72,175,34,4,3,7,2,68,16,63,1,1,1
22,AIML,3,7.91,84.43,283,25,7,3,3,2,72,22,53,0,1,1
21,AIML,3,6.63,68.04,277,44,3,1,3,2,53,20,66,0,0,1
21,ECE,1,7.01,76.79,198,28,5,0,0,2,28,30,63,0,0,1
20,EEE,1,8.41,86.04,317,27,3,2,5,3,36,24,58,0,1,1
19,ECE,3,9.43,82.49,172,52,4,1,4,2,33,24,33,0,0,0
22,Mechanical,3,6.84,67.05,62,19,2,0,3,1,18,18,33,0,0,0
21,CSE,3,6.78,68.04,199,18,3,0,4,1,52,22,28,0,0,1
21,CSE,2,9.58,72.03,255,63,6,3,2,3,87,11,48,0,1,1
23,Chemical,2,7.17,67.44,130,38,1,0,1,2,16,14,75,0,1,1
22,IT,1,7.45,78.2,260,23,10,2,2,4,71,20,49,0,1,0
20,Chemical,2,7.65,72.94,119,34,2,1,4,1,16,10,62,0,1,1
22,AIML,1,8.1,65.25,365,76,9,1,6,1,74,13,62,0,1,1
20,CSE,3,7.56,76.58,206,39,5,1,3,1,56,23,43,0,0,1
20,ECE,3,8.17,83.85,199,42,7,0,5,2,38,22,59,0,0,1
22,CSE,3,6.16,68.48,131,17,0,1,3,1,52,7,51,0,1,1
19,Civil,1,7.56,73.6,172,41,4,3,5,3,33,26,74,0,1,1
20,ECE,2,8.42,87.25,136,29,3,0,3,5,21,23,51,0,0,1
23,ECE,2,5.55,75.97,119,8,0,0,4,0,26,6,67,0,0,1
22,IT,1,6.63,75.04,245,38,5,0,5,2,75,8,38,1,1,1
24,CSE,1,8.35,86.69,309,27,4,2,5,2,85,28,63,1,1,1
23,EEE,3,7.42,81.97,122,42,8,0,4,3,30,7,32,0,0,0
20,CSE,2,6.95,71.42,188,60,4,1,0,2,62,20,28,1,1,1
22,EEE,2,7.77,77.57,94,49,3,1,3,1,19,8,49,1,1,1
21,IT,3,7.72,75.57,251,21,5,2,1,2,64,24,38,1,1,1
22,Civil,2,6.74,85.44,162,25,1,0,1,1,28,4,35,0,0,0
20,ECE,1,7.68,77.61,166,26,2,1,5,1,30,26,54,1,1,1
18,Civil,3,6.35,72.81,71,32,2,0,1,3,16,2,54,1,0,1
19,CSE,3,8.33,89.76,200,51,2,1,4,3,57,7,53,0,1,1
22,Mechanical,2,6.17,70.97,184,13,2,1,1,1,32,20,68,0,0,1
19,ECE,3,7.24,70.83,109,39,3,0,5,0,23,25,48,0,0,1
21,CSE,2,8.17,61.04,260,59,3,1,5,3,73,16,46,0,1,0
23,CSE,3,9.05,75.96,217,50,10,2,2,2,64,22,37,0,1,1
22,Mechanical,3,7.19,74.34,161,31,5,1,4,3,29,23,52,0,0,1
21,IT,2,9.84,88.37,251,68,4,1,4,3,69,25,48,0,1,1
20,CSE,3,6.38,70.39,177,50,3,0,3,1,66,3,59,0,0,1
24,Mechanical,2,8.0,69.56,347,44,1,2,6,3,43,26,58,0,1,1
21,AIML,3,6.76,74.4,150,32,7,0,4,0,46,14,50,0,1,1
21,IT,2,8.89,66.1,202,52,8,0,4,3,53,13,60,0,1,1
24,CSE,1,7.67,83.65,259,61,5,1,3,4,70,11,69,1,1,1
20,ECE,1,6.87,82.03,171,25,5,1,2,1,26,13,50,0,1,0
21,Civil,3,8.4,64.63,117,51,5,1,0,2,16,27,45,0,0,1
19,Civil,2,7.13,66.9,105,57,2,2,1,2,19,29,25,0,1,1
19,IT,2,6.4,72.94,174,47,2,0,2,1,49,23,54,0,1,1
21,IT,3,7.08,84.98,153,10,4,0,4,1,44,17,50,0,0,1
22,Civil,3,8.21,75.9,202,45,3,0,4,2,28,22,43,0,1,1
20,Mechanical,3,7.22,75.85,103,48,2,1,3,1,23,10,43,0,0,1
22,AIML,3,7.02,74.23,176,47,4,1,2,5,35,8,43,1,1,1
22,Civil,2,7.5,63.13,147,59,3,0,2,3,31,6,57,0,1,1
23,Civil,2,5.46,65.08,108,13,4,0,1,3,16,12,48,1,0,0
19,IT,1,10.0,76.69,312,50,7,0,6,4,69,37,54,0,1,1
22,Civil,2,7.45,75.5,181,46,5,2,3,3,24,6,78,0,0,1
20,EEE,2,8.32,71.84,134,49,4,1,1,2,20,33,55,0,0,1
22,Civil,2,8.77,78.29,247,72,7,2,4,1,36,25,43,1,1,0
21,IT,3,6.43,70.23,140,19,5,0,2,3,44,14,55,0,0,1
22,IT,3,6.26,70.25,133,47,5,0,3,1,49,10,63,0,1,1
20,ECE,2,8.85,85.8,297,54,3,2,4,0,31,15,68,0,1,1
22,AIML,3,6.65,73.99,153,31,2,1,9,2,54,23,24,0,1,1
19,ECE,3,7.01,70.74,71,41,3,1,4,0,18,21,67,0,0,1
20,ECE,3,6.7,74.92,66,40,3,2,5,0,18,20,62,0,0,1
21,CSE,2,4.95,62.04,211,0,5,1,1,4,53,5,61,0,0,1
20,Civil,3,7.15,65.36,58,39,3,1,5,1,16,17,59,0,0,1
22,CSE,2,7.43,81.3,192,47,2,0,7,5,50,23,59,0,1,1
22,Civil,3,8.25,71.81,91,58,4,0,4,1,13,14,34,0,0,1
22,ECE,2,7.11,65.67,152,40,5,0,5,2,22,7,31,0,0,0
22,ECE,3,6.82,82.47,139,43,3,2,1,1,21,22,60,0,1,1
22,Civil,2,7.95,81.6,171,49,3,1,7,3,28,13,67,0,0,1
23,ECE,2,8.25,75.13,153,49,8,2,4,2,14,23,55,1,1,1
19,IT,3,6.35,76.57,133,34,5,3,2,3,37,9,43,0,1,1
21,CSE,3,5.65,64.84,174,32,3,0,3,3,49,15,29,0,0,1
22,Mechanical,2,9.39,83.41,233,62,5,2,1,1,41,19,59,0,1,1
20,Civil,1,9.07,79.41,278,39,6,4,1,1,44,24,49,0,1,1
20,ECE,3,6.77,69.12,68,28,4,1,1,3,21,25,44,0,0,1
20,AIML,3,7.06,74.4,186,34,2,0,5,1,51,4,56,1,1,0
21,Chemical,2,7.45,66.01,174,36,1,0,3,0,31,23,40,1,0,1
21,EEE,2,6.75,67.62,147,25,0,3,4,1,25,6,52,1,1,1
22,ECE,2,6.98,57.99,127,38,8,1,3,1,22,9,56,0,0,1
21,Mechanical,2,7.38,71.33,179,43,4,0,5,4,39,32,66,0,0,1
22,IT,2,6.27,71.85,232,51,6,0,2,2,69,13,63,0,0,1
20,Mechanical,2,9.47,70.21,224,42,8,0,4,6,26,26,53,0,0,1
22,IT,1,6.3,72.81,338,29,1,4,3,0,92,17,52,0,1,0
22,AIML,3,5.54,52.36,162,56,3,0,3,4,50,18,64,0,1,1
20,AIML,3,8.1,71.8,251,32,9,3,3,5,82,22,44,0,1,1
20,Civil,3,6.99,71.69,97,44,3,1,2,2,18,9,44,0,0,1
20,Mechanical,3,7.69,74.47,81,25,2,0,2,2,13,25,32,0,0,1
24,AIML,2,7.48,75.57,311,43,8,1,3,2,95,17,38,0,1,1
20,CSE,2,7.16,61.3,313,37,2,2,2,4,65,19,52,1,1,1
18,CSE,2,7.4,74.84,236,47,3,1,8,1,69,11,59,0,1,1
20,IT,3,7.68,79.32,185,39,2,0,5,5,51,28,57,0,1,1
19,EEE,1,8.7,74.71,208,56,5,0,0,2,33,31,27,0,1,0
21,EEE,3,6.69,69.72,50,41,6,2,3,1,11,14,44,0,0,1
22,CSE,3,7.73,64.66,219,68,5,2,5,4,49,11,48,1,1,1
21,ECE,3,6.94,78.23,67,26,5,1,2,2,14,27,43,0,0,1
23,ECE,3,7.02,63.58,125,22,3,1,3,2,20,17,59,0,1,1
19,AIML,3,6.59,78.62,194,33,7,4,5,2,61,17,31,1,1,0
21,Mechanical,3,7.08,88.03,114,45,2,0,4,2,34,12,58,0,1,1
22,EEE,2,6.44,67.11,90,44,7,0,3,1,19,20,51,0,1,1
22,Mechanical,3,6.37,64.96,201,26,2,0,3,1,30,19,50,0,0,1
23,Mechanical,3,6.56,69.67,160,58,2,1,2,1,20,1,66,1,0,1
20,Civil,3,5.41,74.27,61,27,2,0,1,0,10,13,44,0,0,1
21,Mechanical,3,6.53,64.48,122,14,5,0,8,2,16,18,54,0,0,1
22,Mechanical,3,6.9,57.05,134,39,6,1,3,3,23,23,57,0,0,0
20,ECE,3,7.64,82.32,124,40,1,0,2,1,23,4,52,0,1,1
22,AIML,2,6.29,70.28,233,30,7,1,3,2,62,17,56,1,1,1
20,CSE,2,7.44,72.2,258,43,2,2,4,4,63,30,57,1,1,1
19,ECE,2,7.79,75.3,119,45,3,1,2,0,20,17,68,0,1,1
22,Mechanical,1,7.49,68.2,209,29,2,2,4,1,35,19,55,0,1,1
22,EEE,2,7.63,73.03,140,28,3,0,2,2,14,24,48,0,0,1
23,CSE,2,7.65,76.28,226,29,4,2,8,1,71,27,45,1,1,1
23,AIML,2,7.16,76.27,192,65,3,2,4,5,60,9,47,0,1,1
20,ECE,1,7.15,73.06,149,35,5,0,4,2,29,6,59,0,1,1
22,IT,3,7.46,56.92,177,55,7,0,3,1,54,15,58,0,1,1
25,Mechanical,3,6.39,68.12,74,49,5,0,6,1,28,13,39,0,0,0
20,CSE,3,5.4,67.56,168,23,2,1,2,4,53,6,47,0,0,1
21,IT,2,6.84,72.76,206,43,5,2,2,3,64,11,52,0,1,1
23,ECE,3,6.83,68.76,177,44,3,0,6,3,39,0,63,0,0,1
19,Chemical,2,7.59,87.91,126,30,3,0,1,0,16,24,62,0,1,1
24,Chemical,3,7.4,70.45,190,29,4,2,0,1,31,15,47,0,0,1
21,IT,3,6.76,74.66,182,44,10,3,7,5,54,5,51,0,1,1
23,IT,3,7.38,70.27,184,39,3,1,8,3,47,26,62,0,1,1
22,Chemical,3,8.07,79.05,95,15,3,2,5,6,23,11,36,1,0,1
22,Civil,2,7.3,62.91,130,31,2,2,2,2,20,4,35,0,1,1
22,Mechanical,3,6.52,81.33,62,23,0,1,1,1,15,22,61,0,0,1
19,EEE,1,7.36,75.8,183,34,4,0,7,4,32,24,67,1,1,1
22,Mechanical,2,8.06,71.99,100,24,6,0,3,1,25,17,55,0,0,0
24,Mechanical,1,6.48,67.82,143,35,6,5,2,2,22,0,55,0,1,1
24,Civil,2,8.02,70.38,147,47,2,1,2,1,28,33,50,0,1,1
24,Mechanical,2,6.98,69.75,134,35,5,1,3,2,22,13,31,1,0,1
22,EEE,3,8.23,76.08,254,39,2,1,2,3,38,16,48,1,1,0
22,Chemical,2,7.68,70.55,161,32,5,2,3,3,29,22,44,1,0,1
21,Chemical,3,7.81,80.02,218,46,1,0,1,2,32,30,59,0,0,1
21,IT,2,8.22,91.76,264,25,2,0,11,2,61,24,53,0,1,1
21,Chemical,1,8.62,75.92,225,71,3,3,1,0,34,29,59,0,1,1
19,IT,2,8.16,60.41,282,59,2,0,5,5,92,27,48,0,1,1
19,AIML,3,6.5,68.26,185,3,3,4,3,1,71,14,36,0,1,1
21,AIML,3,7.93,74.53,197,62,4,1,5,6,31,18,59,0,1,0
20,CSE,3,6.15,74.87,183,36,2,0,2,0,51,6,50,0,1,1
20,IT,3,6.29,65.05,143,36,2,1,4,2,36,21,53,1,0,1
20,Chemical,3,7.22,68.17,61,33,4,4,0,2,6,8,54,0,1,1
22,IT,3,8.35,71.61,224,54,3,0,3,1,65,28,31,0,1,1
24,Civil,3,7.2,63.94,181,32,4,0,4,3,29,6,59,1,0,1
22,CSE,2,6.77,59.08,316,26,3,3,2,3,75,9,43,1,1,1
24,CSE,3,7.82,75.53,187,36,7,5,3,1,64,28,51,0,1,1
23,CSE,3,6.9,61.84,171,30,3,1,8,1,43,18,63,1,1,1
20,ECE,2,7.84,72.84,164,41,2,2,1,1,22,21,40,0,1,1
20,Chemical,2,7.56,78.66,177,44,3,1,5,3,24,17,57,0,1,1
20,AIML,2,6.63,64.71,248,4,1,3,7,2,64,24,48,0,1,1
19,IT,3,8.27,84.36,214,51,0,2,5,5,55,14,62,0,1,1
21,Civil,1,6.3,64.94,144,31,2,3,3,1,21,24,72,0,1,1
20,ECE,2,6.69,60.65,94,44,1,0,2,1,19,14,45,0,1,0
23,IT,3,7.85,72.09,249,44,4,3,4,3,69,22,53,1,1,1
21,ECE,2,9.89,83.95,143,28,3,1,5,1,24,27,72,0,1,1
21,Mechanical,3,5.8,74.07,117,32,4,1,0,2,21,25,50,0,0,1
25,IT,3,7.2,75.59,315,32,3,1,2,3,79,11,68,0,1,0
24,EEE,2,5.45,79.7,74,3,1,1,2,2,17,29,51,0,0,1
22,Mechanical,2,7.33,74.74,251,31,5,1,1,1,39,18,60,0,0,0
22,CSE,3,6.75,67.82,138,20,3,2,1,2,44,25,45,0,1,1
25,Mechanical,1,7.74,74.3,233,49,2,2,1,1,37,13,60,0,1,1
21,Chemical,3,8.51,68.05,112,64,3,0,8,5,19,22,63,0,0,1
23,CSE,2,8.19,82.0,276,48,5,2,2,2,76,28,51,0,1,1
19,CSE,3,7.01,62.66,161,46,4,1,2,2,52,19,46,0,0,1
21,EEE,3,7.91,68.0,135,30,3,1,4,1,34,14,41,1,0,1
21,Mechanical,2,7.52,73.06,153,48,3,0,2,2,26,21,53,0,0,1
19,ECE,3,6.43,63.87,139,27,4,0,6,0,25,7,49,0,0,0
19,Chemical,2,7.42,76.28,128,17,5,1,3,4,31,31,42,1,1,0
18,CSE,2,7.87,77.15,229,40,7,2,4,1,69,24,62,0,1,1
20,CSE,2,10.0,87.03,235,59,3,2,10,2,62,26,39,0,1,1
19,CSE,3,8.44,81.0,178,60,3,1,4,4,67,12,35,0,1,1
21,Civil,2,8.08,77.39,170,39,5,2,4,0,28,22,68,0,1,1
22,CSE,3,5.8,67.97,153,16,3,1,2,1,35,19,59,0,0,1
21,EEE,2,7.64,79.32,140,45,5,2,3,0,29,16,48,0,1,1
22,Chemical,2,8.7,77.8,118,46,4,1,5,4,18,31,49,1,1,1
19,CSE,2,7.95,85.21,215,35,3,1,4,3,76,27,69,0,1,1
23,CSE,2,8.46,83.32,285,48,5,1,4,3,71,25,57,0,1,1
20,Civil,2,7.92,73.42,138,56,1,1,5,1,24,15,52,1,1,1
20,AIML,2,8.36,85.05,247,43,4,2,9,1,81,34,27,0,1,1
21,ECE,2,6.03,79.81,89,68,3,0,2,1,9,14,63,0,1,1
24,EEE,3,8.74,92.8,182,32,4,1,5,1,29,32,49,1,0,1
25,Mechanical,3,8.03,83.64,151,45,3,0,4,1,32,5,72,0,0,1
22,CSE,2,8.5,69.71,234,53,4,0,5,3,84,14,63,0,1,1
22,Civil,3,7.46,67.16,108,18,4,0,2,3,14,32,53,0,0,0
21,Mechanical,2,7.95,68.09,128,44,3,0,4,0,23,14,66,0,0,1
22,CSE,3,7.97,82.54,189,24,2,4,7,3,47,17,52,0,1,1
20,CSE,2,7.35,91.3,383,30,3,0,5,2,92,19,41,0,1,1
20,Mechanical,3,6.67,73.91,132,25,3,0,3,1,28,17,53,0,0,1
25,ECE,2,6.55,71.27,75,24,1,0,3,2,11,28,47,0,0,1
25,ECE,1,7.64,77.96,199,76,4,2,4,3,26,21,56,0,1,1
20,AIML,2,6.76,75.62,220,32,5,1,4,5,59,20,68,0,0,1
20,Mechanical,2,6.88,80.88,71,45,2,0,2,2,20,17,54,0,0,1
20,CSE,2,8.75,73.89,304,34,3,0,3,4,69,19,49,0,1,1
21,IT,3,8.73,81.13,262,52,1,3,4,8,64,17,62,0,1,1
20,Mechanical,3,7.05,78.28,179,19,5,1,2,1,26,6,38,1,0,1
22,Chemical,1,8.86,80.11,337,76,3,4,3,3,45,30,68,1,1,1
19,AIML,1,7.59,63.35,237,49,4,0,8,4,49,4,60,0,1,1
19,EEE,2,7.18,59.79,79,44,5,3,2,2,17,5,65,0,1,1
20,CSE,2,7.81,65.34,218,37,2,2,6,3,55,27,58,0,1,1
22,AIML,2,6.87,79.73,162,39,5,0,3,4,57,12,76,1,1,1
20,CSE,2,7.21,84.1,197,62,4,0,4,3,53,26,75,0,1,1
21,Civil,3,8.49,69.47,104,43,5,3,3,1,24,44,45,0,1,1
22,IT,2,7.78,80.6,232,46,4,1,8,1,58,35,31,0,1,1
22,Civil,3,7.67,60.3,102,25,1,1,2,3,14,3,50,0,0,1
20,CSE,3,7.16,68.56,230,54,6,1,1,3,79,12,63,1,1,1
22,Mechanical,3,7.08,75.24,198,40,6,0,8,2,41,12,54,0,0,0
20,ECE,3,7.45,79.71,90,45,2,2,3,1,24,8,55,0,1,1
22,Mechanical,3,8.01,70.89,110,30,7,0,5,3,29,18,54,0,0,1
21,Chemical,2,7.79,74.19,127,27,1,2,3,2,18,29,57,1,0,1
24,Chemical,3,7.87,74.68,123,37,4,0,3,3,27,6,50,0,0,1
25,Civil,3,5.82,59.27,49,38,3,0,5,1,15,3,37,0,0,1
22,AIML,3,6.5,78.14,227,40,4,1,2,0,74,15,60,0,1,1
23,Mechanical,2,6.98,73.68,144,39,1,3,3,0,21,25,65,0,1,1
20,Chemical,2,7.87,69.6,114,25,2,0,5,0,27,22,47,1,0,1
22,IT,3,7.66,74.06,162,26,1,1,8,3,60,19,60,1,1,0
20,IT,2,8.05,83.46,342,44,3,4,2,4,81,24,48,0,1,0
20,ECE,3,7.06,66.95,144,4,1,1,6,3,26,13,51,0,1,1
21,Mechanical,3,7.44,65.76,62,29,4,1,4,2,14,22,43,0,0,1
22,AIML,2,9.01,71.07,442,54,2,0,4,4,94,35,48,0,1,1
22,CSE,3,7.38,90.42,258,60,6,1,6,3,77,14,56,0,1,1
23,AIML,3,5.77,74.68,189,30,1,0,4,0,67,8,61,0,1,1
21,EEE,2,7.91,68.47,119,54,2,0,2,1,27,11,38,0,1,1
24,CSE,3,8.36,77.53,257,56,1,0,9,2,68,21,52,0,1,1
23,Chemical,3,8.32,78.4,87,36,4,3,2,3,23,25,43,0,1,1
23,ECE,2,7.22,73.51,112,61,3,3,4,2,19,13,51,0,1,1
20,CSE,2,7.28,69.3,285,47,6,5,0,0,75,13,43,0,1,1
21,Mechanical,3,7.99,65.81,127,46,6,0,0,0,27,18,65,0,0,1
22,AIML,3,7.47,68.82,244,58,8,1,2,2,63,0,45,0,1,1
25,Mechanical,3,7.82,71.41,84,55,3,1,4,4,28,12,46,0,0,0
18,Civil,3,6.86,77.75,76,46,2,3,4,5,14,17,53,0,0,1
20,ECE,3,7.66,75.71,139,21,2,1,4,2,26,7,32,0,0,0
20,CSE,2,7.04,76.43,248,42,3,1,5,2,53,22,38,1,1,0
20,ECE,3,7.17,65.06,108,40,3,2,6,2,18,14,54,0,1,0
22,EEE,2,6.58,69.3,134,34,3,1,1,2,24,19,43,0,1,1
19,IT,3,6.66,78.68,196,45,1,0,5,4,46,12,74,1,1,1
21,Mechanical,2,6.28,61.17,95,24,1,0,3,1,21,21,56,0,0,1
22,AIML,2,6.17,81.56,180,44,4,2,3,3,68,17,49,0,1,1
21,Civil,1,6.95,73.04,190,35,2,2,7,2,26,0,46,0,1,1
20,ECE,3,7.71,79.2,112,50,2,0,3,0,14,13,54,1,0,1
21,EEE,2,7.7,61.31,184,22,2,1,2,0,30,16,48,0,1,1
21,CSE,3,8.06,80.84,265,46,4,4,9,2,78,13,39,0,1,1
25,AIML,3,6.96,66.19,190,11,3,0,1,3,61,9,53,1,0,0
22,ECE,2,6.21,70.41,94,50,2,1,2,0,21,25,37,0,1,1
25,Mechanical,3,7.65,66.1,145,44,2,0,4,0,17,17,57,0,0,1
20,Chemical,3,7.33,80.5,151,35,2,1,6,0,24,8,47,0,0,1
22,CSE,1,7.63,67.03,236,47,1,2,4,2,64,23,55,0,1,1
21,Chemical,2,6.57,74.34,142,33,1,1,1,0,11,12,65,1,0,1
22,IT,3,7.03,75.05,286,22,2,1,3,2,75,30,43,1,1,1
21,Chemical,1,8.32,78.54,260,42,2,1,4,2,44,30,67,0,1,1
20,CSE,2,6.47,69.46,207,28,3,1,4,5,50,11,56,0,1,1
19,ECE,2,5.94,72.86,242,20,0,2,3,0,26,7,62,0,0,1
23,Mechanical,3,7.47,73.51,141,32,3,2,3,3,23,21,42,0,0,1
22,IT,3,6.66,69.46,173,31,2,1,2,3,46,11,37,0,0,1
20,Chemical,1,8.38,81.99,269,58,1,2,9,0,43,13,59,0,1,1
22,Chemical,3,7.06,86.97,103,51,3,0,3,3,18,22,41,1,0,1
22,IT,1,6.86,71.75,325,43,5,3,6,3,81,23,63,0,1,1
21,CSE,3,7.47,64.6,219,57,3,0,5,3,73,22,36,0,0,0
20,CSE,3,7.32,71.49,202,60,0,2,3,3,59,17,40,0,1,0
23,CSE,1,7.72,79.17,303,74,7,2,6,1,79,17,62,1,1,1
22,Mechanical,3,6.43,68.09,69,20,3,1,4,2,17,22,47,1,0,1
22,CSE,1,8.77,68.01,294,58,4,1,7,1,71,22,47,0,1,1
22,ECE,2,6.99,74.15,156,47,3,1,6,0,18,18,58,0,1,1
22,CSE,1,8.97,77.3,354,53,7,1,5,4,84,38,76,0,1,1
20,Civil,2,6.04,64.93,193,24,3,1,1,1,31,1,51,0,0,1
24,AIML,2,8.23,78.28,254,55,5,0,6,1,71,15,75,0,1,1
20,Mechanical,3,7.77,81.17,148,66,5,1,2,2,26,18,60,0,1,1
23,EEE,2,7.24,70.28,88,59,4,0,3,2,24,14,51,0,1,1
23,IT,3,5.93,74.68,141,50,3,3,5,2,57,16,57,1,1,1
22,Mechanical,2,7.54,74.9,128,42,7,1,2,5,26,0,51,0,1,1
21,CSE,2,5.92,61.92,198,1,5,1,5,2,57,17,59,0,0,1
19,Mechanical,2,7.11,59.19,101,39,3,0,6,4,21,21,48,0,0,1
21,CSE,3,8.01,77.25,255,36,4,1,3,7,53,10,65,0,1,1
21,CSE,3,7.18,72.57,197,68,3,1,2,0,49,28,44,0,0,1
19,Chemical,2,7.32,68.44,124,41,6,1,3,1,32,18,59,0,1,0
19,CSE,1,8.92,74.38,341,45,4,1,10,4,92,20,57,1,1,1
25,AIML,2,7.61,66.16,244,42,6,3,3,2,88,12,56,0,1,1
20,CSE,3,8.8,80.03,222,55,5,2,6,5,66,25,59,0,1,1
20,Mechanical,1,7.46,66.51,220,40,2,0,1,1,39,17,79,0,1,1
20,Mechanical,3,8.21,74.35,125,44,5,1,2,2,15,21,40,0,0,1
22,CSE,3,7.21,69.75,203,52,5,0,4,3,45,26,53,0,1,1
21,ECE,2,7.79,64.41,190,20,1,1,3,1,37,27,54,1,1,1
22,Civil,2,6.79,76.0,174,45,3,2,4,1,30,21,62,0,1,1
21,Mechanical,2,7.71,73.46,162,36,2,0,2,3,33,17,63,1,1,1
18,Mechanical,3,7.61,91.04,131,56,5,0,3,0,25,18,52,0,1,0
21,CSE,2,7.6,68.28,223,40,2,2,5,5,61,30,43,0,1,1
19,AIML,1,6.27,82.58,242,24,1,1,4,4,81,6,66,0,1,1
23,ECE,3,8.22,76.68,283,48,4,2,6,3,32,1,59,1,1,1
19,ECE,2,7.76,71.5,229,34,2,0,3,2,32,20,57,0,1,1
20,Mechanical,3,7.72,67.8,110,60,1,0,2,2,20,22,63,0,0,1
21,Civil,2,8.78,68.76,191,53,2,2,2,1,30,21,57,0,1,1
20,Mechanical,3,7.28,68.8,159,26,3,0,1,3,26,7,43,0,0,1
21,ECE,2,8.07,70.66,116,35,3,2,3,3,24,22,36,0,1,1
21,EEE,3,8.0,72.65,131,42,5,1,3,3,26,7,49,0,1,1
24,CSE,1,7.51,68.9,301,38,3,1,1,1,91,40,77,0,1,1
19,ECE,2,7.5,80.25,252,43,2,2,3,1,30,18,48,0,1,1
21,CSE,1,7.07,65.04,286,19,3,2,4,1,63,9,52,1,1,1
22,Mechanical,3,5.26,61.62,28,51,0,0,1,0,12,15,47,1,0,1
19,Mechanical,3,6.71,69.65,153,29,2,0,1,2,23,23,68,0,0,1
22,Chemical,2,6.32,64.44,159,23,3,2,5,2,21,15,55,0,1,1
23,ECE,3,6.07,75.98,88,18,2,1,0,3,19,11,43,0,0,1
22,CSE,2,6.9,65.55,196,23,2,1,1,0,59,22,49,0,1,1
24,CSE,2,9.51,78.1,282,62,6,1,7,4,69,29,56,0,1,1
22,Civil,1,6.76,68.78,195,30,3,0,4,4,23,13,52,0,0,1
21,CSE,2,7.93,72.6,290,24,5,2,7,2,98,8,54,1,1,1
24,IT,1,6.15,84.53,254,26,6,2,3,3,75,24,65,1,1,1
20,CSE,2,7.75,83.42,307,45,6,0,3,2,73,23,56,1,1,1
21,Mechanical,2,8.07,79.17,131,53,5,2,5,3,26,20,40,0,0,1
22,IT,2,6.55,72.78,235,17,2,2,6,3,70,0,49,0,1,1
23,IT,2,6.94,84.92,181,5,6,0,6,5,48,18,46,0,1,1
23,Mechanical,1,6.95,70.78,203,22,2,0,2,0,30,17,54,0,1,1
19,EEE,3,7.77,72.54,99,67,4,1,4,2,21,14,59,1,1,1
22,EEE,2,7.74,74.01,126,11,1,1,6,0,33,11,63,0,0,1
20,CSE,2,8.17,74.99,212,29,4,2,1,2,74,16,55,0,1,0
22,AIML,2,7.36,75.41,247,42,2,1,3,3,67,18,68,0,1,1
22,AIML,3,6.04,69.53,157,62,3,1,5,1,54,14,57,0,1,1
20,Chemical,3,6.4,55.18,50,27,4,1,4,1,26,0,47,1,0,1
23,AIML,3,6.19,71.34,137,36,4,0,5,2,30,0,45,0,0,1
21,IT,3,6.61,74.2,280,51,2,2,3,3,90,32,36,0,0,1
21,CSE,2,6.99,75.33,252,24,4,2,6,4,62,17,62,0,1,1
25,ECE,2,7.09,67.8,102,59,2,0,0,0,30,27,45,0,0,1
22,CSE,3,7.21,63.08,148,26,2,2,2,5,39,14,39,0,1,0
21,Mechanical,2,5.9,76.63,70,40,2,0,1,2,26,28,42,0,0,1
18,Civil,3,8.03,73.08,152,77,1,0,4,0,29,8,45,0,0,1
20,ECE,3,7.58,70.87,177,32,4,3,2,0,35,24,47,0,1,1
18,Civil,2,7.17,68.53,245,37,3,1,3,0,34,14,35,0,1,1
20,CSE,2,7.02,75.8,224,31,1,2,4,4,63,16,41,0,1,1
20,ECE,3,6.9,78.26,78,35,0,1,2,0,16,4,56,0,1,1
21,CSE,3,7.03,75.12,159,31,1,2,3,2,46,2,53,1,1,1
22,IT,2,7.87,77.57,232,51,2,0,3,3,53,18,48,0,1,1
20,ECE,1,7.61,71.58,149,42,4,1,3,2,25,18,57,0,1,1
21,Mechanical,3,7.58,70.99,103,45,4,2,3,0,23,0,48,0,0,1
23,Mechanical,2,7.56,71.3,192,39,4,1,2,3,30,11,48,0,1,1
20,Chemical,2,6.98,74.9,176,36,4,2,1,1,25,19,51,0,1,1
22,AIML,2,6.12,65.57,172,33,1,1,2,3,58,2,65,0,1,1
19,Mechanical,3,8.51,80.97,161,47,8,0,2,5,32,30,61,0,1,1
21,Civil,2,8.02,79.86,166,39,0,2,1,1,31,29,65,0,1,1
22,IT,2,8.58,81.98,223,56,3,1,8,3,54,25,66,1,1,1
19,ECE,2,7.07,69.6,137,35,2,1,2,0,25,15,49,0,0,1
20,Mechanical,2,7.78,68.77,96,49,4,1,5,2,16,26,35,0,0,1
23,CSE,1,7.22,73.12,244,43,4,2,10,3,74,33,50,0,1,1
20,EEE,2,8.05,72.36,165,64,3,1,2,3,26,25,54,0,1,0
22,ECE,1,9.08,74.65,185,34,6,4,4,1,32,28,79,0,1,1
21,IT,1,9.04,76.94,269,50,4,1,6,3,90,32,56,0,1,1
20,Chemical,2,7.53,78.18,172,45,2,0,2,1,35,8,62,0,1,1
22,CSE,3,7.97,69.49,168,53,7,1,9,3,37,25,26,0,1,0
21,Chemical,2,7.94,87.07,118,37,2,2,4,1,24,24,56,0,0,1
19,EEE,3,7.47,77.47,206,55,3,0,2,2,33,25,29,1,1,1
24,CSE,2,7.86,71.89,195,16,0,1,5,5,59,25,46,1,1,1
21,CSE,3,6.69,76.38,217,37,4,2,6,1,63,17,36,0,0,1
22,Mechanical,2,6.19,63.58,87,53,5,0,0,1,25,17,66,0,1,1
20,CSE,3,7.72,75.77,210,41,7,1,8,1,55,25,78,0,1,1
20,CSE,3,6.42,73.55,155,28,2,3,5,2,50,12,44,0,1,1
22,ECE,2,6.78,76.23,161,49,1,1,2,4,25,9,39,0,0,1
22,Chemical,2,7.12,71.78,143,36,1,3,0,0,39,18,58,0,1,1
20,IT,3,8.63,70.04,265,27,8,0,4,5,65,19,62,0,1,1
22,ECE,3,7.29,73.24,154,47,6,2,2,1,24,19,54,0,1,0
21,Mechanical,2,6.75,80.13,151,25,3,1,2,1,23,22,42,0,0,1
20,EEE,1,6.7,66.71,180,44,3,4,5,1,28,13,48,1,1,1
22,AIML,3,7.2,68.07,204,50,2,2,4,7,73,19,50,0,1,1
21,ECE,3,7.17,71.23,81,55,1,0,2,1,26,1,52,0,1,1
21,ECE,1,6.76,75.57,173,43,3,5,4,1,24,18,62,0,1,1
22,CSE,2,7.61,66.66,251,51,3,0,6,4,65,10,43,0,1,1
21,CSE,3,5.95,64.73,154,29,5,1,5,1,59,15,52,0,1,1
24,EEE,3,6.43,63.43,85,49,5,0,0,1,18,8,67,0,1,1
22,CSE,1,8.91,88.04,270,62,7,2,4,4,80,22,60,0,1,1
21,Mechanical,1,6.76,65.05,149,48,2,1,1,2,19,11,55,0,1,1
21,ECE,1,7.63,75.23,206,52,4,0,2,3,32,27,64,0,1,1
24,CSE,3,7.67,69.86,212,31,4,1,5,2,45,11,50,0,1,1
23,Chemical,3,8.89,81.12,160,66,3,1,2,3,23,28,42,0,0,1
20,Civil,3,8.64,84.27,252,56,1,0,4,2,38,19,29,1,0,1
20,EEE,2,8.05,74.52,151,8,5,0,4,1,32,27,72,1,1,1
21,Mechanical,2,6.58,76.33,93,53,2,1,2,1,22,15,59,0,0,1
23,EEE,3,6.53,74.91,94,32,6,0,5,2,12,9,63,0,0,0
24,CSE,3,6.94,73.84,380,40,4,1,1,4,97,23,60,1,1,1
22,EEE,3,9.42,86.24,153,48,2,0,5,2,30,30,66,0,1,1
20,AIML,3,7.77,90.54,161,52,0,0,2,7,49,14,43,0,1,0
23,Chemical,3,7.3,81.96,263,44,8,1,3,1,37,27,68,0,1,1
19,IT,2,7.66,63.35,241,39,1,1,6,3,56,37,36,1,0,1
21,Mechanical,3,8.5,67.55,113,23,2,2,1,2,32,17,26,0,0,1
21,CSE,3,6.83,71.19,174,58,3,0,4,1,50,17,51,0,0,1
21,ECE,2,7.56,59.97,109,38,3,1,4,4,22,29,46,0,1,0
21,CSE,2,7.3,72.28,178,25,9,2,1,6,46,12,48,0,1,1
20,IT,2,6.88,61.36,275,71,5,0,4,2,81,14,54,0,1,1
20,ECE,3,7.13,73.9,149,53,1,1,3,2,29,19,62,0,0,1
22,EEE,2,7.79,77.59,108,35,5,1,2,5,22,20,55,0,1,1
19,IT,3,7.59,73.2,192,23,5,5,5,2,51,27,54,0,1,1
21,CSE,3,8.53,74.82,307,45,6,0,0,1,90,23,32,0,1,0
20,EEE,2,6.96,67.28,91,55,3,2,2,0,26,20,49,0,0,1
20,CSE,2,7.69,75.23,195,25,3,0,6,4,47,16,52,0,1,1
20,Mechanical,1,6.73,62.99,234,33,5,1,2,2,38,22,64,1,1,1
22,Mechanical,2,7.43,67.38,138,57,3,3,7,2,22,18,52,1,0,1
21,Mechanical,3,6.04,72.21,187,6,3,2,3,3,26,20,54,0,0,1
20,Chemical,3,7.75,72.28,160,28,2,0,3,0,20,16,49,0,0,1
23,IT,2,9.04,75.58,269,46,2,0,6,3,81,3,53,0,1,1
19,ECE,2,8.37,83.4,116,41,0,2,2,0,18,18,48,0,1,1
22,EEE,2,7.16,72.54,240,44,3,2,2,1,38,18,35,0,1,1
20,EEE,3,8.17,72.77,197,16,3,2,5,0,32,33,21,0,0,1
23,EEE,1,6.48,75.4,204,41,1,0,3,3,26,33,60,1,1,1
18,Chemical,1,8.12,69.62,271,41,0,2,3,1,42,11,53,1,1,1
21,ECE,3,9.51,58.02,139,57,4,1,5,0,22,28,58,0,1,1
22,Civil,3,7.71,84.18,108,27,2,2,4,3,16,7,81,0,0,1
21,EEE,2,7.27,64.91,83,18,0,2,3,0,26,16,48,0,1,1
22,Mechanical,2,7.21,84.66,140,30,2,1,2,1,16,33,59,0,0,1
19,IT,2,7.73,70.76,196,41,3,1,2,5,49,4,63,0,1,0
21,IT,3,7.3,60.12,180,33,4,0,4,2,50,8,56,0,0,1
23,Chemical,2,7.08,66.08,74,21,1,2,3,0,20,2,54,1,0,1
23,Civil,1,7.61,76.9,279,27,7,0,5,1,33,5,55,0,1,1
21,ECE,2,6.07,80.28,146,23,3,1,2,5,27,21,62,1,0,1
21,ECE,3,7.96,81.7,78,70,5,1,3,2,25,25,54,0,0,1
22,AIML,2,8.4,83.93,299,59,4,1,3,4,75,13,44,0,1,1
22,AIML,2,8.08,66.95,217,44,2,2,3,0,64,17,43,1,1,1
23,AIML,2,7.19,78.7,180,37,5,2,2,5,64,24,65,0,1,1
23,Chemical,3,7.64,72.76,86,56,1,1,3,2,28,14,65,0,1,1
21,AIML,3,7.68,86.83,222,42,2,1,2,3,60,19,45,0,1,1
22,ECE,2,7.23,76.31,207,39,5,4,3,1,32,4,51,1,1,1
21,Mechanical,2,8.46,79.77,109,31,4,4,1,4,16,18,54,0,1,1
19,EEE,3,8.05,66.02,187,58,8,2,2,3,29,28,41,0,1,1
23,Mechanical,3,8.19,80.61,113,38,4,1,9,6,21,22,48,1,0,1
21,IT,3,7.62,70.05,235,30,6,1,6,0,61,16,53,0,0,1
19,IT,1,6.46,75.38,220,34,8,1,4,1,61,11,68,0,1,1
22,ECE,2,5.6,66.56,64,51,4,2,6,1,12,28,61,0,1,1
20,EEE,2,7.07,69.09,108,40,4,1,0,0,26,12,53,1,1,1
19,Chemical,2,6.77,75.21,90,23,0,0,3,1,22,2,62,0,0,1
21,EEE,3,7.28,74.38,145,35,3,1,2,3,29,18,39,0,0,0
22,Mechanical,3,6.35,61.55,79,43,2,2,1,0,15,24,72,0,0,1
21,Chemical,2,6.51,81.43,93,43,1,0,3,4,19,19,28,0,0,1
18,CSE,2,5.75,66.94,195,25,2,1,3,4,66,18,66,0,1,1
21,AIML,2,6.31,76.2,205,10,2,1,3,6,70,19,37,1,1,1
18,CSE,3,6.95,71.42,199,38,1,0,2,4,51,19,46,1,0,1
24,Civil,2,6.98,66.18,140,43,5,0,2,2,26,22,57,1,1,1
20,IT,2,8.37,75.39,411,49,5,1,4,2,92,28,60,0,1,1
23,EEE,3,7.06,76.45,70,57,2,2,1,2,21,15,48,0,0,1
18,ECE,2,6.12,86.47,87,54,1,2,2,0,20,12,40,0,1,1
19,Mechanical,1,7.49,81.06,206,60,7,5,2,3,30,0,54,1,1,1
21,IT,3,7.74,70.94,227,31,5,0,6,6,49,29,44,0,1,1
22,CSE,3,5.32,56.41,128,31,4,2,4,2,32,0,38,0,0,1
24,IT,3,8.37,76.97,202,37,4,0,6,2,60,18,57,0,0,1
21,ECE,3,7.69,75.0,138,39,3,1,3,2,21,9,44,0,1,1
21,IT,3,8.52,84.19,221,53,3,1,6,4,63,27,36,0,1,1
19,AIML,3,7.74,84.01,183,29,4,0,5,2,56,21,35,0,1,1
21,CSE,3,6.97,76.7,235,40,4,0,0,1,89,21,72,0,1,1
21,CSE,3,7.28,79.95,182,22,4,1,6,0,71,5,45,0,0,1
23,Civil,2,7.07,71.24,141,39,2,2,3,0,17,11,62,0,1,1
21,CSE,1,8.44,83.04,292,39,4,1,3,1,63,19,70,0,1,1
22,IT,1,7.07,74.85,314,31,7,0,3,2,75,33,40,1,1,1
23,CSE,2,7.77,88.89,197,41,6,3,2,7,58,37,66,0,1,1
19,CSE,2,8.46,78.67,326,50,6,0,4,3,74,28,60,0,1,1
21,EEE,1,7.93,74.07,314,30,6,0,4,2,48,21,70,1,1,1
23,Chemical,3,7.4,79.07,73,44,3,2,4,3,15,29,57,0,1,1
21,IT,3,7.69,85.3,250,39,3,0,4,0,61,18,42,0,1,1
21,Mechanical,2,6.91,77.8,126,27,3,1,4,1,14,9,52,0,1,1
23,Mechanical,2,5.64,71.1,67,33,1,1,0,0,19,16,57,1,0,1
20,EEE,3,6.5,70.47,59,46,4,1,1,0,17,9,80,0,0,1
23,Civil,1,7.08,66.5,162,64,3,3,2,3,29,30,47,0,1,1
21,CSE,2,7.78,83.18,190,25,7,3,3,3,53,13,52,0,1,1
21,CSE,3,6.57,79.34,172,50,1,0,5,5,55,32,60,1,0,1
20,ECE,1,7.08,57.92,171,31,7,2,2,1,30,20,58,0,1,1
21,ECE,3,7.98,69.6,114,47,2,1,2,2,18,10,56,0,0,1
19,IT,2,7.83,80.07,279,26,1,0,4,2,76,12,44,1,1,1
19,Chemical,1,9.92,73.76,1170,85,10,2,2,1,92,26,53,0,1,1
21,CSE,3,7.26,77.12,208,29,3,0,0,4,69,18,40,0,1,1
20,Chemical,3,6.04,62.41,58,31,4,2,4,1,24,20,48,0,0,1
21,ECE,1,9.56,74.75,197,43,4,4,3,1,27,25,57,0,1,1
19,Civil,2,8.01,67.59,124,35,1,2,6,2,23,26,50,1,0,1
20,IT,2,7.0,71.59,176,27,1,1,3,7,65,20,51,0,1,1
20,ECE,2,8.23,76.33,191,68,2,1,2,2,29,33,57,0,1,1
21,Mechanical,1,9.68,66.05,1108,93,8,2,2,1,72,14,63,0,1,1
20,ECE,2,8.53,70.09,194,58,3,0,2,3,22,15,53,0,1,1
20,Civil,3,7.54,71.13,139,36,3,1,1,0,13,25,35,1,0,1
21,ECE,3,6.99,69.95,71,28,4,1,4,0,21,11,30,0,0,1
22,CSE,3,7.58,68.84,185,44,1,2,2,3,64,18,39,0,1,1
22,Mechanical,2,8.32,80.81,219,57,4,2,4,3,26,12,39,0,0,0
20,ECE,3,6.68,68.39,185,23,2,0,1,1,28,3,42,0,1,1
23,Mechanical,2,7.54,75.21,104,70,3,0,4,0,28,13,36,1,0,1
21,IT,3,6.32,73.1,139,56,1,1,5,7,43,12,46,0,1,1
21,Mechanical,3,7.76,68.53,91,41,4,1,1,3,24,33,39,0,1,1
20,Mechanical,2,7.54,77.8,178,46,3,1,5,2,32,9,52,1,0,0
20,Chemical,3,7.89,76.32,106,47,0,1,0,2,21,2,42,0,0,1
21,IT,1,8.6,78.11,310,47,3,2,2,5,83,22,57,0,1,1
20,AIML,3,6.78,65.8,154,45,1,1,3,2,63,8,55,0,1,1
22,ECE,3,7.51,80.34,116,31,1,1,1,0,25,20,62,0,1,1
20,Mechanical,1,7.94,63.9,191,59,2,1,0,2,21,22,43,0,1,1
20,ECE,2,6.95,71.22,154,32,3,1,2,0,28,13,48,0,0,1
20,Civil,2,6.65,65.31,274,43,4,1,4,2,32,10,44,0,1,1
19,Chemical,2,8.8,75.15,184,47,5,1,4,3,22,16,62,0,0,1
21,Chemical,3,6.99,62.44,55,28,0,2,5,1,16,11,44,0,0,0
18,CSE,2,7.14,67.79,208,23,5,1,2,2,67,23,37,0,1,1
21,AIML,2,7.28,65.46,230,35,3,2,9,3,72,31,43,0,1,1
20,AIML,2,7.93,64.8,443,40,4,2,3,2,100,19,38,0,1,1
21,Chemical,2,7.1,76.31,93,52,3,1,6,1,25,16,46,1,0,1
24,Mechanical,1,7.08,67.55,245,30,3,2,0,1,39,18,71,0,1,1
23,CSE,2,7.63,72.85,243,54,4,3,3,3,69,19,45,1,1,1
21,ECE,3,7.95,77.84,112,24,5,2,4,0,19,17,48,0,1,1
21,Chemical,2,7.89,77.1,284,35,2,0,0,3,33,19,61,0,1,0
22,AIML,1,7.22,71.96,384,51,3,4,3,5,87,9,51,0,1,1
24,ECE,3,6.42,65.61,69,42,0,1,2,1,7,7,57,0,0,1
21,Mechanical,3,6.53,68.01,223,36,3,0,3,3,27,2,54,0,0,1
19,CSE,2,7.78,76.09,225,22,9,1,1,1,63,8,63,0,1,1
22,ECE,3,7.8,82.2,98,52,0,0,3,1,30,35,55,0,0,1
18,Civil,3,6.94,55.81,178,29,2,2,3,2,40,28,43,0,0,1
22,CSE,2,7.04,75.15,202,44,3,2,0,2,79,9,44,0,1,1
19,EEE,2,6.47,62.28,147,29,1,0,4,1,35,28,48,1,0,1
19,Civil,2,7.44,70.08,283,36,1,1,2,0,33,23,44,0,1,1
22,ECE,3,7.93,73.76,175,37,2,2,2,0,24,29,49,0,1,1
22,AIML,3,6.78,70.78,153,60,7,1,5,2,43,20,44,1,1,1
21,Mechanical,2,8.39,72.31,207,38,4,0,4,1,31,19,51,0,1,0
23,IT,1,6.86,79.86,241,22,3,2,6,1,60,16,56,0,1,1
23,IT,1,7.08,76.48,243,44,4,2,7,4,76,16,62,0,1,1
21,AIML,3,7.22,69.76,192,13,4,0,4,6,49,17,75,0,0,1
25,Chemical,2,7.63,85.33,118,29,2,1,3,1,23,14,40,0,1,1
21,Mechanical,1,7.54,69.0,257,59,4,3,5,1,38,7,61,1,1,1
20,CSE,3,7.57,68.66,192,37,6,0,4,3,44,9,65,0,1,1
23,AIML,3,7.54,74.7,199,34,5,0,5,3,29,29,47,0,0,1
21,Civil,2,8.51,73.01,123,73,4,0,6,2,25,11,48,0,0,1
23,Civil,3,7.41,76.33,122,40,2,0,1,2,24,20,38,1,0,1
19,IT,2,7.22,70.84,208,29,2,3,4,1,62,23,51,1,1,1
19,Mechanical,3,7.69,76.76,169,49,9,0,3,0,34,14,37,0,1,1
19,CSE,2,5.99,62.71,281,26,3,1,2,4,55,17,41,0,1,0
21,CSE,2,6.33,82.73,243,32,3,1,7,3,52,18,53,0,1,0
23,Civil,3,8.11,72.29,110,42,5,2,1,3,22,17,61,0,0,1
21,ECE,3,6.89,81.9,113,13,1,4,5,1,18,23,21,1,1,1
19,CSE,2,6.82,62.19,239,45,2,0,6,2,74,12,69,0,1,1
21,ECE,2,7.87,87.59,124,70,4,2,6,1,31,30,65,0,0,1
20,ECE,3,7.24,72.1,103,11,5,0,5,1,17,23,51,0,1,1
22,Chemical,3,8.16,74.27,124,62,2,0,5,1,23,19,33,0,0,1
22,CSE,3,6.99,54.49,207,34,6,1,3,4,57,18,51,0,1,1
19,Mechanical,3,8.43,67.5,161,36,2,0,3,0,23,33,46,0,0,1
21,Mechanical,2,7.2,66.09,111,42,0,0,3,0,22,10,35,0,0,1
22,Mechanical,2,8.29,68.45,116,53,1,2,2,1,28,39,66,0,1,1
20,Mechanical,2,7.57,78.34,95,43,5,0,2,0,10,11,52,1,0,1
21,Mechanical,2,6.8,68.41,128,25,1,1,3,1,29,16,62,0,0,1
21,ECE,3,7.29,73.02,190,35,1,1,5,2,20,22,43,0,0,1
21,CSE,2,7.59,75.37,185,42,2,0,3,3,64,9,60,0,0,1
19,Chemical,1,9.96,51.08,772,96,10,2,6,0,74,12,55,1,1,1
20,AIML,2,6.83,69.46,226,50,4,2,3,2,51,31,78,0,1,1
22,IT,1,8.97,92.79,409,29,6,2,6,3,96,28,58,0,1,1
20,CSE,2,7.71,81.82,239,44,5,0,9,4,63,5,26,1,0,1
22,IT,2,5.63,70.98,133,27,3,1,3,3,35,7,68,0,1,1
21,IT,2,7.67,75.17,234,41,6,0,4,1,66,23,36,0,1,1
21,IT,3,7.78,84.52,210,54,4,0,5,2,59,24,63,1,0,1
22,IT,2,5.8,72.37,138,20,1,0,4,3,32,0,34,0,0,1
21,EEE,2,6.9,70.64,226,26,1,4,3,0,26,25,61,0,1,1
20,Chemical,3,8.14,78.23,78,28,3,1,2,2,13,0,36,0,1,1
19,ECE,3,7.49,79.32,162,41,4,1,3,0,24,29,56,0,1,1
22,Chemical,3,7.49,82.46,92,28,2,2,2,0,19,16,49,1,1,1
21,CSE,2,6.48,60.6,187,22,3,1,2,1,43,8,63,0,1,1
22,IT,2,6.77,72.28,163,39,4,1,2,2,48,19,63,1,0,1
21,CSE,1,6.59,77.59,239,28,2,1,0,3,61,28,65,0,1,1
21,EEE,1,6.15,65.28,298,26,4,1,4,2,44,18,38,0,1,1
20,Chemical,3,5.18,64.9,117,32,1,0,0,2,22,3,67,0,0,1
20,AIML,2,9.27,90.86,239,41,5,2,1,3,70,15,57,0,1,1
23,Mechanical,2,6.88,73.36,176,42,3,1,7,2,23,12,41,0,0,1
19,Mechanical,2,7.74,69.22,111,56,3,0,1,3,13,0,43,1,0,1
23,CSE,2,8.46,66.79,230,38,2,2,1,0,60,31,63,1,1,1
18,ECE,1,7.88,74.13,208,55,5,2,2,2,33,29,52,0,1,1
21,CSE,3,7.27,68.85,188,25,3,0,2,2,65,17,52,1,0,1
19,IT,2,7.8,83.51,264,67,7,2,2,4,72,16,42,0,1,1
22,Mechanical,1,9.49,74.91,190,58,8,1,8,3,29,22,65,0,1,1
20,AIML,3,7.4,79.65,156,32,5,0,6,4,53,28,56,0,1,1
21,Chemical,3,6.11,69.12,61,45,3,0,1,2,28,0,32,0,0,1
23,Mechanical,1,6.82,68.33,160,24,4,1,3,1,39,11,45,1,1,1
22,AIML,2,6.69,69.11,193,14,4,1,6,1,44,20,56,1,1,1
20,ECE,2,7.33,81.96,89,26,1,2,6,1,27,9,65,0,0,1
22,EEE,1,6.72,76.77,173,18,2,1,2,1,29,15,64,0,1,1
21,EEE,2,6.99,73.66,110,19,5,1,5,4,29,8,52,0,1,0
18,ECE,3,7.2,68.54,119,47,3,1,2,6,29,21,47,0,0,1
21,IT,2,8.33,81.58,217,54,3,0,4,5,64,17,62,1,1,1
22,Chemical,1,6.98,72.93,222,29,3,1,2,3,33,18,57,0,1,1
21,CSE,3,7.85,71.93,217,61,5,0,9,4,57,22,31,0,1,1
22,EEE,3,7.55,67.48,86,25,4,0,3,3,20,18,48,0,0,1
22,CSE,2,8.08,71.64,219,59,5,2,2,0,70,19,58,0,1,1
21,ECE,2,5.46,59.74,92,16,3,1,1,1,26,16,60,0,1,1
20,CSE,2,5.97,63.12,254,34,3,0,5,1,55,16,64,1,1,1
22,CSE,3,6.04,88.02,180,25,6,0,1,6,47,5,44,1,0,1
21,CSE,3,8.49,64.12,221,44,3,4,2,3,55,34,29,1,1,1
20,Chemical,3,6.68,77.39,123,37,6,0,1,3,19,11,50,1,0,1
20,CSE,1,6.74,74.87,270,29,3,1,8,2,69,22,71,0,1,1
23,IT,2,7.39,62.41,265,38,3,0,7,1,65,12,57,0,1,1
20,ECE,2,9.24,85.21,170,41,2,1,1,5,29,26,55,1,1,1
20,CSE,1,7.16,87.37,396,21,6,5,4,2,89,4,46,0,1,1
20,Chemical,2,6.93,72.0,259,13,2,2,1,1,31,2,60,0,1,0
19,CSE,2,8.31,83.0,259,46,3,2,5,1,94,21,59,1,1,1
25,Civil,3,7.55,73.05,220,63,2,1,1,1,25,34,47,0,0,1
21,CSE,3,7.34,76.33,150,29,1,2,1,2,60,20,32,0,0,1
22,IT,1,7.34,60.3,247,48,3,3,3,1,67,24,75,0,1,1
22,Mechanical,1,7.99,75.55,198,57,4,2,3,1,25,13,74,0,1,1
21,CSE,3,5.05,66.21,194,20,3,2,3,5,71,15,48,1,0,1
22,Mechanical,3,7.57,71.12,111,31,0,0,4,1,24,24,72,0,0,1
24,ECE,1,6.67,81.57,160,40,6,4,1,1,40,18,71,0,1,1
22,ECE,3,8.58,77.09,95,57,2,0,4,2,21,28,46,0,1,1
22,CSE,2,8.38,75.7,233,55,2,4,9,4,61,24,61,1,1,1
21,AIML,3,7.99,72.95,204,30,6,2,7,4,44,17,64,0,1,1
23,Mechanical,2,9.17,76.29,244,76,0,2,6,3,32,32,49,0,1,1
19,CSE,3,9.6,79.68,241,51,5,3,7,6,71,37,46,0,1,1
22,IT,2,7.48,71.92,191,38,0,1,2,5,49,18,35,0,0,1
21,IT,2,7.52,77.13,251,43,5,0,2,1,85,16,36,0,1,1
21,AIML,2,8.1,79.78,208,58,3,1,5,4,68,21,67,0,1,1
23,IT,2,8.01,85.83,222,75,11,0,5,1,48,24,29,0,1,1
21,CSE,1,5.71,65.15,220,31,6,2,1,1,59,23,57,1,1,1
18,CSE,3,7.1,65.7,167,25,6,0,3,2,54,24,68,0,1,1
22,ECE,1,6.97,73.41,237,41,2,1,3,2,31,11,53,0,1,1
24,ECE,2,7.83,76.35,106,50,3,2,3,2,26,5,55,0,0,1
22,Chemical,1,8.11,82.53,195,37,10,1,4,2,32,21,51,0,0,0
23,ECE,3,7.34,63.8,101,23,3,1,2,2,31,16,60,1,1,1
23,ECE,2,6.88,71.5,161,54,1,2,3,6,18,25,38,0,1,1
23,CSE,2,7.02,80.54,175,53,5,0,5,2,52,18,63,0,1,1
20,Mechanical,2,9.05,85.15,195,52,5,0,2,0,24,18,60,0,1,1
21,ECE,2,5.43,75.62,85,45,0,1,3,2,27,7,46,0,1,1
23,Mechanical,3,9.92,79.24,165,53,4,1,1,4,26,36,37,0,1,1
23,CSE,2,9.07,63.59,282,33,10,2,10,0,87,28,63,0,1,1
20,EEE,3,7.19,74.76,66,53,4,2,1,0,17,20,43,0,0,1
20,Mechanical,3,7.88,78.49,123,42,3,2,3,2,26,14,60,0,1,1
20,IT,1,7.64,69.81,233,69,6,4,3,2,67,0,54,0,1,1
22,ECE,3,7.19,75.49,154,17,3,2,1,1,23,26,53,0,1,1
23,CSE,1,7.35,74.32,307,46,5,0,1,4,65,4,57,1,1,1
21,AIML,3,6.77,61.31,151,21,3,0,1,7,72,19,32,0,1,1
19,CSE,2,8.09,83.1,204,56,5,1,7,3,62,16,39,1,0,1
20,IT,2,6.75,61.01,198,50,5,0,4,3,55,12,57,0,1,1
23,CSE,2,7.54,79.07,336,30,10,0,2,0,82,12,56,0,1,1
